cik,filer_cik,ticker,fiscal_year,report_date,filing_date,accession,path,error
0000320193,0000320193,AAPL,2007,2007-09-29,2007-11-15,0001047469-07-009340,data/raw/0000320193/000104746907009340/a2181030z10-k.htm,
0000320193,0000320193,AAPL,2008,2008-09-27,2008-11-05,0001193125-08-224958,data/raw/0000320193/000119312508224958/d10k.htm,
0000320193,0000320193,AAPL,2009,2009-09-26,2009-10-27,0001193125-09-214859,data/raw/0000320193/000119312509214859/d10k.htm,
0000320193,0000320193,AAPL,2010,2010-09-25,2010-10-27,0001193125-10-238044,data/raw/0000320193/000119312510238044/d10k.htm,
0000320193,0000320193,AAPL,2011,2011-09-24,2011-10-26,0001193125-11-282113,data/raw/0000320193/000119312511282113/d220209d10k.htm,
0000320193,0000320193,AAPL,2012,2012-09-29,2012-10-31,0001193125-12-444068,data/raw/0000320193/000119312512444068/d411355d10k.htm,
0000320193,0000320193,AAPL,2013,2013-09-28,2013-10-30,0001193125-13-416534,data/raw/0000320193/000119312513416534/d590790d10k.htm,
0000320193,0000320193,AAPL,2014,2014-09-27,2014-10-27,0001193125-14-383437,data/raw/0000320193/000119312514383437/d783162d10k.htm,
0000320193,0000320193,AAPL,2015,2015-09-26,2015-10-28,0001193125-15-356351,data/raw/0000320193/000119312515356351/d17062d10k.htm,
0000320193,0000320193,AAPL,2016,2016-09-24,2016-10-26,0001628280-16-020309,data/raw/0000320193/000162828016020309/a201610-k9242016.htm,
0000320193,0000320193,AAPL,2017,2017-09-30,2017-11-03,0000320193-17-000070,data/raw/0000320193/000032019317000070/a10-k20179302017.htm,
0000320193,0000320193,AAPL,2018,2018-09-29,2018-11-05,0000320193-18-000145,data/raw/0000320193/000032019318000145/a10-k20189292018.htm,
0000320193,0000320193,AAPL,2019,2019-09-28,2019-10-31,0000320193-19-000119,data/raw/0000320193/000032019319000119/a10-k20199282019.htm,
0000320193,0000320193,AAPL,2020,2020-09-26,2020-10-30,0000320193-20-000096,data/raw/0000320193/000032019320000096/aapl-20200926.htm,
0000320193,0000320193,AAPL,2021,2021-09-25,2021-10-29,0000320193-21-000105,data/raw/0000320193/000032019321000105/aapl-20210925.htm,
0000320193,0000320193,AAPL,2022,2022-09-24,2022-10-28,0000320193-22-000108,data/raw/0000320193/000032019322000108/aapl-20220924.htm,
0000320193,0000320193,AAPL,2023,2023-09-30,2023-11-03,0000320193-23-000106,data/raw/0000320193/000032019323000106/aapl-20230930.htm,
0000320193,0000320193,AAPL,2024,2024-09-28,2024-11-01,0000320193-24-000123,data/raw/0000320193/000032019324000123/aapl-20240928.htm,
0000320193,0000320193,AAPL,2025,2025-09-27,2025-10-31,0000320193-25-000079,data/raw/0000320193/000032019325000079/aapl-20250927.htm,
0001551152,0001551152,ABBV,2012,2012-12-31,2013-03-15,0001047469-13-002827,data/raw/0001551152/000104746913002827/a2213529z10-k.htm,
0001551152,0001551152,ABBV,2013,2013-12-31,2014-02-21,0001047469-14-001154,data/raw/0001551152/000104746914001154/a2217723z10-k.htm,
0001551152,0001551152,ABBV,2014,2014-12-31,2015-02-20,0001047469-15-000995,data/raw/0001551152/000104746915000995/a2223058z10-k.htm,
0001551152,0001551152,ABBV,2015,2015-12-31,2016-02-19,0001047469-16-010239,data/raw/0001551152/000104746916010239/a2227341z10-k.htm,
0001551152,0001551152,ABBV,2016,2016-12-31,2017-02-17,0001551152-17-000004,data/raw/0001551152/000155115217000004/abbv-12312016x10k.htm,
0001551152,0001551152,ABBV,2017,2017-12-31,2018-02-16,0001551152-18-000014,data/raw/0001551152/000155115218000014/abbv-20171231x10k.htm,
0001551152,0001551152,ABBV,2018,2018-12-31,2019-02-27,0001551152-19-000008,data/raw/0001551152/000155115219000008/abbv-20181231x10k.htm,
0001551152,0001551152,ABBV,2019,2019-12-31,2020-02-21,0001551152-20-000007,data/raw/0001551152/000155115220000007/abbv-20191231x10k.htm,
0001551152,0001551152,ABBV,2020,2020-12-31,2021-02-19,0001551152-21-000008,data/raw/0001551152/000155115221000008/abbv-20201231.htm,
0001551152,0001551152,ABBV,2021,2021-12-31,2022-02-18,0001551152-22-000007,data/raw/0001551152/000155115222000007/abbv-20211231.htm,
0001551152,0001551152,ABBV,2022,2022-12-31,2023-02-17,0001551152-23-000011,data/raw/0001551152/000155115223000011/abbv-20221231.htm,
0001551152,0001551152,ABBV,2023,2023-12-31,2024-02-20,0001551152-24-000011,data/raw/0001551152/000155115224000011/abbv-20231231.htm,
0001551152,0001551152,ABBV,2024,2024-12-31,2025-02-14,0001551152-25-000020,data/raw/0001551152/000155115225000020/abbv-20241231.htm,
0001551152,0001551152,ABBV,2025,2025-12-31,2026-02-20,0001551152-26-000008,data/raw/0001551152/000155115226000008/abbv-20251231.htm,
0000001800,0000001800,ABT,2007,2007-12-31,2008-02-19,0001047469-08-001480,data/raw/0000001800/000104746908001480/a2182445z10-k.htm,
0000001800,0000001800,ABT,2008,2008-12-31,2009-02-20,0001047469-09-001642,data/raw/0000001800/000104746909001642/a2188623z10-k.htm,
0000001800,0000001800,ABT,2009,2009-12-31,2010-02-19,0001047469-10-001018,data/raw/0000001800/000104746910001018/a2196380z10-k.htm,
0000001800,0000001800,ABT,2010,2010-12-31,2011-02-18,0001047469-11-001056,data/raw/0000001800/000104746911001056/a2201962z10-k.htm,
0000001800,0000001800,ABT,2011,2011-12-31,2012-02-21,0001047469-12-001216,data/raw/0000001800/000104746912001216/a2207147z10-k.htm,
0000001800,0000001800,ABT,2012,2012-12-31,2013-02-15,0001047469-13-001180,data/raw/0000001800/000104746913001180/a2212523z10-k.htm,
0000001800,0000001800,ABT,2013,2013-12-31,2014-02-21,0001047469-14-001176,data/raw/0000001800/000104746914001176/a2218043z10-k.htm,
0000001800,0000001800,ABT,2014,2014-12-31,2015-02-27,0001047469-15-001377,data/raw/0000001800/000104746915001377/a2222655z10-k.htm,
0000001800,0000001800,ABT,2015,2015-12-31,2016-02-19,0001047469-16-010246,data/raw/0000001800/000104746916010246/a2227279z10-k.htm,
0000001800,0000001800,ABT,2016,2016-12-31,2017-02-17,0001047469-17-000744,data/raw/0000001800/000104746917000744/a2230875z10-k.htm,
0000001800,0000001800,ABT,2017,2017-12-31,2018-02-16,0001047469-18-000856,data/raw/0000001800/000104746918000856/a2234264z10-k.htm,
0000001800,0000001800,ABT,2018,2018-12-31,2019-02-22,0001047469-19-000624,data/raw/0000001800/000104746919000624/a2237733z10-k.htm,
0000001800,0000001800,ABT,2019,2019-12-31,2020-02-21,0001104659-20-023904,data/raw/0000001800/000110465920023904/abt-20191231x10k59d41b.htm,
0000001800,0000001800,ABT,2020,2020-12-31,2021-02-19,0001104659-21-025751,data/raw/0000001800/000110465921025751/abt-20201231x10k.htm,
0000001800,0000001800,ABT,2021,2021-12-31,2022-02-18,0001104659-22-025141,data/raw/0000001800/000110465922025141/abt-20211231x10k.htm,
0000001800,0000001800,ABT,2022,2022-12-31,2023-02-17,0001628280-23-004026,data/raw/0000001800/000162828023004026/abt-20221231.htm,
0000001800,0000001800,ABT,2023,2023-12-31,2024-02-16,0001628280-24-005348,data/raw/0000001800/000162828024005348/abt-20231231.htm,
0000001800,0000001800,ABT,2024,2024-12-31,2025-02-21,0001628280-25-007110,data/raw/0000001800/000162828025007110/abt-20241231.htm,
0000001800,0000001800,ABT,2025,2025-12-31,2026-02-20,0001628280-26-010185,data/raw/0000001800/000162828026010185/abt-20251231.htm,
0001467373,0001467373,ACN,2009,2009-08-31,2009-10-19,0001193125-09-209671,data/raw/0001467373/000119312509209671/d10k.htm,
0001467373,0001467373,ACN,2010,2010-08-31,2010-10-26,0001193125-10-235847,data/raw/0001467373/000119312510235847/d10k.htm,
0001467373,0001467373,ACN,2011,2011-08-31,2011-10-21,0001193125-11-277309,data/raw/0001467373/000119312511277309/d222389d10k.htm,
0001467373,0001467373,ACN,2012,2012-08-31,2012-10-30,0001467373-12-000170,data/raw/0001467373/000146737312000170/acn831201210k.htm,
0001467373,0001467373,ACN,2013,2013-08-31,2013-10-29,0001467373-13-000482,data/raw/0001467373/000146737313000482/acn831201310k.htm,
0001467373,0001467373,ACN,2014,2014-08-31,2014-10-24,0001467373-14-000467,data/raw/0001467373/000146737314000467/acn831201410k.htm,
0001467373,0001467373,ACN,2015,2015-08-31,2015-10-30,0001467373-15-000457,data/raw/0001467373/000146737315000457/acn831201510k.htm,
0001467373,0001467373,ACN,2016,2016-08-31,2016-10-28,0001467373-16-001080,data/raw/0001467373/000146737316001080/acn831201610k.htm,
0001467373,0001467373,ACN,2017,2017-08-31,2017-10-26,0001467373-17-000430,data/raw/0001467373/000146737317000430/acn831201710k.htm,
0001467373,0001467373,ACN,2018,2018-08-31,2018-10-24,0001467373-18-000318,data/raw/0001467373/000146737318000318/acn831201810k.htm,
0001467373,0001467373,ACN,2019,2019-08-31,2019-10-29,0001467373-19-000339,data/raw/0001467373/000146737319000339/acn831201910k.htm,
0001467373,0001467373,ACN,2020,2020-08-31,2020-10-22,0001467373-20-000376,data/raw/0001467373/000146737320000376/acn-20200831.htm,
0001467373,0001467373,ACN,2021,2021-08-31,2021-10-15,0001467373-21-000229,data/raw/0001467373/000146737321000229/acn-20210831.htm,
0001467373,0001467373,ACN,2022,2022-08-31,2022-10-12,0001467373-22-000295,data/raw/0001467373/000146737322000295/acn-20220831.htm,
0001467373,0001467373,ACN,2023,2023-08-31,2023-10-12,0001467373-23-000324,data/raw/0001467373/000146737323000324/acn-20230831.htm,
0001467373,0001467373,ACN,2024,2024-08-31,2024-10-10,0001467373-24-000278,data/raw/0001467373/000146737324000278/acn-20240831.htm,
0001467373,0001467373,ACN,2025,2025-08-31,2025-10-10,0001467373-25-000217,data/raw/0001467373/000146737325000217/acn-20250831.htm,
0000796343,0000796343,ADBE,2007,2007-11-30,2008-01-24,0001047469-08-000497,data/raw/0000796343/000104746908000497/a2181848z10-k.htm,
0000796343,0000796343,ADBE,2008,2008-11-28,2009-01-23,0000796343-09-000007,data/raw/0000796343/000079634309000007/form_10k.htm,
0000796343,0000796343,ADBE,2009,2009-11-27,2010-01-22,0000796343-10-000003,data/raw/0000796343/000079634310000003/form_10k.htm,
0000796343,0000796343,ADBE,2010,2010-12-03,2011-01-27,0000796343-11-000003,data/raw/0000796343/000079634311000003/form_10k.htm,
0000796343,0000796343,ADBE,2011,2011-12-02,2012-01-26,0000796343-12-000003,data/raw/0000796343/000079634312000003/adbe10kfy11.htm,
0000796343,0000796343,ADBE,2012,2012-11-30,2013-01-22,0000796343-13-000008,data/raw/0000796343/000079634313000008/adbe10kfy12.htm,
0000796343,0000796343,ADBE,2013,2013-11-29,2014-01-21,0000796343-14-000004,data/raw/0000796343/000079634314000004/adbe10kfy13.htm,
0000796343,0000796343,ADBE,2014,2014-11-28,2015-01-20,0000796343-15-000022,data/raw/0000796343/000079634315000022/adbe10kfy14.htm,
0000796343,0000796343,ADBE,2015,2015-11-27,2016-01-19,0000796343-16-000224,data/raw/0000796343/000079634316000224/adbe10kfy15.htm,
0000796343,0000796343,ADBE,2016,2016-12-02,2017-01-20,0000796343-17-000031,data/raw/0000796343/000079634317000031/adbe10kfy16.htm,
0000796343,0000796343,ADBE,2017,2017-12-01,2018-01-22,0000796343-18-000015,data/raw/0000796343/000079634318000015/adbe10kfy17.htm,
0000796343,0000796343,ADBE,2018,2018-11-30,2019-01-25,0000796343-19-000019,data/raw/0000796343/000079634319000019/adbe10kfy18.htm,
0000796343,0000796343,ADBE,2019,2019-11-29,2020-01-21,0000796343-20-000013,data/raw/0000796343/000079634320000013/adbe10kfy19.htm,
0000796343,0000796343,ADBE,2020,2020-11-27,2021-01-15,0000796343-21-000004,data/raw/0000796343/000079634321000004/adbe-20201127.htm,
0000796343,0000796343,ADBE,2021,2021-12-03,2022-01-21,0000796343-22-000032,data/raw/0000796343/000079634322000032/adbe-20211203.htm,
0000796343,0000796343,ADBE,2022,2022-12-02,2023-01-17,0000796343-23-000007,data/raw/0000796343/000079634323000007/adbe-20221202.htm,
0000796343,0000796343,ADBE,2023,2023-12-01,2024-01-17,0000796343-24-000006,data/raw/0000796343/000079634324000006/adbe-20231201.htm,
0000796343,0000796343,ADBE,2024,2024-11-29,2025-01-13,0000796343-25-000004,data/raw/0000796343/000079634325000004/adbe-20241129.htm,
0000796343,0000796343,ADBE,2025,2025-11-28,2026-01-15,0000796343-26-000003,data/raw/0000796343/000079634326000003/adbe-20251128.htm,
0000006951,0000006951,AMAT,2007,2007-10-28,2007-12-14,0000891618-07-000682,data/raw/0000006951/000089161807000682/f36116e10vk.htm,
0000006951,0000006951,AMAT,2008,2008-10-26,2008-12-12,0000950134-08-022104,data/raw/0000006951/000095013408022104/f50137e10vk.htm,
0000006951,0000006951,AMAT,2009,2009-10-25,2009-12-11,0000950123-09-070205,data/raw/0000006951/000095012309070205/f53510e10vk.htm,
0000006951,0000006951,AMAT,2010,2010-10-31,2010-12-10,0000950123-10-112754,data/raw/0000006951/000095012310112754/f56996e10vk.htm,
0000006951,0000006951,AMAT,2011,2011-10-30,2011-12-06,0001193125-11-332050,data/raw/0000006951/000119312511332050/d250870d10k.htm,
0000006951,0000006951,AMAT,2012,2012-10-28,2012-12-05,0000006951-12-000018,data/raw/0000006951/000000695112000018/amat10282012-10kdoc.htm,
0000006951,0000006951,AMAT,2013,2013-10-27,2013-12-04,0000006951-13-000044,data/raw/0000006951/000000695113000044/amat10272013-10kdoc.htm,
0000006951,0000006951,AMAT,2014,2014-10-26,2014-12-17,0000006951-14-000037,data/raw/0000006951/000000695114000037/amat10262014-10kdoc.htm,
0000006951,0000006951,AMAT,2015,2015-10-25,2015-12-09,0000006951-15-000034,data/raw/0000006951/000000695115000034/amat10252015-10xkdoc.htm,
0000006951,0000006951,AMAT,2016,2016-10-30,2016-12-15,0000006951-16-000068,data/raw/0000006951/000000695116000068/amat10302016-10k.htm,
0000006951,0000006951,AMAT,2017,2017-10-29,2017-12-15,0000006951-17-000038,data/raw/0000006951/000000695117000038/amat1029201710-kq42017.htm,
0000006951,0000006951,AMAT,2018,2018-10-28,2018-12-13,0000006951-18-000041,data/raw/0000006951/000000695118000041/amat1028201810-kq42018.htm,
0000006951,0000006951,AMAT,2019,2019-10-27,2019-12-13,0000006951-19-000046,data/raw/0000006951/000000695119000046/amat-20191027.htm,
0000006951,0000006951,AMAT,2020,2020-10-25,2020-12-11,0000006951-20-000048,data/raw/0000006951/000000695120000048/amat-20201025.htm,
0000006951,0000006951,AMAT,2021,2021-10-31,2021-12-17,0000006951-21-000043,data/raw/0000006951/000000695121000043/amat-20211031.htm,
0000006951,0000006951,AMAT,2022,2022-10-30,2022-12-16,0000006951-22-000043,data/raw/0000006951/000000695122000043/amat-20221030.htm,
0000006951,0000006951,AMAT,2023,2023-10-29,2023-12-15,0000006951-23-000041,data/raw/0000006951/000000695123000041/amat-20231029.htm,
0000006951,0000006951,AMAT,2024,2024-10-27,2024-12-13,0000006951-24-000044,data/raw/0000006951/000000695124000044/amat-20241027.htm,
0000006951,0000006951,AMAT,2025,2025-10-26,2025-12-12,0001628280-25-056742,data/raw/0000006951/000162828025056742/amat-20251026.htm,
0000002488,0000002488,AMD,2007,2007-12-29,2008-02-26,0001193125-08-038588,data/raw/0000002488/000119312508038588/d10k.htm,
0000002488,0000002488,AMD,2008,2008-12-27,2009-02-24,0001193125-09-036235,data/raw/0000002488/000119312509036235/d10k.htm,
0000002488,0000002488,AMD,2009,2009-12-26,2010-02-19,0001193125-10-035218,data/raw/0000002488/000119312510035218/d10k.htm,
0000002488,0000002488,AMD,2010,2010-12-25,2011-02-18,0001193125-11-040392,data/raw/0000002488/000119312511040392/d10k.htm,
0000002488,0000002488,AMD,2011,2011-12-31,2012-02-24,0001193125-12-075837,data/raw/0000002488/000119312512075837/d257108d10k.htm,
0000002488,0000002488,AMD,2012,2012-12-29,2013-02-21,0001193125-13-069422,data/raw/0000002488/000119312513069422/d486815d10k.htm,
0000002488,0000002488,AMD,2013,2013-12-28,2014-02-18,0001193125-14-057240,data/raw/0000002488/000119312514057240/d674550d10k.htm,
0000002488,0000002488,AMD,2014,2014-12-27,2015-02-19,0001193125-15-054362,data/raw/0000002488/000119312515054362/d871455d10k.htm,
0000002488,0000002488,AMD,2015,2015-12-26,2016-02-18,0000002488-16-000111,data/raw/0000002488/000000248816000111/amd-12262015x10k.htm,
0000002488,0000002488,AMD,2016,2016-12-31,2017-02-21,0000002488-17-000043,data/raw/0000002488/000000248817000043/amd-12312016x10k.htm,
0000002488,0000002488,AMD,2017,2017-12-30,2018-02-27,0000002488-18-000042,data/raw/0000002488/000000248818000042/amd-12302017x10k.htm,
0000002488,0000002488,AMD,2018,2018-12-29,2019-02-08,0000002488-19-000011,data/raw/0000002488/000000248819000011/amd-12292018x10k.htm,
0000002488,0000002488,AMD,2019,2019-12-28,2020-02-04,0000002488-20-000008,data/raw/0000002488/000000248820000008/amdform10-kfy2019.htm,
0000002488,0000002488,AMD,2020,2020-12-26,2021-01-29,0001628280-21-001185,data/raw/0000002488/000162828021001185/amd-20201226.htm,
0000002488,0000002488,AMD,2021,2021-12-25,2022-02-03,0000002488-22-000016,data/raw/0000002488/000000248822000016/amd-20211225.htm,
0000002488,0000002488,AMD,2022,2022-12-31,2023-02-27,0000002488-23-000047,data/raw/0000002488/000000248823000047/amd-20221231.htm,
0000002488,0000002488,AMD,2023,2023-12-30,2024-01-31,0000002488-24-000012,data/raw/0000002488/000000248824000012/amd-20231230.htm,
0000002488,0000002488,AMD,2024,2024-12-28,2025-02-05,0000002488-25-000012,data/raw/0000002488/000000248825000012/amd-20241228.htm,
0000002488,0000002488,AMD,2025,2025-12-27,2026-02-04,0000002488-26-000018,data/raw/0000002488/000000248826000018/amd-20251227.htm,
0000318154,0000318154,AMGN,2007,2007-12-31,2008-02-28,0001193125-08-040431,data/raw/0000318154/000119312508040431/d10k.htm,
0000318154,0000318154,AMGN,2008,2008-12-31,2009-02-27,0001193125-09-041091,data/raw/0000318154/000119312509041091/d10k.htm,
0000318154,0000318154,AMGN,2009,2009-12-31,2010-03-01,0001193125-10-044311,data/raw/0000318154/000119312510044311/d10k.htm,
0000318154,0000318154,AMGN,2010,2010-12-31,2011-02-25,0000950123-11-018800,data/raw/0000318154/000095012311018800/v57113e10vk.htm,
0000318154,0000318154,AMGN,2011,2011-12-31,2012-02-29,0001193125-12-086670,data/raw/0000318154/000119312512086670/d241420d10k.htm,
0000318154,0000318154,AMGN,2012,2012-12-31,2013-02-27,0001445305-13-000364,data/raw/0000318154/000144530513000364/amgn-12312012x10k.htm,
0000318154,0000318154,AMGN,2013,2013-12-31,2014-02-24,0000318154-14-000004,data/raw/0000318154/000031815414000004/amgn-12312013x10k.htm,
0000318154,0000318154,AMGN,2014,2014-12-31,2015-02-19,0000318154-15-000005,data/raw/0000318154/000031815415000005/amgn-12312014x10k.htm,
0000318154,0000318154,AMGN,2015,2015-12-31,2016-02-16,0000318154-16-000031,data/raw/0000318154/000031815416000031/amgn-12312015x10k.htm,
0000318154,0000318154,AMGN,2016,2016-12-31,2017-02-14,0000318154-17-000004,data/raw/0000318154/000031815417000004/amgn-12312016x10k.htm,
0000318154,0000318154,AMGN,2017,2017-12-31,2018-02-13,0000318154-18-000004,data/raw/0000318154/000031815418000004/amgn-12312017x10k.htm,
0000318154,0000318154,AMGN,2018,2018-12-31,2019-02-13,0000318154-19-000008,data/raw/0000318154/000031815419000008/amgn-12312018x10kq42018.htm,
0000318154,0000318154,AMGN,2019,2019-12-31,2020-02-12,0000318154-20-000017,data/raw/0000318154/000031815420000017/amgn-12312019x10kq42019.htm,
0000318154,0000318154,AMGN,2020,2020-12-31,2021-02-09,0000318154-21-000010,data/raw/0000318154/000031815421000010/amgn-20201231.htm,
0000318154,0000318154,AMGN,2021,2021-12-31,2022-02-16,0000318154-22-000010,data/raw/0000318154/000031815422000010/amgn-20211231.htm,
0000318154,0000318154,AMGN,2022,2022-12-31,2023-02-09,0000318154-23-000017,data/raw/0000318154/000031815423000017/amgn-20221231.htm,
0000318154,0000318154,AMGN,2023,2023-12-31,2024-02-14,0000318154-24-000011,data/raw/0000318154/000031815424000011/amgn-20231231.htm,
0000318154,0000318154,AMGN,2024,2024-12-31,2025-02-14,0000318154-25-000010,data/raw/0000318154/000031815425000010/amgn-20241231.htm,
0000318154,0000318154,AMGN,2025,2025-12-31,2026-02-13,0000318154-26-000010,data/raw/0000318154/000031815426000010/amgn-20251231.htm,
0001053507,0001053507,AMT,2007,2007-12-31,2008-03-14,0001193125-08-057075,data/raw/0001053507/000119312508057075/d10k.htm,
0001053507,0001053507,AMT,2008,2008-12-31,2009-02-26,0001193125-09-039177,data/raw/0001053507/000119312509039177/d10k.htm,
0001053507,0001053507,AMT,2009,2009-12-31,2010-03-01,0001193125-10-044876,data/raw/0001053507/000119312510044876/d10k.htm,
0001053507,0001053507,AMT,2010,2010-12-31,2011-02-28,0001193125-11-050129,data/raw/0001053507/000119312511050129/d10k.htm,
0001053507,0001053507,AMT,2011,2011-12-31,2012-02-29,0001193125-12-086162,data/raw/0001053507/000119312512086162/d278077d10k.htm,
0001053507,0001053507,AMT,2012,2012-12-31,2013-02-27,0001193125-13-077821,data/raw/0001053507/000119312513077821/d448028d10k.htm,
0001053507,0001053507,AMT,2013,2013-12-31,2014-02-26,0001193125-14-068001,data/raw/0001053507/000119312514068001/d636311d10k.htm,
0001053507,0001053507,AMT,2014,2014-12-31,2015-02-24,0001193125-15-059026,data/raw/0001053507/000119312515059026/d846752d10k.htm,
0001053507,0001053507,AMT,2015,2015-12-31,2016-02-26,0001053507-16-000018,data/raw/0001053507/000105350716000018/amt1231201510k.htm,
0001053507,0001053507,AMT,2016,2016-12-31,2017-02-27,0001053507-17-000009,data/raw/0001053507/000105350717000009/amt1231201610k.htm,
0001053507,0001053507,AMT,2017,2017-12-31,2018-02-28,0001053507-18-000006,data/raw/0001053507/000105350718000006/amt1231201710k.htm,
0001053507,0001053507,AMT,2018,2018-12-31,2019-02-27,0001053507-19-000012,data/raw/0001053507/000105350719000012/amt1231201810k.htm,
0001053507,0001053507,AMT,2019,2019-12-31,2020-02-25,0001053507-20-000028,data/raw/0001053507/000105350720000028/amt1231201910k.htm,
0001053507,0001053507,AMT,2020,2020-12-31,2021-02-25,0001053507-21-000026,data/raw/0001053507/000105350721000026/amt-20201231.htm,
0001053507,0001053507,AMT,2021,2021-12-31,2022-02-25,0001053507-22-000017,data/raw/0001053507/000105350722000017/amt-20211231.htm,
0001053507,0001053507,AMT,2022,2022-12-31,2023-02-23,0001053507-23-000023,data/raw/0001053507/000105350723000023/amt-20221231.htm,
0001053507,0001053507,AMT,2023,2023-12-31,2024-02-27,0001053507-24-000011,data/raw/0001053507/000105350724000011/amt-20231231.htm,
0001053507,0001053507,AMT,2024,2024-12-31,2025-02-25,0001053507-25-000025,data/raw/0001053507/000105350725000025/amt-20241231.htm,
0001053507,0001053507,AMT,2025,2025-12-31,2026-02-24,0001053507-26-000035,data/raw/0001053507/000105350726000035/amt-20251231.htm,
0001018724,0001018724,AMZN,2007,2007-12-31,2008-02-11,0001193125-08-024707,data/raw/0001018724/000119312508024707/d10k.htm,
0001018724,0001018724,AMZN,2008,2008-12-31,2009-01-30,0001193125-09-014406,data/raw/0001018724/000119312509014406/d10k.htm,
0001018724,0001018724,AMZN,2009,2009-12-31,2010-01-29,0001193125-10-016098,data/raw/0001018724/000119312510016098/d10k.htm,
0001018724,0001018724,AMZN,2010,2010-12-31,2011-01-28,0001193125-11-016253,data/raw/0001018724/000119312511016253/d10k.htm,
0001018724,0001018724,AMZN,2011,2011-12-31,2012-02-01,0001193125-12-032846,data/raw/0001018724/000119312512032846/d269317d10k.htm,
0001018724,0001018724,AMZN,2012,2012-12-31,2013-01-30,0001193125-13-028520,data/raw/0001018724/000119312513028520/d445434d10k.htm,
0001018724,0001018724,AMZN,2013,2013-12-31,2014-01-31,0001018724-14-000006,data/raw/0001018724/000101872414000006/amzn-20131231x10k.htm,
0001018724,0001018724,AMZN,2014,2014-12-31,2015-01-30,0001018724-15-000006,data/raw/0001018724/000101872415000006/amzn-20141231x10k.htm,
0001018724,0001018724,AMZN,2015,2015-12-31,2016-01-29,0001018724-16-000172,data/raw/0001018724/000101872416000172/amzn-20151231x10k.htm,
0001018724,0001018724,AMZN,2016,2016-12-31,2017-02-10,0001018724-17-000011,data/raw/0001018724/000101872417000011/amzn-20161231x10k.htm,
0001018724,0001018724,AMZN,2017,2017-12-31,2018-02-02,0001018724-18-000005,data/raw/0001018724/000101872418000005/amzn-20171231x10k.htm,
0001018724,0001018724,AMZN,2018,2018-12-31,2019-02-01,0001018724-19-000004,data/raw/0001018724/000101872419000004/amzn-20181231x10k.htm,
0001018724,0001018724,AMZN,2019,2019-12-31,2020-01-31,0001018724-20-000004,data/raw/0001018724/000101872420000004/amzn-20191231x10k.htm,
0001018724,0001018724,AMZN,2020,2020-12-31,2021-02-03,0001018724-21-000004,data/raw/0001018724/000101872421000004/amzn-20201231.htm,
0001018724,0001018724,AMZN,2021,2021-12-31,2022-02-04,0001018724-22-000005,data/raw/0001018724/000101872422000005/amzn-20211231.htm,
0001018724,0001018724,AMZN,2022,2022-12-31,2023-02-03,0001018724-23-000004,data/raw/0001018724/000101872423000004/amzn-20221231.htm,
0001018724,0001018724,AMZN,2023,2023-12-31,2024-02-02,0001018724-24-000008,data/raw/0001018724/000101872424000008/amzn-20231231.htm,
0001018724,0001018724,AMZN,2024,2024-12-31,2025-02-07,0001018724-25-000004,data/raw/0001018724/000101872425000004/amzn-20241231.htm,
0001018724,0001018724,AMZN,2025,2025-12-31,2026-02-06,0001018724-26-000004,data/raw/0001018724/000101872426000004/amzn-20251231.htm,
0001730168,0001730168,AVGO,2018,2018-11-04,2018-12-21,0001730168-18-000084,data/raw/0001730168/000173016818000084/avgo-11042018x10k.htm,
0001730168,0001730168,AVGO,2019,2019-11-03,2019-12-20,0001730168-19-000144,data/raw/0001730168/000173016819000144/avgo-11032019x10k.htm,
0001730168,0001730168,AVGO,2020,2020-11-01,2020-12-18,0001730168-20-000226,data/raw/0001730168/000173016820000226/avgo-20201101.htm,
0001730168,0001730168,AVGO,2021,2021-10-31,2021-12-17,0001730168-21-000153,data/raw/0001730168/000173016821000153/avgo-20211031.htm,
0001730168,0001730168,AVGO,2022,2022-10-30,2022-12-16,0001730168-22-000118,data/raw/0001730168/000173016822000118/avgo-20221030.htm,
0001730168,0001730168,AVGO,2023,2023-10-29,2023-12-14,0001730168-23-000096,data/raw/0001730168/000173016823000096/avgo-20231029.htm,
0001730168,0001730168,AVGO,2024,2024-11-03,2024-12-20,0001730168-24-000139,data/raw/0001730168/000173016824000139/avgo-20241103.htm,
0001730168,0001730168,AVGO,2025,2025-11-02,2025-12-18,0001730168-25-000121,data/raw/0001730168/000173016825000121/avgo-20251102.htm,
0000004962,0000004962,AXP,2007,2007-12-31,2008-02-28,0001193125-08-042043,data/raw/0000004962/000119312508042043/d10k.htm,
0000004962,0000004962,AXP,2008,2008-12-31,2009-02-27,0001193125-09-041008,data/raw/0000004962/000119312509041008/d10k.htm,
0000004962,0000004962,AXP,2009,2009-12-31,2010-02-26,0001193125-10-041232,data/raw/0000004962/000119312510041232/d10k.htm,
0000004962,0000004962,AXP,2010,2010-12-31,2011-02-28,0000950123-11-019072,data/raw/0000004962/000095012311019072/y87970e10vk.htm,
0000004962,0000004962,AXP,2011,2011-12-31,2012-02-24,0001193125-12-077400,data/raw/0000004962/000119312512077400/d281394d10k.htm,
0000004962,0000004962,AXP,2012,2012-12-31,2013-02-22,0001193125-13-070554,data/raw/0000004962/000119312513070554/d486442d10k.htm,
0000004962,0000004962,AXP,2013,2013-12-31,2014-02-25,0001193125-14-066777,data/raw/0000004962/000119312514066777/d656045d10k.htm,
0000004962,0000004962,AXP,2014,2014-12-31,2015-02-24,0001193125-15-059931,data/raw/0000004962/000119312515059931/d862737d10k.htm,
0000004962,0000004962,AXP,2015,2015-12-31,2016-02-19,0001193125-16-469798,data/raw/0000004962/000119312516469798/d131774d10k.htm,
0000004962,0000004962,AXP,2016,2016-12-31,2017-02-17,0001193125-17-047588,data/raw/0000004962/000119312517047588/d321397d10k.htm,
0000004962,0000004962,AXP,2017,2017-12-31,2018-02-16,0000004962-18-000032,data/raw/0000004962/000000496218000032/axp201710k.htm,
0000004962,0000004962,AXP,2018,2018-12-31,2019-02-13,0000004962-19-000018,data/raw/0000004962/000000496219000018/axp201810k.htm,
0000004962,0000004962,AXP,2019,2019-12-31,2020-02-13,0000004962-20-000030,data/raw/0000004962/000000496220000030/axp-20191231.htm,
0000004962,0000004962,AXP,2020,2020-12-31,2021-02-12,0000004962-21-000013,data/raw/0000004962/000000496221000013/axp-20201231.htm,
0000004962,0000004962,AXP,2021,2021-12-31,2022-02-11,0000004962-22-000008,data/raw/0000004962/000000496222000008/axp-20211231.htm,
0000004962,0000004962,AXP,2022,2022-12-31,2023-02-10,0000004962-23-000006,data/raw/0000004962/000000496223000006/axp-20221231.htm,
0000004962,0000004962,AXP,2023,2023-12-31,2024-02-09,0000004962-24-000013,data/raw/0000004962/000000496224000013/axp-20231231.htm,
0000004962,0000004962,AXP,2024,2024-12-31,2025-02-07,0000004962-25-000016,data/raw/0000004962/000000496225000016/axp-20241231.htm,
0000004962,0000004962,AXP,2025,2025-12-31,2026-02-06,0000004962-26-000080,data/raw/0000004962/000000496226000080/axp-20251231.htm,
0000012927,0000012927,BA,2007,2007-12-31,2008-02-15,0001193125-08-032328,data/raw/0000012927/000119312508032328/d10k.htm,
0000012927,0000012927,BA,2008,2008-12-31,2009-02-09,0001193125-09-022654,data/raw/0000012927/000119312509022654/d10k.htm,
0000012927,0000012927,BA,2009,2009-12-31,2010-02-08,0001193125-10-024406,data/raw/0000012927/000119312510024406/d10k.htm,
0000012927,0000012927,BA,2010,2010-12-31,2011-02-09,0001193125-11-028490,data/raw/0000012927/000119312511028490/d10k.htm,
0000012927,0000012927,BA,2011,2011-12-31,2012-02-09,0001193125-12-048565,data/raw/0000012927/000119312512048565/d255574d10k.htm,
0000012927,0000012927,BA,2012,2012-12-31,2013-02-11,0000012927-13-000014,data/raw/0000012927/000001292713000014/a201212dec3110k.htm,
0000012927,0000012927,BA,2013,2013-12-31,2014-02-14,0000012927-14-000004,data/raw/0000012927/000001292714000004/a201312dec3110k.htm,
0000012927,0000012927,BA,2014,2014-12-31,2015-02-12,0000012927-15-000011,data/raw/0000012927/000001292715000011/a201412dec3110k.htm,
0000012927,0000012927,BA,2015,2015-12-31,2016-02-10,0000012927-16-000099,data/raw/0000012927/000001292716000099/a201512dec3110k.htm,
0000012927,0000012927,BA,2016,2016-12-31,2017-02-08,0000012927-17-000006,data/raw/0000012927/000001292717000006/a201612dec3110k.htm,
0000012927,0000012927,BA,2017,2017-12-31,2018-02-12,0000012927-18-000007,data/raw/0000012927/000001292718000007/a201712dec3110k.htm,
0000012927,0000012927,BA,2018,2018-12-31,2019-02-08,0000012927-19-000010,data/raw/0000012927/000001292719000010/a201812dec3110k.htm,
0000012927,0000012927,BA,2019,2019-12-31,2020-01-31,0000012927-20-000014,data/raw/0000012927/000001292720000014/a201912dec3110k.htm,
0000012927,0000012927,BA,2020,2020-12-31,2021-02-01,0000012927-21-000011,data/raw/0000012927/000001292721000011/ba-20201231.htm,
0000012927,0000012927,BA,2021,2021-12-31,2022-01-31,0000012927-22-000010,data/raw/0000012927/000001292722000010/ba-20211231.htm,
0000012927,0000012927,BA,2022,2022-12-31,2023-01-27,0000012927-23-000007,data/raw/0000012927/000001292723000007/ba-20221231.htm,
0000012927,0000012927,BA,2023,2023-12-31,2024-01-31,0000012927-24-000010,data/raw/0000012927/000001292724000010/ba-20231231.htm,
0000012927,0000012927,BA,2024,2024-12-31,2025-02-03,0000012927-25-000015,data/raw/0000012927/000001292725000015/ba-20241231.htm,
0000012927,0000012927,BA,2025,2025-12-31,2026-01-30,0001628280-26-004357,data/raw/0000012927/000162828026004357/ba-20251231.htm,
0000070858,0000070858,BAC,2007,2007-12-31,2008-02-28,0001193125-08-041665,data/raw/0000070858/000119312508041665/d10k.htm,
0000070858,0000070858,BAC,2008,2008-12-31,2009-02-27,0001193125-09-041126,data/raw/0000070858/000119312509041126/d10k.htm,
0000070858,0000070858,BAC,2009,2009-12-31,2010-02-26,0001193125-10-041666,data/raw/0000070858/000119312510041666/d10k.htm,
0000070858,0000070858,BAC,2010,2010-12-31,2011-02-25,0000950123-11-018743,data/raw/0000070858/000095012311018743/g25571e10vk.htm,
0000070858,0000070858,BAC,2011,2011-12-31,2012-02-23,0000070858-12-000155,data/raw/0000070858/000007085812000155/bac-12312011x10k.htm,
0000070858,0000070858,BAC,2012,2012-12-31,2013-02-28,0000070858-13-000097,data/raw/0000070858/000007085813000097/bac-12312012x10k.htm,
0000070858,0000070858,BAC,2013,2013-12-31,2014-02-25,0000070858-14-000012,data/raw/0000070858/000007085814000012/bac-12312013x10k.htm,
0000070858,0000070858,BAC,2014,2014-12-31,2015-02-25,0000070858-15-000008,data/raw/0000070858/000007085815000008/bac-12312014x10k.htm,
0000070858,0000070858,BAC,2015,2015-12-31,2016-02-24,0000070858-16-000137,data/raw/0000070858/000007085816000137/bac-1231201510xk.htm,
0000070858,0000070858,BAC,2016,2016-12-31,2017-02-23,0000070858-17-000013,data/raw/0000070858/000007085817000013/bac-1231201610xk.htm,
0000070858,0000070858,BAC,2017,2017-12-31,2018-02-22,0000070858-18-000009,data/raw/0000070858/000007085818000009/bac-1231201710xk.htm,
0000070858,0000070858,BAC,2018,2018-12-31,2019-02-26,0000070858-19-000012,data/raw/0000070858/000007085819000012/bac-1231201810xk.htm,
0000070858,0000070858,BAC,2019,2019-12-31,2020-02-19,0000070858-20-000011,data/raw/0000070858/000007085820000011/bac-1231201910xk.htm,
0000070858,0000070858,BAC,2020,2020-12-31,2021-02-24,0000070858-21-000023,data/raw/0000070858/000007085821000023/bac-20201231.htm,
0000070858,0000070858,BAC,2021,2021-12-31,2022-02-22,0000070858-22-000062,data/raw/0000070858/000007085822000062/bac-20211231.htm,
0000070858,0000070858,BAC,2022,2022-12-31,2023-02-22,0000070858-23-000092,data/raw/0000070858/000007085823000092/bac-20221231.htm,
0000070858,0000070858,BAC,2023,2023-12-31,2024-02-20,0000070858-24-000122,data/raw/0000070858/000007085824000122/bac-20231231.htm,
0000070858,0000070858,BAC,2024,2024-12-31,2025-02-25,0000070858-25-000139,data/raw/0000070858/000007085825000139/bac-20241231.htm,
0000070858,0000070858,BAC,2025,2025-12-31,2026-02-25,0000070858-26-000157,data/raw/0000070858/000007085826000157/bac-20251231.htm,
0001075531,0001075531,BKNG,2007,2007-12-31,2008-03-03,0001104659-08-014464,data/raw/0001075531/000110465908014464/a08-2574_110k.htm,
0001075531,0001075531,BKNG,2008,2008-12-31,2009-02-20,0001104659-09-011154,data/raw/0001075531/000110465909011154/a09-1364_110k.htm,
0001075531,0001075531,BKNG,2009,2009-12-31,2010-02-19,0001104659-10-008002,data/raw/0001075531/000110465910008002/a09-35847_210k.htm,
0001075531,0001075531,BKNG,2010,2010-12-31,2011-02-25,0001104659-11-010302,data/raw/0001075531/000110465911010302/a11-2103_110k.htm,
0001075531,0001075531,BKNG,2011,2011-12-31,2012-02-27,0001075531-12-000005,data/raw/0001075531/000107553112000005/pcln-20111231_10k.htm,
0001075531,0001075531,BKNG,2012,2012-12-31,2013-02-27,0001075531-13-000011,data/raw/0001075531/000107553113000011/pcln-20121231_10k.htm,
0001075531,0001075531,BKNG,2013,2013-12-31,2014-02-20,0001075531-14-000007,data/raw/0001075531/000107553114000007/pcln-20131231_10k.htm,
0001075531,0001075531,BKNG,2014,2014-12-31,2015-02-19,0001075531-15-000007,data/raw/0001075531/000107553115000007/pcln-20141231_10k.htm,
0001075531,0001075531,BKNG,2015,2015-12-31,2016-02-17,0001075531-16-000084,data/raw/0001075531/000107553116000084/pcln-20151231_10k.htm,
0001075531,0001075531,BKNG,2016,2016-12-31,2017-02-27,0001075531-17-000009,data/raw/0001075531/000107553117000009/pcln-20161231_10k.htm,
0001075531,0001075531,BKNG,2017,2017-12-31,2018-02-27,0001075531-18-000015,data/raw/0001075531/000107553118000015/pcln-20171231_10k.htm,
0001075531,0001075531,BKNG,2018,2018-12-31,2019-02-27,0001075531-19-000009,data/raw/0001075531/000107553119000009/bkng1231201810k.htm,
0001075531,0001075531,BKNG,2019,2019-12-31,2020-02-26,0001075531-20-000011,data/raw/0001075531/000107553120000011/bkng1231201910k.htm,
0001075531,0001075531,BKNG,2020,2020-12-31,2021-02-24,0001075531-21-000019,data/raw/0001075531/000107553121000019/bkng-20201231.htm,
0001075531,0001075531,BKNG,2021,2021-12-31,2022-02-23,0001075531-22-000008,data/raw/0001075531/000107553122000008/bkng-20211231.htm,
0001075531,0001075531,BKNG,2022,2022-12-31,2023-02-23,0001075531-23-000016,data/raw/0001075531/000107553123000016/bkng-20221231.htm,
0001075531,0001075531,BKNG,2023,2023-12-31,2024-02-22,0001075531-24-000014,data/raw/0001075531/000107553124000014/bkng-20231231.htm,
0001075531,0001075531,BKNG,2024,2024-12-31,2025-02-20,0001075531-25-000010,data/raw/0001075531/000107553125000010/bkng-20241231.htm,
0001075531,0001075531,BKNG,2025,2025-12-31,2026-02-18,0001075531-26-000009,data/raw/0001075531/000107553126000009/bkng-20251231.htm,
0002012383,0001364742,BLK,2007,2007-12-31,2008-02-28,0001193125-08-041884,data/raw/0001364742/000119312508041884/d10k.htm,
0002012383,0001364742,BLK,2008,2008-12-31,2009-03-02,0001193125-09-041298,data/raw/0001364742/000119312509041298/d10k.htm,
0002012383,0001364742,BLK,2009,2009-12-31,2010-03-10,0001193125-10-052764,data/raw/0001364742/000119312510052764/d10k.htm,
0002012383,0001364742,BLK,2010,2010-12-31,2011-02-28,0001193125-11-050218,data/raw/0001364742/000119312511050218/d10k.htm,
0002012383,0001364742,BLK,2011,2011-12-31,2012-02-28,0001193125-12-085869,data/raw/0001364742/000119312512085869/d270105d10k.htm,
0002012383,0001364742,BLK,2012,2012-12-31,2013-03-01,0001193125-13-084957,data/raw/0001364742/000119312513084957/d439552d10k.htm,
0002012383,0001364742,BLK,2013,2013-12-31,2014-02-28,0001193125-14-076587,data/raw/0001364742/000119312514076587/d641151d10k.htm,
0002012383,0001364742,BLK,2014,2014-12-31,2015-02-27,0001193125-15-069955,data/raw/0001364742/000119312515069955/d822114d10k.htm,
0002012383,0001364742,BLK,2015,2015-12-31,2016-02-26,0001564590-16-013511,data/raw/0001364742/000156459016013511/blk-10k_20151231.htm,
0002012383,0001364742,BLK,2016,2016-12-31,2017-02-28,0001564590-17-002816,data/raw/0001364742/000156459017002816/blk-10k_20161231.htm,
0002012383,0001364742,BLK,2017,2017-12-31,2018-02-28,0001564590-18-003744,data/raw/0001364742/000156459018003744/blk-10k_20171231.htm,
0002012383,0001364742,BLK,2018,2018-12-31,2019-02-28,0001564590-19-005479,data/raw/0001364742/000156459019005479/blk-10k_20181231.htm,
0002012383,0001364742,BLK,2019,2019-12-31,2020-02-28,0001564590-20-007807,data/raw/0001364742/000156459020007807/blk-10k_20191231.htm,
0002012383,0001364742,BLK,2020,2020-12-31,2021-02-25,0001564590-21-008796,data/raw/0001364742/000156459021008796/blk-10k_20201231.htm,
0002012383,0001364742,BLK,2021,2021-12-31,2022-02-25,0001564590-22-007117,data/raw/0001364742/000156459022007117/blk-10k_20211231.htm,
0002012383,0001364742,BLK,2022,2022-12-31,2023-02-24,0000950170-23-004343,data/raw/0001364742/000095017023004343/blk-20221231.htm,
0002012383,0001364742,BLK,2023,2023-12-31,2024-02-23,0000950170-24-019271,data/raw/0001364742/000095017024019271/blk-20231231.htm,
0002012383,0002012383,BLK,2024,2024-12-31,2025-02-25,0000950170-25-026584,data/raw/0002012383/000095017025026584/blk-20241231.htm,
0002012383,0002012383,BLK,2025,2025-12-31,2026-02-25,0001193125-26-071966,data/raw/0002012383/000119312526071966/blk-20251231.htm,
0000014272,0000014272,BMY,2007,2007-12-31,2008-02-22,0001193125-08-035566,data/raw/0000014272/000119312508035566/d10k.htm,
0000014272,0000014272,BMY,2008,2008-12-31,2009-02-20,0001193125-09-033538,data/raw/0000014272/000119312509033538/d10k.htm,
0000014272,0000014272,BMY,2009,2009-12-31,2010-02-19,0001193125-10-035167,data/raw/0000014272/000119312510035167/d10k.htm,
0000014272,0000014272,BMY,2010,2010-12-31,2011-02-18,0001193125-11-040120,data/raw/0000014272/000119312511040120/d10k.htm,
0000014272,0000014272,BMY,2011,2011-12-31,2012-02-17,0001193125-12-066416,data/raw/0000014272/000119312512066416/d302058d10k.htm,
0000014272,0000014272,BMY,2012,2012-12-31,2013-02-15,0001193125-13-061678,data/raw/0000014272/000119312513061678/d450621d10k.htm,
0000014272,0000014272,BMY,2013,2013-12-31,2014-02-14,0000014272-14-000054,data/raw/0000014272/000001427214000054/bmy-20131231x10xk.htm,
0000014272,0000014272,BMY,2014,2014-12-31,2015-02-13,0000014272-15-000055,data/raw/0000014272/000001427215000055/bmy-20141231x10xk.htm,
0000014272,0000014272,BMY,2015,2015-12-31,2016-02-12,0000014272-16-000288,data/raw/0000014272/000001427216000288/bmy-20151231x10xk.htm,
0000014272,0000014272,BMY,2016,2016-12-31,2017-02-21,0000014272-17-000047,data/raw/0000014272/000001427217000047/bmy-20161231x10xk.htm,
0000014272,0000014272,BMY,2017,2017-12-31,2018-02-13,0000014272-18-000055,data/raw/0000014272/000001427218000055/bmy-20171231x10xk.htm,
0000014272,0000014272,BMY,2018,2018-12-31,2019-02-25,0000014272-19-000047,data/raw/0000014272/000001427219000047/bmy-20181231x10xk.htm,
0000014272,0000014272,BMY,2019,2019-12-31,2020-02-24,0000014272-20-000082,data/raw/0000014272/000001427220000082/bmy-20191231x10xk.htm,
0000014272,0000014272,BMY,2020,2020-12-31,2021-02-10,0000014272-21-000066,data/raw/0000014272/000001427221000066/bmy-20201231.htm,
0000014272,0000014272,BMY,2021,2021-12-31,2022-02-09,0000014272-22-000051,data/raw/0000014272/000001427222000051/bmy-20211231.htm,
0000014272,0000014272,BMY,2022,2022-12-31,2023-02-14,0000014272-23-000046,data/raw/0000014272/000001427223000046/bmy-20221231.htm,
0000014272,0000014272,BMY,2023,2023-12-31,2024-02-13,0000014272-24-000044,data/raw/0000014272/000001427224000044/bmy-20231231.htm,
0000014272,0000014272,BMY,2024,2024-12-31,2025-02-12,0000014272-25-000039,data/raw/0000014272/000001427225000039/bmy-20241231.htm,
0000014272,0000014272,BMY,2025,2025-12-31,2026-02-11,0000014272-26-000004,data/raw/0000014272/000001427226000004/bmy-20251231.htm,
0001390777,0001390777,BNY,2007,2007-12-31,2008-02-28,0001193125-08-041952,data/raw/0001390777/000119312508041952/d10k.htm,
0001390777,0001390777,BNY,2008,2008-12-31,2009-02-27,0001193125-09-041050,data/raw/0001390777/000119312509041050/d10k.htm,
0001390777,0001390777,BNY,2009,2009-12-31,2010-02-26,0001193125-10-042948,data/raw/0001390777/000119312510042948/d10k.htm,
0001390777,0001390777,BNY,2010,2010-12-31,2011-02-28,0001193125-11-049932,data/raw/0001390777/000119312511049932/d10k.htm,
0001390777,0001390777,BNY,2011,2011-12-31,2012-02-28,0001193125-12-085349,data/raw/0001390777/000119312512085349/d260593d10k.htm,
0001390777,0001390777,BNY,2012,2012-12-31,2013-02-28,0001193125-13-084562,data/raw/0001390777/000119312513084562/d448545d10k.htm,
0001390777,0001390777,BNY,2013,2013-12-31,2014-02-28,0001445305-14-000745,data/raw/0001390777/000144530514000745/bk201310-k.htm,
0001390777,0001390777,BNY,2014,2014-12-31,2015-02-27,0001628280-15-001194,data/raw/0001390777/000162828015001194/bk201410-k.htm,
0001390777,0001390777,BNY,2015,2015-12-31,2016-02-26,0001390777-16-000204,data/raw/0001390777/000139077716000204/bk201510-k_4q15.htm,
0001390777,0001390777,BNY,2016,2016-12-31,2017-02-28,0001390777-17-000065,data/raw/0001390777/000139077717000065/bk201610-k_4q16.htm,
0001390777,0001390777,BNY,2017,2017-12-31,2018-02-28,0001390777-18-000069,data/raw/0001390777/000139077718000069/form10-k_4q17.htm,
0001390777,0001390777,BNY,2018,2018-12-31,2019-02-27,0001390777-19-000050,data/raw/0001390777/000139077719000050/form10-k_4q18.htm,
0001390777,0001390777,BNY,2019,2019-12-31,2020-02-27,0001390777-20-000044,data/raw/0001390777/000139077720000044/form10-k4q19.htm,
0001390777,0001390777,BNY,2020,2020-12-31,2021-02-25,0001390777-21-000037,data/raw/0001390777/000139077721000037/bk-20201231.htm,
0001390777,0001390777,BNY,2021,2021-12-31,2022-02-25,0001390777-22-000043,data/raw/0001390777/000139077722000043/bk-20211231.htm,
0001390777,0001390777,BNY,2022,2022-12-31,2023-02-27,0001390777-23-000033,data/raw/0001390777/000139077723000033/bk-20221231.htm,
0001390777,0001390777,BNY,2023,2023-12-31,2024-02-28,0001390777-24-000051,data/raw/0001390777/000139077724000051/bk-20231231.htm,
0001390777,0001390777,BNY,2024,2024-12-31,2025-02-27,0001390777-25-000046,data/raw/0001390777/000139077725000046/bk-20241231.htm,
0001390777,0001390777,BNY,2025,2025-12-31,2026-02-25,0001390777-26-000033,data/raw/0001390777/000139077726000033/bk-20251231.htm,
0001067983,0001067983,BRK-B,2007,2007-12-31,2008-02-29,0000950134-08-003848,data/raw/0001067983/000095013408003848/a38469e10vk.htm,
0001067983,0001067983,BRK-B,2008,2008-12-31,2009-03-02,0001193125-09-042055,data/raw/0001067983/000119312509042055/d10k.htm,
0001067983,0001067983,BRK-B,2009,2009-12-31,2010-03-01,0001193125-10-043450,data/raw/0001067983/000119312510043450/d10k.htm,
0001067983,0001067983,BRK-B,2010,2010-12-31,2011-02-28,0001193125-11-048914,data/raw/0001067983/000119312511048914/d10k.htm,
0001067983,0001067983,BRK-B,2011,2011-12-31,2012-02-27,0001193125-12-079022,data/raw/0001067983/000119312512079022/d280149d10k.htm,
0001067983,0001067983,BRK-B,2012,2012-12-31,2013-03-01,0001193125-13-087679,data/raw/0001067983/000119312513087679/d484968d10k.htm,
0001067983,0001067983,BRK-B,2013,2013-12-31,2014-03-03,0001193125-14-078778,data/raw/0001067983/000119312514078778/d656225d10k.htm,
0001067983,0001067983,BRK-B,2014,2014-12-31,2015-03-02,0001193125-15-070966,data/raw/0001067983/000119312515070966/d820461d10k.htm,
0001067983,0001067983,BRK-B,2015,2015-12-31,2016-02-29,0001193125-16-483023,data/raw/0001067983/000119312516483023/d103603d10k.htm,
0001067983,0001067983,BRK-B,2016,2016-12-31,2017-02-27,0001193125-17-056969,data/raw/0001067983/000119312517056969/d303001d10k.htm,
0001067983,0001067983,BRK-B,2017,2017-12-31,2018-02-26,0001193125-18-057033,data/raw/0001067983/000119312518057033/d437858d10k.htm,
0001067983,0001067983,BRK-B,2018,2018-12-31,2019-02-25,0001193125-19-048926,data/raw/0001067983/000119312519048926/d678758d10k.htm,
0001067983,0001067983,BRK-B,2019,2019-12-31,2020-02-24,0001564590-20-005874,data/raw/0001067983/000156459020005874/brka-10k_20191231.htm,
0001067983,0001067983,BRK-B,2020,2020-12-31,2021-03-01,0001564590-21-009611,data/raw/0001067983/000156459021009611/brka-10k_20201231.htm,
0001067983,0001067983,BRK-B,2021,2021-12-31,2022-02-28,0001564590-22-007322,data/raw/0001067983/000156459022007322/brka-10k_20211231.htm,
0001067983,0001067983,BRK-B,2022,2022-12-31,2023-02-27,0000950170-23-004451,data/raw/0001067983/000095017023004451/brka-20221231.htm,
0001067983,0001067983,BRK-B,2023,2023-12-31,2024-02-26,0000950170-24-019719,data/raw/0001067983/000095017024019719/brka-20231231.htm,
0001067983,0001067983,BRK-B,2024,2024-12-31,2025-02-24,0000950170-25-025210,data/raw/0001067983/000095017025025210/brka-20241231.htm,
0001067983,0001067983,BRK-B,2025,2025-12-31,2026-03-02,0001193125-26-083899,data/raw/0001067983/000119312526083899/brka-20251231.htm,
0000831001,0000831001,C,2007,2007-12-31,2008-02-22,0001193125-08-036445,data/raw/0000831001/000119312508036445/d10k.htm,
0000831001,0000831001,C,2008,2008-12-31,2009-02-27,0001193125-09-041237,data/raw/0000831001/000119312509041237/d10k.htm,
0000831001,0000831001,C,2009,2009-12-31,2010-02-26,0001206774-10-000406,data/raw/0000831001/000120677410000406/citi_10k.htm,
0000831001,0000831001,C,2010,2010-12-31,2011-02-25,0001206774-11-000316,data/raw/0000831001/000120677411000316/citigroup_10k.htm,
0000831001,0000831001,C,2011,2011-12-31,2012-02-24,0001206774-12-000799,data/raw/0000831001/000120677412000799/citigroup_10k.htm,
0000831001,0000831001,C,2012,2012-12-31,2013-03-01,0001206774-13-000852,data/raw/0000831001/000120677413000852/citigroup_10k.htm,
0000831001,0000831001,C,2013,2013-12-31,2014-03-03,0001104659-14-015152,data/raw/0000831001/000110465914015152/a14-3681_610k.htm,
0000831001,0000831001,C,2014,2014-12-31,2015-02-25,0000831001-15-000043,data/raw/0000831001/000083100115000043/c-12312014x10k.htm,
0000831001,0000831001,C,2015,2015-12-31,2016-02-26,0000831001-16-000235,data/raw/0000831001/000083100116000235/c-12312015x10k.htm,
0000831001,0000831001,C,2016,2016-12-31,2017-02-24,0000831001-17-000038,data/raw/0000831001/000083100117000038/c-12312016x10k.htm,
0000831001,0000831001,C,2017,2017-12-31,2018-02-23,0000831001-18-000040,data/raw/0000831001/000083100118000040/c-12312017x10k.htm,
0000831001,0000831001,C,2018,2018-12-31,2019-02-22,0000831001-19-000027,data/raw/0000831001/000083100119000027/c-12312018x10k.htm,
0000831001,0000831001,C,2019,2019-12-31,2020-02-21,0000831001-20-000031,data/raw/0000831001/000083100120000031/c-12312019x10k.htm,
0000831001,0000831001,C,2020,2020-12-31,2021-02-26,0000831001-21-000042,data/raw/0000831001/000083100121000042/c-20201231.htm,
0000831001,0000831001,C,2021,2021-12-31,2022-02-28,0000831001-22-000036,data/raw/0000831001/000083100122000036/c-20211231.htm,
0000831001,0000831001,C,2022,2022-12-31,2023-02-27,0000831001-23-000037,data/raw/0000831001/000083100123000037/c-20221231.htm,
0000831001,0000831001,C,2023,2023-12-31,2024-02-23,0000831001-24-000033,data/raw/0000831001/000083100124000033/c-20231231.htm,
0000831001,0000831001,C,2024,2024-12-31,2025-02-21,0000831001-25-000067,data/raw/0000831001/000083100125000067/c-20241231.htm,
0000831001,0000831001,C,2025,2025-12-31,2026-02-20,0000831001-26-000011,data/raw/0000831001/000083100126000011/c-20251231.htm,
0000018230,0000018230,CAT,2007,2007-12-31,2008-02-22,0000018230-08-000052,data/raw/0000018230/000001823008000052/form10k_2007.htm,
0000018230,0000018230,CAT,2008,2008-12-31,2009-02-20,0000018230-09-000063,data/raw/0000018230/000001823009000063/form10k_2008.htm,
0000018230,0000018230,CAT,2009,2009-12-31,2010-02-19,0000018230-10-000092,data/raw/0000018230/000001823010000092/form10k_2009.htm,
0000018230,0000018230,CAT,2010,2010-12-31,2011-02-22,0001104659-11-008938,data/raw/0000018230/000110465911008938/a10-18643_110k.htm,
0000018230,0000018230,CAT,2011,2011-12-31,2012-02-21,0001104659-12-011331,data/raw/0000018230/000110465912011331/a12-2184_110k.htm,
0000018230,0000018230,CAT,2012,2012-12-31,2013-02-19,0000018230-13-000075,data/raw/0000018230/000001823013000075/cat_10-kx12312012.htm,
0000018230,0000018230,CAT,2013,2013-12-31,2014-02-18,0000018230-14-000058,data/raw/0000018230/000001823014000058/cat_10-kx12312013.htm,
0000018230,0000018230,CAT,2014,2014-12-31,2015-02-17,0000018230-15-000061,data/raw/0000018230/000001823015000061/cat_10-kx12312014.htm,
0000018230,0000018230,CAT,2015,2015-12-31,2016-02-16,0000018230-16-000410,data/raw/0000018230/000001823016000410/cat_10-kx12312015.htm,
0000018230,0000018230,CAT,2016,2016-12-31,2017-02-15,0000018230-17-000041,data/raw/0000018230/000001823017000041/cat_10-kx12312016.htm,
0000018230,0000018230,CAT,2017,2017-12-31,2018-02-15,0000018230-18-000042,data/raw/0000018230/000001823018000042/cat_10-kx12312017.htm,
0000018230,0000018230,CAT,2018,2018-12-31,2019-02-14,0000018230-19-000034,data/raw/0000018230/000001823019000034/cat_10-kx12312018.htm,
0000018230,0000018230,CAT,2019,2019-12-31,2020-02-19,0000018230-20-000056,data/raw/0000018230/000001823020000056/cat10-k12312019.htm,
0000018230,0000018230,CAT,2020,2020-12-31,2021-02-17,0000018230-21-000063,data/raw/0000018230/000001823021000063/cat-20201231.htm,
0000018230,0000018230,CAT,2021,2021-12-31,2022-02-16,0000018230-22-000050,data/raw/0000018230/000001823022000050/cat-20211231.htm,
0000018230,0000018230,CAT,2022,2022-12-31,2023-02-15,0000018230-23-000011,data/raw/0000018230/000001823023000011/cat-20221231.htm,
0000018230,0000018230,CAT,2023,2023-12-31,2024-02-16,0000018230-24-000009,data/raw/0000018230/000001823024000009/cat-20231231.htm,
0000018230,0000018230,CAT,2024,2024-12-31,2025-02-14,0000018230-25-000008,data/raw/0000018230/000001823025000008/cat-20241231.htm,
0000018230,0000018230,CAT,2025,2025-12-31,2026-02-13,0000018230-26-000008,data/raw/0000018230/000001823026000008/cat-20251231.htm,
0000021665,0000021665,CL,2007,2007-12-31,2008-02-28,0001193125-08-041526,data/raw/0000021665/000119312508041526/d10k.htm,
0000021665,0000021665,CL,2008,2008-12-31,2009-02-27,0001193125-09-041029,data/raw/0000021665/000119312509041029/d10k.htm,
0000021665,0000021665,CL,2009,2009-12-31,2010-02-25,0001140361-10-008522,data/raw/0000021665/000114036110008522/form10k.htm,
0000021665,0000021665,CL,2010,2010-12-31,2011-02-24,0001140361-11-011883,data/raw/0000021665/000114036111011883/form10k.htm,
0000021665,0000021665,CL,2011,2011-12-31,2012-02-23,0001445305-12-000409,data/raw/0000021665/000144530512000409/cl-12312011x10k.htm,
0000021665,0000021665,CL,2012,2012-12-31,2013-02-21,0001445305-13-000275,data/raw/0000021665/000144530513000275/cl-12312012x10k.htm,
0000021665,0000021665,CL,2013,2013-12-31,2014-02-20,0001545547-14-000003,data/raw/0000021665/000154554714000003/cl-12312013x10k.htm,
0000021665,0000021665,CL,2014,2014-12-31,2015-02-19,0001628280-15-000846,data/raw/0000021665/000162828015000846/cl-12312014x10k.htm,
0000021665,0000021665,CL,2015,2015-12-31,2016-02-18,0001628280-16-011343,data/raw/0000021665/000162828016011343/cl-12312015x10k.htm,
0000021665,0000021665,CL,2016,2016-12-31,2017-02-23,0000021665-17-000002,data/raw/0000021665/000002166517000002/cl-12312016x10k.htm,
0000021665,0000021665,CL,2017,2017-12-31,2018-02-15,0000021665-18-000003,data/raw/0000021665/000002166518000003/cl-12312017x10k.htm,
0000021665,0000021665,CL,2018,2018-12-31,2019-02-21,0000021665-19-000003,data/raw/0000021665/000002166519000003/cl-12312018x10k.htm,
0000021665,0000021665,CL,2019,2019-12-31,2020-02-21,0000021665-20-000004,data/raw/0000021665/000002166520000004/cl-12312019x10k.htm,
0000021665,0000021665,CL,2020,2020-12-31,2021-02-18,0000021665-21-000007,data/raw/0000021665/000002166521000007/cl-20201231.htm,
0000021665,0000021665,CL,2021,2021-12-31,2022-02-17,0000021665-22-000003,data/raw/0000021665/000002166522000003/cl-20211231.htm,
0000021665,0000021665,CL,2022,2022-12-31,2023-02-16,0000021665-23-000007,data/raw/0000021665/000002166523000007/cl-20221231.htm,
0000021665,0000021665,CL,2023,2023-12-31,2024-02-15,0000021665-24-000003,data/raw/0000021665/000002166524000003/cl-20231231.htm,
0000021665,0000021665,CL,2024,2024-12-31,2025-02-13,0000021665-25-000008,data/raw/0000021665/000002166525000008/cl-20241231.htm,
0000021665,0000021665,CL,2025,2025-12-31,2026-02-23,0000021665-26-000006,data/raw/0000021665/000002166526000006/cl-20251231.htm,
0001166691,0001166691,CMCSA,2007,2007-12-31,2008-02-20,0001193125-08-034239,data/raw/0001166691/000119312508034239/d10k.htm,
0001166691,0001166691,CMCSA,2008,2008-12-31,2009-02-20,0001193125-09-033975,data/raw/0001166691/000119312509033975/d10k.htm,
0001166691,0001166691,CMCSA,2009,2009-12-31,2010-02-23,0001193125-10-037551,data/raw/0001166691/000119312510037551/d10k.htm,
0001166691,0001166691,CMCSA,2010,2010-12-31,2011-02-25,0001193125-11-047243,data/raw/0001166691/000119312511047243/d10k.htm,
0001166691,0001166691,CMCSA,2011,2011-12-31,2012-02-23,0001193125-12-073905,data/raw/0001166691/000119312512073905/d262998d10k.htm,
0001166691,0001166691,CMCSA,2012,2012-12-31,2013-02-21,0001193125-13-067658,data/raw/0001166691/000119312513067658/d458593d10k.htm,
0001166691,0001166691,CMCSA,2013,2013-12-31,2014-02-12,0001193125-14-047522,data/raw/0001166691/000119312514047522/d666576d10k.htm,
0001166691,0001166691,CMCSA,2014,2014-12-31,2015-02-27,0001193125-15-068526,data/raw/0001166691/000119312515068526/d817352d10k.htm,
0001166691,0001166691,CMCSA,2015,2015-12-31,2016-02-05,0001193125-16-452423,data/raw/0001166691/000119312516452423/d49239d10k.htm,
0001166691,0001166691,CMCSA,2016,2016-12-31,2017-02-03,0001193125-17-030512,data/raw/0001166691/000119312517030512/d290430d10k.htm,
0001166691,0001166691,CMCSA,2017,2017-12-31,2018-01-31,0001166691-18-000004,data/raw/0001166691/000116669118000004/cmcsa-12312017x10k.htm,
0001166691,0001166691,CMCSA,2018,2018-12-31,2019-01-31,0001166691-19-000005,data/raw/0001166691/000116669119000005/cmcsa-12312018x10k.htm,
0001166691,0001166691,CMCSA,2019,2019-12-31,2020-01-30,0001166691-20-000008,data/raw/0001166691/000116669120000008/cmcsa-12312019x10k.htm,
0001166691,0001166691,CMCSA,2020,2020-12-31,2021-02-04,0001166691-21-000008,data/raw/0001166691/000116669121000008/cmcsa-20201231.htm,
0001166691,0001166691,CMCSA,2021,2021-12-31,2022-02-02,0001166691-22-000009,data/raw/0001166691/000116669122000009/cmcsa-20211231.htm,
0001166691,0001166691,CMCSA,2022,2022-12-31,2023-02-03,0001166691-23-000010,data/raw/0001166691/000116669123000010/cmcsa-20221231.htm,
0001166691,0001166691,CMCSA,2023,2023-12-31,2024-01-31,0001166691-24-000011,data/raw/0001166691/000116669124000011/cmcsa-20231231.htm,
0001166691,0001166691,CMCSA,2024,2024-12-31,2025-01-31,0001166691-25-000011,data/raw/0001166691/000116669125000011/cmcsa-20241231.htm,
0001166691,0001166691,CMCSA,2025,2025-12-31,2026-02-03,0001628280-26-004994,data/raw/0001166691/000162828026004994/cmcsa-20251231.htm,
0000927628,0000927628,COF,2007,2007-12-31,2008-02-29,0001193125-08-043757,data/raw/0000927628/000119312508043757/d10k.htm,
0000927628,0000927628,COF,2008,2008-12-31,2009-02-26,0001193125-09-039271,data/raw/0000927628/000119312509039271/d10k.htm,
0000927628,0000927628,COF,2009,2009-12-31,2010-02-26,0001193125-10-043152,data/raw/0000927628/000119312510043152/d10k.htm,
0000927628,0000927628,COF,2010,2010-12-31,2011-03-01,0001140361-11-012916,data/raw/0000927628/000114036111012916/form10k.htm,
0000927628,0000927628,COF,2011,2011-12-31,2012-02-29,0001193125-12-086138,data/raw/0000927628/000119312512086138/d258810d10k.htm,
0000927628,0000927628,COF,2012,2012-12-31,2013-02-28,0001193125-13-084249,data/raw/0000927628/000119312513084249/d447949d10k.htm,
0000927628,0000927628,COF,2013,2013-12-31,2014-02-27,0001193125-14-073467,data/raw/0000927628/000119312514073467/d637300d10k.htm,
0000927628,0000927628,COF,2014,2014-12-31,2015-02-24,0000927628-15-000026,data/raw/0000927628/000092762815000026/cof-12312014x10k.htm,
0000927628,0000927628,COF,2015,2015-12-31,2016-02-25,0000927628-16-000140,data/raw/0000927628/000092762816000140/cof-12312015x10k.htm,
0000927628,0000927628,COF,2016,2016-12-31,2017-02-23,0000927628-17-000115,data/raw/0000927628/000092762817000115/cof-12312016x10k.htm,
0000927628,0000927628,COF,2017,2017-12-31,2018-02-21,0000927628-18-000107,data/raw/0000927628/000092762818000107/cof-12312017x10k.htm,
0000927628,0000927628,COF,2018,2018-12-31,2019-02-20,0000927628-19-000093,data/raw/0000927628/000092762819000093/cof-12312018x10k.htm,
0000927628,0000927628,COF,2019,2019-12-31,2020-02-20,0000927628-20-000102,data/raw/0000927628/000092762820000102/cof-12312019x10k.htm,
0000927628,0000927628,COF,2020,2020-12-31,2021-02-25,0000927628-21-000094,data/raw/0000927628/000092762821000094/cof-20201231.htm,
0000927628,0000927628,COF,2021,2021-12-31,2022-02-25,0000927628-22-000106,data/raw/0000927628/000092762822000106/cof-20211231.htm,
0000927628,0000927628,COF,2022,2022-12-31,2023-02-24,0000927628-23-000117,data/raw/0000927628/000092762823000117/cof-20221231.htm,
0000927628,0000927628,COF,2023,2023-12-31,2024-02-23,0000927628-24-000094,data/raw/0000927628/000092762824000094/cof-20231231.htm,
0000927628,0000927628,COF,2024,2024-12-31,2025-02-20,0000927628-25-000092,data/raw/0000927628/000092762825000092/cof-20241231.htm,
0000927628,0000927628,COF,2025,2025-12-31,2026-02-19,0000927628-26-000024,data/raw/0000927628/000092762826000024/cof-20251231.htm,
0001163165,0001163165,COP,2007,2007-12-31,2008-02-22,0000950129-08-001094,data/raw/0001163165/000095012908001094/h53977e10vk.htm,
0001163165,0001163165,COP,2008,2008-12-31,2009-02-25,0001362310-09-002769,data/raw/0001163165/000136231009002769/c81244e10vk.htm,
0001163165,0001163165,COP,2009,2009-12-31,2010-02-25,0000950123-10-017187,data/raw/0001163165/000095012310017187/h69477e10vk.htm,
0001163165,0001163165,COP,2010,2010-12-31,2011-02-23,0000950123-11-016957,data/raw/0001163165/000095012311016957/h76276e10vk.htm,
0001163165,0001163165,COP,2011,2011-12-31,2012-02-21,0001193125-12-070636,data/raw/0001163165/000119312512070636/d267896d10k.htm,
0001163165,0001163165,COP,2012,2012-12-31,2013-02-19,0001193125-13-065426,data/raw/0001163165/000119312513065426/d452384d10k.htm,
0001163165,0001163165,COP,2013,2013-12-31,2014-02-25,0001193125-14-066358,data/raw/0001163165/000119312514066358/d665238d10k.htm,
0001163165,0001163165,COP,2014,2014-12-31,2015-02-24,0001193125-15-059281,data/raw/0001163165/000119312515059281/d869001d10k.htm,
0001163165,0001163165,COP,2015,2015-12-31,2016-02-23,0001193125-16-472901,data/raw/0001163165/000119312516472901/d145414d10k.htm,
0001163165,0001163165,COP,2016,2016-12-31,2017-02-21,0001193125-17-050077,data/raw/0001163165/000119312517050077/d264316d10k.htm,
0001163165,0001163165,COP,2017,2017-12-31,2018-02-20,0001193125-18-049729,data/raw/0001163165/000119312518049729/d534096d10k.htm,
0001163165,0001163165,COP,2018,2018-12-31,2019-02-19,0001193125-19-043841,data/raw/0001163165/000119312519043841/d636257d10k.htm,
0001163165,0001163165,COP,2019,2019-12-31,2020-02-18,0001193125-20-039954,data/raw/0001163165/000119312520039954/d875559d10k.htm,
0001163165,0001163165,COP,2020,2020-12-31,2021-02-16,0001562762-21-000027,data/raw/0001163165/000156276221000027/cop10k2020.htm,
0001163165,0001163165,COP,2021,2021-12-31,2022-02-17,0001562762-22-000031,data/raw/0001163165/000156276222000031/cop10k2021.htm,
0001163165,0001163165,COP,2022,2022-12-31,2023-02-16,0001163165-23-000006,data/raw/0001163165/000116316523000006/cop-20221231.htm,
0001163165,0001163165,COP,2023,2023-12-31,2024-02-15,0001163165-24-000010,data/raw/0001163165/000116316524000010/cop-20231231.htm,
0001163165,0001163165,COP,2024,2024-12-31,2025-02-18,0001163165-25-000012,data/raw/0001163165/000116316525000012/cop-20241231.htm,
0001163165,0001163165,COP,2025,2025-12-31,2026-02-17,0001163165-26-000009,data/raw/0001163165/000116316526000009/cop-20251231.htm,
0000909832,0000909832,COST,2007,2007-09-02,2007-10-25,0001193125-07-225805,data/raw/0000909832/000119312507225805/d10k.htm,
0000909832,0000909832,COST,2008,2008-08-31,2008-10-16,0001193125-08-211709,data/raw/0000909832/000119312508211709/d10k.htm,
0000909832,0000909832,COST,2009,2009-08-30,2009-10-16,0001193125-09-208963,data/raw/0000909832/000119312509208963/d10k.htm,
0000909832,0000909832,COST,2010,2010-08-29,2010-10-18,0001193125-10-230379,data/raw/0000909832/000119312510230379/d10k.htm,
0000909832,0000909832,COST,2011,2011-08-28,2011-10-14,0001193125-11-271844,data/raw/0000909832/000119312511271844/d203874d10k.htm,
0000909832,0000909832,COST,2012,2012-09-02,2012-10-19,0001193125-12-428890,data/raw/0000909832/000119312512428890/d388097d10k.htm,
0000909832,0000909832,COST,2013,2013-09-01,2013-10-16,0001445305-13-002422,data/raw/0000909832/000144530513002422/cost10k2013.htm,
0000909832,0000909832,COST,2014,2014-08-31,2014-10-15,0000909832-14-000021,data/raw/0000909832/000090983214000021/cost10k2014.htm,
0000909832,0000909832,COST,2015,2015-08-30,2015-10-14,0000909832-15-000014,data/raw/0000909832/000090983215000014/cost10k83015.htm,
0000909832,0000909832,COST,2016,2016-08-28,2016-10-12,0000909832-16-000032,data/raw/0000909832/000090983216000032/cost10k82816.htm,
0000909832,0000909832,COST,2017,2017-09-03,2017-10-18,0000909832-17-000014,data/raw/0000909832/000090983217000014/cost10k90317.htm,
0000909832,0000909832,COST,2018,2018-09-02,2018-10-26,0000909832-18-000013,data/raw/0000909832/000090983218000013/cost10k9218.htm,
0000909832,0000909832,COST,2019,2019-09-01,2019-10-11,0000909832-19-000019,data/raw/0000909832/000090983219000019/cost10k9119.htm,
0000909832,0000909832,COST,2020,2020-08-30,2020-10-07,0000909832-20-000017,data/raw/0000909832/000090983220000017/cost-20200830.htm,
0000909832,0000909832,COST,2021,2021-08-29,2021-10-06,0000909832-21-000014,data/raw/0000909832/000090983221000014/cost-20210829.htm,
0000909832,0000909832,COST,2022,2022-08-28,2022-10-05,0000909832-22-000021,data/raw/0000909832/000090983222000021/cost-20220828.htm,
0000909832,0000909832,COST,2023,2023-09-03,2023-10-11,0000909832-23-000042,data/raw/0000909832/000090983223000042/cost-20230903.htm,
0000909832,0000909832,COST,2024,2024-09-01,2024-10-09,0000909832-24-000049,data/raw/0000909832/000090983224000049/cost-20240901.htm,
0000909832,0000909832,COST,2025,2025-08-31,2025-10-08,0000909832-25-000101,data/raw/0000909832/000090983225000101/cost-20250831.htm,
0001108524,0001108524,CRM,2007,2007-01-31,2007-03-09,0001193125-07-051045,data/raw/0001108524/000119312507051045/d10k.htm,
0001108524,0001108524,CRM,2008,2008-01-31,2008-02-29,0001193125-08-043828,data/raw/0001108524/000119312508043828/d10k.htm,
0001108524,0001108524,CRM,2009,2009-01-31,2009-03-09,0001193125-09-048665,data/raw/0001108524/000119312509048665/d10k.htm,
0001108524,0001108524,CRM,2010,2010-01-31,2010-03-11,0001193125-10-053838,data/raw/0001108524/000119312510053838/d10k.htm,
0001108524,0001108524,CRM,2011,2011-01-31,2011-03-23,0001193125-11-075314,data/raw/0001108524/000119312511075314/d10k.htm,
0001108524,0001108524,CRM,2012,2012-01-31,2012-03-09,0001193125-12-107281,data/raw/0001108524/000119312512107281/d279348d10k.htm,
0001108524,0001108524,CRM,2013,2013-01-31,2013-03-08,0001193125-13-098852,data/raw/0001108524/000119312513098852/d466584d10k.htm,
0001108524,0001108524,CRM,2014,2014-01-31,2014-03-05,0001193125-14-084762,data/raw/0001108524/000119312514084762/d648028d10k.htm,
0001108524,0001108524,CRM,2015,2015-01-31,2015-03-06,0001108524-15-000008,data/raw/0001108524/000110852415000008/crm-2015131x10k.htm,
0001108524,0001108524,CRM,2016,2016-01-31,2016-03-07,0001108524-16-000053,data/raw/0001108524/000110852416000053/crm-2016131x10k.htm,
0001108524,0001108524,CRM,2017,2017-01-31,2017-03-06,0001108524-17-000006,data/raw/0001108524/000110852417000006/crm-2017131x10k.htm,
0001108524,0001108524,CRM,2018,2018-01-31,2018-03-09,0001108524-18-000011,data/raw/0001108524/000110852418000011/crmq4fy1810-k.htm,
0001108524,0001108524,CRM,2019,2019-01-31,2019-03-08,0001108524-19-000009,data/raw/0001108524/000110852419000009/crmq4fy1910-k.htm,
0001108524,0001108524,CRM,2020,2020-01-31,2020-03-05,0001108524-20-000014,data/raw/0001108524/000110852420000014/crm-20200131.htm,
0001108524,0001108524,CRM,2021,2021-01-31,2021-03-17,0001108524-22-000008,data/raw/0001108524/000110852422000008/crm-20210131.htm,
0001108524,0001108524,CRM,2022,2022-01-31,2022-03-11,0001108524-22-000013,data/raw/0001108524/000110852422000013/crm-20220131.htm,
0001108524,0001108524,CRM,2023,2023-01-31,2023-03-08,0001108524-23-000011,data/raw/0001108524/000110852423000011/crm-20230131.htm,
0001108524,0001108524,CRM,2024,2024-01-31,2024-03-06,0001108524-24-000005,data/raw/0001108524/000110852424000005/crm-20240131.htm,
0001108524,0001108524,CRM,2025,2025-01-31,2025-03-05,0001108524-25-000006,data/raw/0001108524/000110852425000006/crm-20250131.htm,
0000858877,0000858877,CSCO,2007,2007-07-28,2007-09-18,0001193125-07-202552,data/raw/0000858877/000119312507202552/d10k.htm,
0000858877,0000858877,CSCO,2008,2008-07-26,2008-09-15,0001193125-08-195608,data/raw/0000858877/000119312508195608/d10k.htm,
0000858877,0000858877,CSCO,2009,2009-07-25,2009-09-11,0001193125-09-190326,data/raw/0000858877/000119312509190326/d10k.htm,
0000858877,0000858877,CSCO,2010,2010-07-31,2010-09-21,0001193125-10-213400,data/raw/0000858877/000119312510213400/d10k.htm,
0000858877,0000858877,CSCO,2011,2011-07-30,2011-09-14,0001193125-11-247394,data/raw/0000858877/000119312511247394/d202951d10k.htm,
0000858877,0000858877,CSCO,2012,2012-07-28,2012-09-12,0001193125-12-388590,data/raw/0000858877/000119312512388590/d365054d10k.htm,
0000858877,0000858877,CSCO,2013,2013-07-27,2013-09-10,0000858877-13-000049,data/raw/0000858877/000085887713000049/csco-2013727x10k.htm,
0000858877,0000858877,CSCO,2014,2014-07-26,2014-09-09,0000858877-14-000029,data/raw/0000858877/000085887714000029/csco-2014726x10k.htm,
0000858877,0000858877,CSCO,2015,2015-07-25,2015-09-08,0000858877-15-000070,data/raw/0000858877/000085887715000070/csco-2015725x10k.htm,
0000858877,0000858877,CSCO,2016,2016-07-30,2016-09-08,0000858877-16-000117,data/raw/0000858877/000085887716000117/csco-2016730x10k.htm,
0000858877,0000858877,CSCO,2017,2017-07-29,2017-09-07,0000858877-17-000016,data/raw/0000858877/000085887717000016/csco-2017729x10k.htm,
0000858877,0000858877,CSCO,2018,2018-07-28,2018-09-06,0000858877-18-000011,data/raw/0000858877/000085887718000011/csco-2018728x10k.htm,
0000858877,0000858877,CSCO,2019,2019-07-27,2019-09-05,0000858877-19-000012,data/raw/0000858877/000085887719000012/csco-2019727x10k.htm,
0000858877,0000858877,CSCO,2020,2020-07-25,2020-09-03,0000858877-20-000010,data/raw/0000858877/000085887720000010/csco-2020725x10k.htm,
0000858877,0000858877,CSCO,2021,2021-07-31,2021-09-09,0000858877-21-000013,data/raw/0000858877/000085887721000013/csco-20210731.htm,
0000858877,0000858877,CSCO,2022,2022-07-30,2022-09-08,0000858877-22-000013,data/raw/0000858877/000085887722000013/csco-20220730.htm,
0000858877,0000858877,CSCO,2023,2023-07-29,2023-09-07,0000858877-23-000023,data/raw/0000858877/000085887723000023/csco-20230729.htm,
0000858877,0000858877,CSCO,2024,2024-07-27,2024-09-05,0000858877-24-000017,data/raw/0000858877/000085887724000017/csco-20240727.htm,
0000858877,0000858877,CSCO,2025,2025-07-26,2025-09-03,0000858877-25-000111,data/raw/0000858877/000085887725000111/csco-20250726.htm,
0000064803,0000064803,CVS,2007,2007-12-29,2008-02-27,0001193125-08-040019,data/raw/0000064803/000119312508040019/d10k.htm,
0000064803,0000064803,CVS,2008,2008-12-31,2009-02-27,0001193125-09-041089,data/raw/0000064803/000119312509041089/d10k.htm,
0000064803,0000064803,CVS,2009,2009-12-31,2010-02-26,0001193125-10-043086,data/raw/0000064803/000119312510043086/d10k.htm,
0000064803,0000064803,CVS,2010,2010-12-31,2011-02-18,0001193125-11-040351,data/raw/0000064803/000119312511040351/d10k.htm,
0000064803,0000064803,CVS,2011,2011-12-31,2012-02-17,0001104659-12-010850,data/raw/0000064803/000110465912010850/a11-31657_310k.htm,
0000064803,0000064803,CVS,2012,2012-12-31,2013-02-15,0001104659-13-011354,data/raw/0000064803/000110465913011354/a12-28799_110k.htm,
0000064803,0000064803,CVS,2013,2013-12-31,2014-02-11,0000064803-14-000008,data/raw/0000064803/000006480314000008/cvs-20131231x10k.htm,
0000064803,0000064803,CVS,2014,2014-12-31,2015-02-10,0000064803-15-000008,data/raw/0000064803/000006480315000008/cvs-20141231x10k.htm,
0000064803,0000064803,CVS,2015,2015-12-31,2016-02-09,0000064803-16-000074,data/raw/0000064803/000006480316000074/cvs-20151231x10k.htm,
0000064803,0000064803,CVS,2016,2016-12-31,2017-02-09,0000064803-17-000006,data/raw/0000064803/000006480317000006/cvs-20161231x10k.htm,
0000064803,0000064803,CVS,2017,2017-12-31,2018-02-14,0001558370-18-000707,data/raw/0000064803/000155837018000707/cvs-20171231x10k.htm,
0000064803,0000064803,CVS,2018,2018-12-31,2019-02-28,0000064803-19-000013,data/raw/0000064803/000006480319000013/cvs-2018231x10k.htm,
0000064803,0000064803,CVS,2019,2019-12-31,2020-02-18,0000064803-20-000007,data/raw/0000064803/000006480320000007/a2019form10-k.htm,
0000064803,0000064803,CVS,2020,2020-12-31,2021-02-16,0000064803-21-000011,data/raw/0000064803/000006480321000011/cvs-20201231.htm,
0000064803,0000064803,CVS,2021,2021-12-31,2022-02-09,0000064803-22-000008,data/raw/0000064803/000006480322000008/cvs-20211231.htm,
0000064803,0000064803,CVS,2022,2022-12-31,2023-02-08,0000064803-23-000009,data/raw/0000064803/000006480323000009/cvs-20221231.htm,
0000064803,0000064803,CVS,2023,2023-12-31,2024-02-07,0000064803-24-000007,data/raw/0000064803/000006480324000007/cvs-20231231.htm,
0000064803,0000064803,CVS,2024,2024-12-31,2025-02-12,0000064803-25-000007,data/raw/0000064803/000006480325000007/cvs-20241231.htm,
0000064803,0000064803,CVS,2025,2025-12-31,2026-02-10,0000064803-26-000010,data/raw/0000064803/000006480326000010/cvs-20251231.htm,
0000093410,0000093410,CVX,2007,2007-12-31,2008-02-28,0000950134-08-003672,data/raw/0000093410/000095013408003672/f37829e10vk.htm,
0000093410,0000093410,CVX,2008,2008-12-31,2009-02-26,0000891618-09-000054,data/raw/0000093410/000089161809000054/f50714e10vk.htm,
0000093410,0000093410,CVX,2009,2009-12-31,2010-02-25,0000950123-10-016846,data/raw/0000093410/000095012310016846/f54086e10vk.htm,
0000093410,0000093410,CVX,2010,2010-12-31,2011-02-24,0000950123-11-017688,data/raw/0000093410/000095012311017688/f56670e10vk.htm,
0000093410,0000093410,CVX,2011,2011-12-31,2012-02-23,0000950123-12-002976,data/raw/0000093410/000095012312002976/f60351e10vk.htm,
0000093410,0000093410,CVX,2012,2012-12-31,2013-02-22,0000093410-13-000003,data/raw/0000093410/000009341013000003/cvx-123112x10kdoc.htm,
0000093410,0000093410,CVX,2013,2013-12-31,2014-02-21,0000093410-14-000011,data/raw/0000093410/000009341014000011/cvx-123113x10kdoc.htm,
0000093410,0000093410,CVX,2014,2014-12-31,2015-02-20,0000093410-15-000010,data/raw/0000093410/000009341015000010/cvx-123114x10kdoc.htm,
0000093410,0000093410,CVX,2015,2015-12-31,2016-02-25,0000093410-16-000049,data/raw/0000093410/000009341016000049/cvx-123115x10kdoc.htm,
0000093410,0000093410,CVX,2016,2016-12-31,2017-02-23,0000093410-17-000013,data/raw/0000093410/000009341017000013/cvx-123116x10kdoc.htm,
0000093410,0000093410,CVX,2017,2017-12-31,2018-02-22,0000093410-18-000010,data/raw/0000093410/000009341018000010/cvx12312017-10kdoc.htm,
0000093410,0000093410,CVX,2018,2018-12-31,2019-02-22,0000093410-19-000008,data/raw/0000093410/000009341019000008/cvx12312018-10kdoc.htm,
0000093410,0000093410,CVX,2019,2019-12-31,2020-02-21,0000093410-20-000010,data/raw/0000093410/000009341020000010/cvx12312019-10kdoc.htm,
0000093410,0000093410,CVX,2020,2020-12-31,2021-02-25,0000093410-21-000009,data/raw/0000093410/000009341021000009/cvx-20201231.htm,
0000093410,0000093410,CVX,2021,2021-12-31,2022-02-24,0000093410-22-000019,data/raw/0000093410/000009341022000019/cvx-20211231.htm,
0000093410,0000093410,CVX,2022,2022-12-31,2023-02-23,0000093410-23-000009,data/raw/0000093410/000009341023000009/cvx-20221231.htm,
0000093410,0000093410,CVX,2023,2023-12-31,2024-02-26,0000093410-24-000013,data/raw/0000093410/000009341024000013/cvx-20231231.htm,
0000093410,0000093410,CVX,2024,2024-12-31,2025-02-21,0000093410-25-000009,data/raw/0000093410/000009341025000009/cvx-20241231.htm,
0000093410,0000093410,CVX,2025,2025-12-31,2026-02-24,0000093410-26-000078,data/raw/0000093410/000009341026000078/cvx-20251231.htm,
0000315189,0000315189,DE,2007,2007-10-31,2007-12-20,0001104659-07-090067,data/raw/0000315189/000110465907090067/a07-30888_110k.htm,
0000315189,0000315189,DE,2008,2008-10-31,2008-12-18,0001104659-08-077324,data/raw/0000315189/000110465908077324/a08-29515_110k.htm,
0000315189,0000315189,DE,2009,2009-10-31,2009-12-17,0001104659-09-070344,data/raw/0000315189/000110465909070344/a09-32005_110k.htm,
0000315189,0000315189,DE,2010,2010-10-31,2010-12-17,0001104659-10-063219,data/raw/0000315189/000110465910063219/a10-17745_110k.htm,
0000315189,0000315189,DE,2011,2011-10-31,2011-12-19,0001104659-11-070023,data/raw/0000315189/000110465911070023/a11-24734_110k.htm,
0000315189,0000315189,DE,2012,2012-10-31,2012-12-17,0001104659-12-084558,data/raw/0000315189/000110465912084558/a12-16222_110k.htm,
0000315189,0000315189,DE,2013,2013-10-31,2013-12-16,0001104659-13-090354,data/raw/0000315189/000110465913090354/a13-17985_110k.htm,
0000315189,0000315189,DE,2014,2014-10-31,2014-12-19,0001104659-14-087794,data/raw/0000315189/000110465914087794/a14-20671_110k.htm,
0000315189,0000315189,DE,2015,2015-10-31,2015-12-18,0001047469-15-009300,data/raw/0000315189/000104746915009300/a2226814z10-k.htm,
0000315189,0000315189,DE,2016,2016-10-31,2016-12-19,0001047469-16-017244,data/raw/0000315189/000104746916017244/a2230400z10-k.htm,
0000315189,0000315189,DE,2017,2017-10-29,2017-12-18,0001047469-17-007719,data/raw/0000315189/000104746917007719/a2233505z10-k.htm,
0000315189,0000315189,DE,2018,2018-10-28,2018-12-17,0001047469-18-007694,data/raw/0000315189/000104746918007694/a2236950z10-k.htm,
0000315189,0000315189,DE,2019,2019-11-03,2019-12-19,0001558370-19-011614,data/raw/0000315189/000155837019011614/de-20191103x10k.htm,
0000315189,0000315189,DE,2020,2020-11-01,2020-12-17,0001558370-20-014436,data/raw/0000315189/000155837020014436/de-20201101x10k.htm,
0000315189,0000315189,DE,2021,2021-10-31,2021-12-16,0001558370-21-016864,data/raw/0000315189/000155837021016864/de-20211031x10k.htm,
0000315189,0000315189,DE,2022,2022-10-30,2022-12-15,0001558370-22-018703,data/raw/0000315189/000155837022018703/de-20221030x10k.htm,
0000315189,0000315189,DE,2023,2023-10-29,2023-12-15,0001558370-23-019812,data/raw/0000315189/000155837023019812/de-20231029x10k.htm,
0000315189,0000315189,DE,2024,2024-10-27,2024-12-12,0001558370-24-016169,data/raw/0000315189/000155837024016169/de-20241027x10k.htm,
0000315189,0000315189,DE,2025,2025-11-02,2025-12-18,0001104659-25-122321,data/raw/0000315189/000110465925122321/de-20251102x10k.htm,
0000313616,0000313616,DHR,2007,2007-12-31,2008-02-21,0001193125-08-034637,data/raw/0000313616/000119312508034637/d10k.htm,
0000313616,0000313616,DHR,2008,2008-12-31,2009-02-25,0001193125-09-037468,data/raw/0000313616/000119312509037468/d10k.htm,
0000313616,0000313616,DHR,2009,2009-12-31,2010-02-24,0001193125-10-038977,data/raw/0000313616/000119312510038977/d10k.htm,
0000313616,0000313616,DHR,2010,2010-12-31,2011-02-24,0001193125-11-044412,data/raw/0000313616/000119312511044412/d10k.htm,
0000313616,0000313616,DHR,2011,2011-12-31,2012-02-24,0001193125-12-076756,data/raw/0000313616/000119312512076756/d257309d10k.htm,
0000313616,0000313616,DHR,2012,2012-12-31,2013-02-22,0000313616-13-000026,data/raw/0000313616/000031361613000026/dhr-20121231x10xk.htm,
0000313616,0000313616,DHR,2013,2013-12-31,2014-02-21,0000313616-14-000023,data/raw/0000313616/000031361614000023/dhr-20131231x10xk.htm,
0000313616,0000313616,DHR,2014,2014-12-31,2015-02-25,0000313616-15-000038,data/raw/0000313616/000031361615000038/dhr-20141231x10xk.htm,
0000313616,0000313616,DHR,2015,2015-12-31,2016-02-24,0000313616-16-000145,data/raw/0000313616/000031361616000145/dhr-20151231x10xk.htm,
0000313616,0000313616,DHR,2016,2016-12-31,2017-02-22,0000313616-17-000066,data/raw/0000313616/000031361617000066/dhr-20161231x10xk.htm,
0000313616,0000313616,DHR,2017,2017-12-31,2018-02-21,0000313616-18-000038,data/raw/0000313616/000031361618000038/dhr-20171231x10xk.htm,
0000313616,0000313616,DHR,2018,2018-12-31,2019-02-21,0000313616-19-000035,data/raw/0000313616/000031361619000035/dhr-20181231x10xk.htm,
0000313616,0000313616,DHR,2019,2019-12-31,2020-02-21,0000313616-20-000041,data/raw/0000313616/000031361620000041/dhr-20191231x10xk.htm,
0000313616,0000313616,DHR,2020,2020-12-31,2021-02-25,0000313616-21-000045,data/raw/0000313616/000031361621000045/dhr-20201231.htm,
0000313616,0000313616,DHR,2021,2021-12-31,2022-02-23,0000313616-22-000061,data/raw/0000313616/000031361622000061/dhr-20211231.htm,
0000313616,0000313616,DHR,2022,2022-12-31,2023-02-22,0000313616-23-000087,data/raw/0000313616/000031361623000087/dhr-20221231.htm,
0000313616,0000313616,DHR,2023,2023-12-31,2024-02-21,0000313616-24-000052,data/raw/0000313616/000031361624000052/dhr-20231231.htm,
0000313616,0000313616,DHR,2024,2024-12-31,2025-02-20,0000313616-25-000043,data/raw/0000313616/000031361625000043/dhr-20241231.htm,
0000313616,0000313616,DHR,2025,2025-12-31,2026-02-24,0000313616-26-000062,data/raw/0000313616/000031361626000062/dhr-20251231.htm,
0001744489,0001001039,DIS,2007,2007-09-29,2007-11-21,0001193125-07-252227,data/raw/0001001039/000119312507252227/d10k.htm,
0001744489,0001001039,DIS,2008,2008-09-27,2008-11-20,0001193125-08-240242,data/raw/0001001039/000119312508240242/d10k.htm,
0001744489,0001001039,DIS,2009,2009-10-03,2009-12-02,0001193125-09-245848,data/raw/0001001039/000119312509245848/d10k.htm,
0001744489,0001001039,DIS,2010,2010-10-02,2010-11-24,0001193125-10-268910,data/raw/0001001039/000119312510268910/d10k.htm,
0001744489,0001001039,DIS,2011,2011-10-01,2011-11-23,0001193125-11-321340,data/raw/0001001039/000119312511321340/d232174d10k.htm,
0001744489,0001001039,DIS,2012,2012-09-29,2012-11-21,0001193125-12-479027,data/raw/0001001039/000119312512479027/d405160d10k.htm,
0001744489,0001001039,DIS,2013,2013-09-28,2013-11-20,0001001039-13-000164,data/raw/0001001039/000100103913000164/fy2013_q4x10k.htm,
0001744489,0001001039,DIS,2014,2014-09-27,2014-11-19,0001001039-14-000228,data/raw/0001001039/000100103914000228/fy2014_q4x10k.htm,
0001744489,0001001039,DIS,2015,2015-10-03,2015-11-25,0001001039-15-000255,data/raw/0001001039/000100103915000255/fy2015_q4x10k.htm,
0001744489,0001001039,DIS,2016,2016-10-01,2016-11-23,0001001039-16-000516,data/raw/0001001039/000100103916000516/fy2016_q4x10k.htm,
0001744489,0001001039,DIS,2017,2017-09-30,2017-11-22,0001001039-17-000198,data/raw/0001001039/000100103917000198/fy2017_q4x10k.htm,
0001744489,0001001039,DIS,2018,2018-09-29,2018-11-21,0001001039-18-000187,data/raw/0001001039/000100103918000187/fy2018_q4x10k.htm,
0001744489,0001744489,DIS,2019,2019-09-28,2019-11-20,0001744489-19-000225,data/raw/0001744489/000174448919000225/fy2019q410k.htm,
0001744489,0001744489,DIS,2020,2020-10-03,2020-11-25,0001744489-20-000197,data/raw/0001744489/000174448920000197/dis-20201003.htm,
0001744489,0001744489,DIS,2021,2021-10-02,2021-11-24,0001744489-21-000220,data/raw/0001744489/000174448921000220/dis-20211002.htm,
0001744489,0001744489,DIS,2022,2022-10-01,2022-11-29,0001744489-22-000213,data/raw/0001744489/000174448922000213/dis-20221001.htm,
0001744489,0001744489,DIS,2023,2023-09-30,2023-11-21,0001744489-23-000216,data/raw/0001744489/000174448923000216/dis-20230930.htm,
0001744489,0001744489,DIS,2024,2024-09-28,2024-11-14,0001744489-24-000276,data/raw/0001744489/000174448924000276/dis-20240928.htm,
0001744489,0001744489,DIS,2025,2025-09-27,2025-11-13,0001744489-25-000155,data/raw/0001744489/000174448925000155/dis-20250927.htm,
0001326160,0001326160,DUK,2007,2007-12-31,2008-02-29,0001193125-08-043884,data/raw/0001326160/000119312508043884/d10k.htm,
0001326160,0001326160,DUK,2008,2008-12-31,2009-02-27,0001193125-09-041096,data/raw/0001326160/000119312509041096/d10k.htm,
0001326160,0001326160,DUK,2009,2009-12-31,2010-02-26,0001193125-10-043083,data/raw/0001326160/000119312510043083/d10k.htm,
0001326160,0001326160,DUK,2010,2010-12-31,2011-02-25,0001193125-11-047229,data/raw/0001326160/000119312511047229/d10k.htm,
0001326160,0001326160,DUK,2011,2011-12-31,2012-02-28,0001193125-12-085533,data/raw/0001326160/000119312512085533/d265218d10k.htm,
0001326160,0001326160,DUK,2012,2012-12-31,2013-03-01,0001326160-13-000009,data/raw/0001326160/000132616013000009/form10k.htm,
0001326160,0001326160,DUK,2013,2013-12-31,2014-02-28,0001326160-14-000003,data/raw/0001326160/000132616014000003/form10k.htm,
0001326160,0001326160,DUK,2014,2014-12-31,2015-03-02,0001326160-15-000008,data/raw/0001326160/000132616015000008/duk-20141231x10k.htm,
0001326160,0001326160,DUK,2015,2015-12-31,2016-02-25,0001326160-16-000221,data/raw/0001326160/000132616016000221/duk-20151231x10k.htm,
0001326160,0001326160,DUK,2016,2016-12-31,2017-02-24,0001326160-17-000016,data/raw/0001326160/000132616017000016/duk-20161231x10k.htm,
0001326160,0001326160,DUK,2017,2017-12-31,2018-02-21,0001326160-18-000034,data/raw/0001326160/000132616018000034/duk-20171231x10k.htm,
0001326160,0001326160,DUK,2018,2018-12-31,2019-02-28,0001326160-19-000057,data/raw/0001326160/000132616019000057/duk-20181231x10k.htm,
0001326160,0001326160,DUK,2019,2019-12-31,2020-02-20,0001326160-20-000034,data/raw/0001326160/000132616020000034/duk-20191231x10k.htm,
0001326160,0001326160,DUK,2020,2020-12-31,2021-02-25,0001326160-21-000063,data/raw/0001326160/000132616021000063/duk-20201231.htm,
0001326160,0001326160,DUK,2021,2021-12-31,2022-02-24,0001326160-22-000072,data/raw/0001326160/000132616022000072/duk-20211231.htm,
0001326160,0001326160,DUK,2022,2022-12-31,2023-02-27,0001326160-23-000073,data/raw/0001326160/000132616023000073/duk-20221231.htm,
0001326160,0001326160,DUK,2023,2023-12-31,2024-02-23,0001326160-24-000037,data/raw/0001326160/000132616024000037/duk-20231231.htm,
0001326160,0001326160,DUK,2024,2024-12-31,2025-02-27,0001326160-25-000072,data/raw/0001326160/000132616025000072/duk-20241231.htm,
0001326160,0001326160,DUK,2025,2025-12-31,2026-02-26,0001326160-26-000014,data/raw/0001326160/000132616026000014/duk-20251231.htm,
0000032604,0000032604,EMR,2007,2007-09-30,2007-11-19,0001144204-07-063041,data/raw/0000032604/000114420407063041/v094142_10k.htm,
0000032604,0000032604,EMR,2008,2008-09-30,2008-11-25,0001144204-08-066523,data/raw/0000032604/000114420408066523/v132847_10k.htm,
0000032604,0000032604,EMR,2009,2009-09-30,2009-11-23,0001144204-09-061535,data/raw/0000032604/000114420409061535/v166921_10k.htm,
0000032604,0000032604,EMR,2010,2010-09-30,2010-11-23,0001144204-10-063258,data/raw/0000032604/000114420410063258/v203504_10k.htm,
0000032604,0000032604,EMR,2011,2011-09-30,2011-11-22,0001144204-11-066373,data/raw/0000032604/000114420411066373/v236587_10k.htm,
0000032604,0000032604,EMR,2012,2012-09-30,2012-11-20,0000032604-12-000012,data/raw/0000032604/000003260412000012/emr930201210-k.htm,
0000032604,0000032604,EMR,2013,2013-09-30,2013-11-19,0000032604-13-000044,data/raw/0000032604/000003260413000044/emr930201310-k.htm,
0000032604,0000032604,EMR,2014,2014-09-30,2014-11-19,0000032604-14-000048,data/raw/0000032604/000003260414000048/emr930201410-k.htm,
0000032604,0000032604,EMR,2015,2015-09-30,2015-11-18,0000032604-15-000051,data/raw/0000032604/000003260415000051/emr930201510-k.htm,
0000032604,0000032604,EMR,2016,2016-09-30,2016-11-16,0000032604-16-000105,data/raw/0000032604/000003260416000105/emr930201610-k.htm,
0000032604,0000032604,EMR,2017,2017-09-30,2017-11-20,0000032604-17-000046,data/raw/0000032604/000003260417000046/emr-09302017x10xk.htm,
0000032604,0000032604,EMR,2018,2018-09-30,2018-11-19,0000032604-18-000044,data/raw/0000032604/000003260418000044/emr-09302018x10xk.htm,
0000032604,0000032604,EMR,2019,2019-09-30,2019-11-18,0000032604-19-000048,data/raw/0000032604/000003260419000048/emr-09302019x10xk.htm,
0000032604,0000032604,EMR,2020,2020-09-30,2020-11-16,0000032604-20-000041,data/raw/0000032604/000003260420000041/emr-20200930.htm,
0000032604,0000032604,EMR,2021,2021-09-30,2021-11-15,0000032604-21-000038,data/raw/0000032604/000003260421000038/emr-20210930.htm,
0000032604,0000032604,EMR,2022,2022-09-30,2022-11-14,0000032604-22-000041,data/raw/0000032604/000003260422000041/emr-20220930.htm,
0000032604,0000032604,EMR,2023,2023-09-30,2023-11-13,0000032604-23-000044,data/raw/0000032604/000003260423000044/emr-20230930.htm,
0000032604,0000032604,EMR,2024,2024-09-30,2024-11-12,0000032604-24-000041,data/raw/0000032604/000003260424000041/emr-20240930.htm,
0000032604,0000032604,EMR,2025,2025-09-30,2025-11-10,0000032604-25-000087,data/raw/0000032604/000003260425000087/emr-20250930.htm,
0001048911,0001048911,FDX,2007,2007-05-31,2007-07-13,0000950144-07-006556,data/raw/0001048911/000095014407006556/g08210e10vk.htm,
0001048911,0001048911,FDX,2008,2008-05-31,2008-07-16,0001362310-08-003669,data/raw/0001048911/000136231008003669/c73820e10vk.htm,
0001048911,0001048911,FDX,2009,2009-05-31,2009-07-15,0000950123-09-022417,data/raw/0001048911/000095012309022417/c87681e10vk.htm,
0001048911,0001048911,FDX,2010,2010-05-31,2010-07-15,0000950123-10-065730,data/raw/0001048911/000095012310065730/c03116e10vk.htm,
0001048911,0001048911,FDX,2011,2011-05-31,2011-07-12,0000950123-11-065246,data/raw/0001048911/000095012311065246/c19556e10vk.htm,
0001048911,0001048911,FDX,2012,2012-05-31,2012-07-16,0001193125-12-303558,data/raw/0001048911/000119312512303558/d375407d10k.htm,
0001048911,0001048911,FDX,2013,2013-05-31,2013-07-15,0001193125-13-290858,data/raw/0001048911/000119312513290858/d563720d10k.htm,
0001048911,0001048911,FDX,2014,2014-05-31,2014-07-14,0001193125-14-267851,data/raw/0001048911/000119312514267851/d752614d10k.htm,
0001048911,0001048911,FDX,2015,2015-05-31,2015-07-14,0001193125-15-252494,data/raw/0001048911/000119312515252494/d48165d10k.htm,
0001048911,0001048911,FDX,2016,2016-05-31,2016-07-18,0001193125-16-650267,data/raw/0001048911/000119312516650267/d207174d10k.htm,
0001048911,0001048911,FDX,2017,2017-05-31,2017-07-17,0000950123-17-006152,data/raw/0001048911/000095012317006152/fdx-10k_20170531.htm,
0001048911,0001048911,FDX,2018,2018-05-31,2018-07-16,0001564590-18-016877,data/raw/0001048911/000156459018016877/fdx-10k_20180531.htm,
0001048911,0001048911,FDX,2019,2019-05-31,2019-07-16,0001564590-19-025065,data/raw/0001048911/000156459019025065/fdx-10k_20190531.htm,
0001048911,0001048911,FDX,2020,2020-05-31,2020-07-20,0001564590-20-032775,data/raw/0001048911/000156459020032775/fdx-10k_20200531.htm,
0001048911,0001048911,FDX,2021,2021-05-31,2021-07-19,0001564590-21-037031,data/raw/0001048911/000156459021037031/fdx-10k_20210531.htm,
0001048911,0001048911,FDX,2022,2022-05-31,2022-07-18,0000950170-22-012762,data/raw/0001048911/000095017022012762/fdx-20220531.htm,
0001048911,0001048911,FDX,2023,2023-05-31,2023-07-17,0000950170-23-033201,data/raw/0001048911/000095017023033201/fdx-20230531.htm,
0001048911,0001048911,FDX,2024,2024-05-31,2024-07-15,0000950170-24-083577,data/raw/0001048911/000095017024083577/fdx-20240531.htm,
0001048911,0001048911,FDX,2025,2025-05-31,2025-07-21,0001048911-25-000011,data/raw/0001048911/000104891125000011/fdx-20250531.htm,
0000040533,0000040533,GD,2007,2007-12-31,2008-02-22,0001193125-08-035841,data/raw/0000040533/000119312508035841/d10k.htm,
0000040533,0000040533,GD,2008,2008-12-31,2009-02-20,0001193125-09-033556,data/raw/0000040533/000119312509033556/d10k.htm,
0000040533,0000040533,GD,2009,2009-12-31,2010-02-19,0001193125-10-034883,data/raw/0000040533/000119312510034883/d10k.htm,
0000040533,0000040533,GD,2010,2010-12-31,2011-02-18,0001193125-11-039769,data/raw/0000040533/000119312511039769/d10k.htm,
0000040533,0000040533,GD,2011,2011-12-31,2012-02-17,0001193125-12-066385,data/raw/0000040533/000119312512066385/d271667d10k.htm,
0000040533,0000040533,GD,2012,2012-12-31,2013-02-08,0000040533-13-000005,data/raw/0000040533/000004053313000005/gd-2012123110k.htm,
0000040533,0000040533,GD,2013,2013-12-31,2014-02-07,0000040533-14-000002,data/raw/0000040533/000004053314000002/gd-2013123110k.htm,
0000040533,0000040533,GD,2014,2014-12-31,2015-02-09,0000040533-15-000009,data/raw/0000040533/000004053315000009/gd-2014123110k.htm,
0000040533,0000040533,GD,2015,2015-12-31,2016-02-08,0000040533-16-000056,data/raw/0000040533/000004053316000056/gd-2015123110k.htm,
0000040533,0000040533,GD,2016,2016-12-31,2017-02-06,0000040533-17-000006,data/raw/0000040533/000004053317000006/gd-2016123110k.htm,
0000040533,0000040533,GD,2017,2017-12-31,2018-02-12,0000040533-18-000008,data/raw/0000040533/000004053318000008/gd-2017123110k.htm,
0000040533,0000040533,GD,2018,2018-12-31,2019-02-13,0000040533-19-000010,data/raw/0000040533/000004053319000010/gd-2018123110k.htm,
0000040533,0000040533,GD,2019,2019-12-31,2020-02-10,0000040533-20-000015,data/raw/0000040533/000004053320000015/gd-2019123110k.htm,
0000040533,0000040533,GD,2020,2020-12-31,2021-02-09,0000040533-21-000010,data/raw/0000040533/000004053321000010/gd-20201231.htm,
0000040533,0000040533,GD,2021,2021-12-31,2022-02-09,0000040533-22-000007,data/raw/0000040533/000004053322000007/gd-20211231.htm,
0000040533,0000040533,GD,2022,2022-12-31,2023-02-07,0000040533-23-000014,data/raw/0000040533/000004053323000014/gd-20221231.htm,
0000040533,0000040533,GD,2023,2023-12-31,2024-02-08,0000040533-24-000007,data/raw/0000040533/000004053324000007/gd-20231231.htm,
0000040533,0000040533,GD,2024,2024-12-31,2025-02-07,0000040533-25-000008,data/raw/0000040533/000004053325000008/gd-20241231.htm,
0000040533,0000040533,GD,2025,2025-12-31,2026-01-30,0000040533-26-000006,data/raw/0000040533/000004053326000006/gd-20251231.htm,
0000040545,0000040545,GE,2007,2007-12-31,2008-02-20,0000040545-08-000011,data/raw/0000040545/000004054508000011/frm10k.htm,
0000040545,0000040545,GE,2008,2008-12-31,2009-02-18,0000040545-09-000012,data/raw/0000040545/000004054509000012/frm10k.htm,
0000040545,0000040545,GE,2009,2009-12-31,2010-02-19,0000040545-10-000010,data/raw/0000040545/000004054510000010/frm10k.htm,
0000040545,0000040545,GE,2010,2010-12-31,2011-02-25,0001193125-11-047479,data/raw/0000040545/000119312511047479/d10k.htm,
0000040545,0000040545,GE,2011,2011-12-31,2012-02-24,0000040545-12-000016,data/raw/0000040545/000004054512000016/ge10k.htm,
0000040545,0000040545,GE,2012,2012-12-31,2013-02-26,0000040545-13-000036,data/raw/0000040545/000004054513000036/geform10k2012.htm,
0000040545,0000040545,GE,2013,2013-12-31,2014-02-27,0000040554-14-000023,data/raw/0000040545/000004055414000023/geform10k2013.htm,
0000040545,0000040545,GE,2015,2015-12-31,2016-02-26,0000040545-16-000145,data/raw/0000040545/000004054516000145/ge10k2015.htm,
0000040545,0000040545,GE,2016,2016-12-31,2017-02-24,0000040545-17-000010,data/raw/0000040545/000004054517000010/ge10k2016.htm,
0000040545,0000040545,GE,2017,2017-12-31,2018-02-23,0000040545-18-000014,data/raw/0000040545/000004054518000014/ge10-k2017.htm,
0000040545,0000040545,GE,2018,2018-12-31,2019-02-26,0000040545-19-000014,data/raw/0000040545/000004054519000014/ge10-k2018.htm,
0000040545,0000040545,GE,2019,2019-12-31,2020-02-24,0000040545-20-000009,data/raw/0000040545/000004054520000009/ge10-k2019.htm,
0000040545,0000040545,GE,2020,2020-12-31,2021-02-12,0000040545-21-000011,data/raw/0000040545/000004054521000011/ge-20201231.htm,
0000040545,0000040545,GE,2021,2021-12-31,2022-02-11,0000040545-22-000008,data/raw/0000040545/000004054522000008/ge-20211231.htm,
0000040545,0000040545,GE,2022,2022-12-31,2023-02-10,0000040545-23-000023,data/raw/0000040545/000004054523000023/ge-20221231.htm,
0000040545,0000040545,GE,2023,2023-12-31,2024-02-02,0000040545-24-000027,data/raw/0000040545/000004054524000027/ge-20231231.htm,
0000040545,0000040545,GE,2024,2024-12-31,2025-02-03,0000040545-25-000015,data/raw/0000040545/000004054525000015/ge-20241231.htm,
0000040545,0000040545,GE,2025,2025-12-31,2026-01-29,0000040545-26-000008,data/raw/0000040545/000004054526000008/ge-20251231.htm,
0001996810,0001996810,GEV,2024,2024-12-31,2025-02-06,0001996810-25-000011,data/raw/0001996810/000199681025000011/gev-20241231.htm,
0001996810,0001996810,GEV,2025,2025-12-31,2026-01-29,0001996810-26-000015,data/raw/0001996810/000199681026000015/gev-20251231.htm,
0000882095,0000882095,GILD,2007,2007-12-31,2008-02-27,0001193125-08-040255,data/raw/0000882095/000119312508040255/d10k.htm,
0000882095,0000882095,GILD,2008,2008-12-31,2009-02-27,0001193125-09-040769,data/raw/0000882095/000119312509040769/d10k.htm,
0000882095,0000882095,GILD,2009,2009-12-31,2010-03-01,0001193125-10-044753,data/raw/0000882095/000119312510044753/d10k.htm,
0000882095,0000882095,GILD,2010,2010-12-31,2011-02-28,0001193125-11-050041,data/raw/0000882095/000119312511050041/d10k.htm,
0000882095,0000882095,GILD,2011,2011-12-31,2012-02-23,0001193125-12-075335,data/raw/0000882095/000119312512075335/d260199d10k.htm,
0000882095,0000882095,GILD,2012,2012-12-31,2013-02-27,0000882095-13-000015,data/raw/0000882095/000088209513000015/a2012form10-k.htm,
0000882095,0000882095,GILD,2013,2013-12-31,2014-02-25,0000882095-14-000013,data/raw/0000882095/000088209514000013/a2013form10-k.htm,
0000882095,0000882095,GILD,2014,2014-12-31,2015-02-25,0000882095-15-000008,data/raw/0000882095/000088209515000008/a2014form10-k.htm,
0000882095,0000882095,GILD,2015,2015-12-31,2016-02-24,0000882095-16-000039,data/raw/0000882095/000088209516000039/a2015form10-k.htm,
0000882095,0000882095,GILD,2016,2016-12-31,2017-02-27,0000882095-17-000006,data/raw/0000882095/000088209517000006/a2016form10-k.htm,
0000882095,0000882095,GILD,2017,2017-12-31,2018-02-27,0000882095-18-000008,data/raw/0000882095/000088209518000008/a2017form10-k.htm,
0000882095,0000882095,GILD,2018,2018-12-31,2019-02-26,0000882095-19-000006,data/raw/0000882095/000088209519000006/a2018form10-k.htm,
0000882095,0000882095,GILD,2019,2019-12-31,2020-02-25,0000882095-20-000006,data/raw/0000882095/000088209520000006/a2019form10-k.htm,
0000882095,0000882095,GILD,2020,2020-12-31,2021-02-25,0000882095-21-000008,data/raw/0000882095/000088209521000008/gild-20201231.htm,
0000882095,0000882095,GILD,2021,2021-12-31,2022-02-23,0000882095-22-000007,data/raw/0000882095/000088209522000007/gild-20211231.htm,
0000882095,0000882095,GILD,2022,2022-12-31,2023-02-22,0000882095-23-000007,data/raw/0000882095/000088209523000007/gild-20221231.htm,
0000882095,0000882095,GILD,2023,2023-12-31,2024-02-23,0000882095-24-000007,data/raw/0000882095/000088209524000007/gild-20231231.htm,
0000882095,0000882095,GILD,2024,2024-12-31,2025-02-28,0000882095-25-000006,data/raw/0000882095/000088209525000006/gild-20241231.htm,
0000882095,0000882095,GILD,2025,2025-12-31,2026-02-24,0000882095-26-000006,data/raw/0000882095/000088209526000006/gild-20251231.htm,
0001467858,0001467858,GM,2009,2009-12-31,2010-04-07,0001193125-10-078119,data/raw/0001467858/000119312510078119/d10k.htm,
0001467858,0001467858,GM,2010,2010-12-31,2011-03-01,0001193125-11-051462,data/raw/0001467858/000119312511051462/d10k.htm,
0001467858,0001467858,GM,2011,2011-12-31,2012-02-27,0001467858-12-000014,data/raw/0001467858/000146785812000014/gm201110k.htm,
0001467858,0001467858,GM,2012,2012-12-31,2013-02-15,0001467858-13-000025,data/raw/0001467858/000146785813000025/gm201210k.htm,
0001467858,0001467858,GM,2013,2013-12-31,2014-02-06,0001467858-14-000043,data/raw/0001467858/000146785814000043/gm201310k.htm,
0001467858,0001467858,GM,2014,2014-12-31,2015-02-04,0001467858-15-000036,data/raw/0001467858/000146785815000036/gm201410k.htm,
0001467858,0001467858,GM,2015,2015-12-31,2016-02-03,0001467858-16-000255,data/raw/0001467858/000146785816000255/gm201510k.htm,
0001467858,0001467858,GM,2016,2016-12-31,2017-02-07,0001467858-17-000028,data/raw/0001467858/000146785817000028/gm201610k.htm,
0001467858,0001467858,GM,2017,2017-12-31,2018-02-06,0001467858-18-000022,data/raw/0001467858/000146785818000022/gm201710k.htm,
0001467858,0001467858,GM,2018,2018-12-31,2019-02-06,0001467858-19-000033,data/raw/0001467858/000146785819000033/gm201810k.htm,
0001467858,0001467858,GM,2019,2019-12-31,2020-02-05,0001467858-20-000028,data/raw/0001467858/000146785820000028/gm201910k.htm,
0001467858,0001467858,GM,2020,2020-12-31,2021-02-10,0001467858-21-000037,data/raw/0001467858/000146785821000037/gm-20201231.htm,
0001467858,0001467858,GM,2021,2021-12-31,2022-02-02,0001467858-22-000034,data/raw/0001467858/000146785822000034/gm-20211231.htm,
0001467858,0001467858,GM,2022,2022-12-31,2023-01-31,0001467858-23-000029,data/raw/0001467858/000146785823000029/gm-20221231.htm,
0001467858,0001467858,GM,2023,2023-12-31,2024-01-30,0001467858-24-000031,data/raw/0001467858/000146785824000031/gm-20231231.htm,
0001467858,0001467858,GM,2024,2024-12-31,2025-01-28,0001467858-25-000032,data/raw/0001467858/000146785825000032/gm-20241231.htm,
0001467858,0001467858,GM,2025,2025-12-31,2026-01-27,0001467858-26-000013,data/raw/0001467858/000146785826000013/gm-20251231.htm,
0001652044,0001288776,GOOGL,2007,2007-12-31,2008-02-15,0001193125-08-032690,data/raw/0001288776/000119312508032690/d10k.htm,
0001652044,0001288776,GOOGL,2008,2008-12-31,2009-02-13,0001193125-09-029448,data/raw/0001288776/000119312509029448/d10k.htm,
0001652044,0001288776,GOOGL,2009,2009-12-31,2010-02-12,0001193125-10-030774,data/raw/0001288776/000119312510030774/d10k.htm,
0001652044,0001288776,GOOGL,2010,2010-12-31,2011-02-11,0001193125-11-032930,data/raw/0001288776/000119312511032930/d10k.htm,
0001652044,0001288776,GOOGL,2011,2011-12-31,2012-01-26,0001193125-12-025336,data/raw/0001288776/000119312512025336/d260164d10k.htm,
0001652044,0001288776,GOOGL,2012,2012-12-31,2013-01-29,0001193125-13-028362,data/raw/0001288776/000119312513028362/d452134d10k.htm,
0001652044,0001288776,GOOGL,2013,2013-12-31,2014-02-12,0001288776-14-000020,data/raw/0001288776/000128877614000020/goog2013123110-k.htm,
0001652044,0001288776,GOOGL,2014,2014-12-31,2015-02-09,0001288776-15-000008,data/raw/0001288776/000128877615000008/goog2014123110-k.htm,
0001652044,0001652044,GOOGL,2015,2015-12-31,2016-02-11,0001652044-16-000012,data/raw/0001652044/000165204416000012/goog10-k2015.htm,
0001652044,0001652044,GOOGL,2016,2016-12-31,2017-02-03,0001652044-17-000008,data/raw/0001652044/000165204417000008/goog10-kq42016.htm,
0001652044,0001652044,GOOGL,2017,2017-12-31,2018-02-06,0001652044-18-000007,data/raw/0001652044/000165204418000007/goog10-kq42017.htm,
0001652044,0001652044,GOOGL,2018,2018-12-31,2019-02-05,0001652044-19-000004,data/raw/0001652044/000165204419000004/goog10-kq42018.htm,
0001652044,0001652044,GOOGL,2019,2019-12-31,2020-02-04,0001652044-20-000008,data/raw/0001652044/000165204420000008/goog10-k2019.htm,
0001652044,0001652044,GOOGL,2020,2020-12-31,2021-02-03,0001652044-21-000010,data/raw/0001652044/000165204421000010/goog-20201231.htm,
0001652044,0001652044,GOOGL,2021,2021-12-31,2022-02-02,0001652044-22-000019,data/raw/0001652044/000165204422000019/goog-20211231.htm,
0001652044,0001652044,GOOGL,2022,2022-12-31,2023-02-03,0001652044-23-000016,data/raw/0001652044/000165204423000016/goog-20221231.htm,
0001652044,0001652044,GOOGL,2023,2023-12-31,2024-01-31,0001652044-24-000022,data/raw/0001652044/000165204424000022/goog-20231231.htm,
0001652044,0001652044,GOOGL,2024,2024-12-31,2025-02-05,0001652044-25-000014,data/raw/0001652044/000165204425000014/goog-20241231.htm,
0001652044,0001652044,GOOGL,2025,2025-12-31,2026-02-05,0001652044-26-000018,data/raw/0001652044/000165204426000018/goog-20251231.htm,
0000886982,0000886982,GS,2007,2007-11-30,2008-01-29,0000950123-08-000857,data/raw/0000886982/000095012308000857/y46519e10vk.htm,
0000886982,0000886982,GS,2008,2008-11-28,2009-01-27,0000950123-09-001278,data/raw/0000886982/000095012309001278/y74032e10vk.htm,
0000886982,0000886982,GS,2009,2009-12-31,2010-03-01,0000950123-10-018464,data/raw/0000886982/000095012310018464/y81914e10vk.htm,
0000886982,0000886982,GS,2010,2010-12-31,2011-03-01,0000950123-11-020067,data/raw/0000886982/000095012311020067/y88213e10vk.htm,
0000886982,0000886982,GS,2011,2011-12-31,2012-02-28,0001193125-12-085822,data/raw/0000886982/000119312512085822/d276319d10k.htm,
0000886982,0000886982,GS,2012,2012-12-31,2013-03-01,0001193125-13-085474,data/raw/0000886982/000119312513085474/d446679d10k.htm,
0000886982,0000886982,GS,2013,2013-12-31,2014-02-28,0001193125-14-073792,data/raw/0000886982/000119312514073792/d655877d10k.htm,
0000886982,0000886982,GS,2014,2014-12-31,2015-02-23,0001193125-15-056785,data/raw/0000886982/000119312515056785/d840464d10k.htm,
0000886982,0000886982,GS,2015,2015-12-31,2016-02-22,0001193125-16-470289,data/raw/0000886982/000119312516470289/d107036d10k.htm,
0000886982,0000886982,GS,2016,2016-12-31,2017-02-27,0001193125-17-056804,data/raw/0000886982/000119312517056804/d308759d10k.htm,
0000886982,0000886982,GS,2017,2017-12-31,2018-02-26,0001193125-18-056383,data/raw/0000886982/000119312518056383/d480167d10k.htm,
0000886982,0000886982,GS,2018,2018-12-31,2019-02-26,0001193125-19-050198,data/raw/0000886982/000119312519050198/d669877d10k.htm,
0000886982,0000886982,GS,2019,2019-12-31,2020-02-21,0001193125-20-043853,data/raw/0000886982/000119312520043853/d826673d10k.htm,
0000886982,0000886982,GS,2020,2020-12-31,2021-02-22,0001193125-21-049380,data/raw/0000886982/000119312521049380/d39654d10k.htm,
0000886982,0000886982,GS,2021,2021-12-31,2022-02-25,0001193125-22-052682,data/raw/0000886982/000119312522052682/d192225d10k.htm,
0000886982,0000886982,GS,2022,2022-12-31,2023-02-24,0000886982-23-000003,data/raw/0000886982/000088698223000003/gs-20221231.htm,
0000886982,0000886982,GS,2023,2023-12-31,2024-02-23,0000886982-24-000006,data/raw/0000886982/000088698224000006/gs-20231231.htm,
0000886982,0000886982,GS,2024,2024-12-31,2025-02-27,0000886982-25-000005,data/raw/0000886982/000088698225000005/gs-20241231.htm,
0000886982,0000886982,GS,2025,2025-12-31,2026-02-25,0000886982-26-000091,data/raw/0000886982/000088698226000091/gs-20251231.htm,
0000354950,0000354950,HD,2007,2007-01-28,2007-03-29,0001047469-07-002295,data/raw/0000354950/000104746907002295/a2176777z10-k.htm,
0000354950,0000354950,HD,2008,2008-02-03,2008-04-03,0001047469-08-004077,data/raw/0000354950/000104746908004077/a2183971z10-k.htm,
0000354950,0000354950,HD,2009,2009-02-01,2009-04-02,0000950144-09-002875,data/raw/0000354950/000095014409002875/x17422e10vk.htm,
0000354950,0000354950,HD,2010,2010-01-31,2010-03-25,0001193125-10-067178,data/raw/0000354950/000119312510067178/d10k.htm,
0000354950,0000354950,HD,2011,2011-01-30,2011-03-24,0001193125-11-076501,data/raw/0000354950/000119312511076501/d10k.htm,
0000354950,0000354950,HD,2012,2012-01-29,2012-03-22,0000354950-12-000003,data/raw/0000354950/000035495012000003/hd-1292012x10xk.htm,
0000354950,0000354950,HD,2013,2013-02-03,2013-03-28,0000354950-13-000008,data/raw/0000354950/000035495013000008/hd-232013x10xk.htm,
0000354950,0000354950,HD,2014,2014-02-02,2014-03-27,0000354950-14-000008,data/raw/0000354950/000035495014000008/hd-222014x10xk.htm,
0000354950,0000354950,HD,2015,2015-02-01,2015-03-26,0000354950-15-000008,data/raw/0000354950/000035495015000008/hd-212015x10xk.htm,
0000354950,0000354950,HD,2016,2016-01-31,2016-03-24,0000354950-16-000060,data/raw/0000354950/000035495016000060/hd-1312016x10xk.htm,
0000354950,0000354950,HD,2017,2017-01-29,2017-03-23,0000354950-17-000005,data/raw/0000354950/000035495017000005/hd-01292017x10xk.htm,
0000354950,0000354950,HD,2018,2018-01-28,2018-03-22,0000354950-18-000019,data/raw/0000354950/000035495018000019/hd_10k01282018.htm,
0000354950,0000354950,HD,2019,2019-02-03,2019-03-28,0000354950-19-000010,data/raw/0000354950/000035495019000010/hd_10kx02032019.htm,
0000354950,0000354950,HD,2020,2020-02-02,2020-03-25,0000354950-20-000015,data/raw/0000354950/000035495020000015/hd10k02022020.htm,
0000354950,0000354950,HD,2021,2021-01-31,2021-03-24,0000354950-21-000089,data/raw/0000354950/000035495021000089/hd-20210131.htm,
0000354950,0000354950,HD,2022,2022-01-30,2022-03-23,0000354950-22-000070,data/raw/0000354950/000035495022000070/hd-20220130.htm,
0000354950,0000354950,HD,2023,2023-01-29,2023-03-15,0000354950-23-000059,data/raw/0000354950/000035495023000059/hd-20230129.htm,
0000354950,0000354950,HD,2024,2024-01-28,2024-03-13,0000354950-24-000062,data/raw/0000354950/000035495024000062/hd-20240128.htm,
0000354950,0000354950,HD,2025,2025-02-02,2025-03-21,0000354950-25-000085,data/raw/0000354950/000035495025000085/hd-20250202.htm,
0000051143,0000051143,IBM,2007,2007-12-31,2008-02-26,0001047469-08-001731,data/raw/0000051143/000104746908001731/a2181836z10-k.htm,
0000051143,0000051143,IBM,2008,2008-12-31,2009-02-24,0001047469-09-001737,data/raw/0000051143/000104746909001737/a2189817z10-k.htm,
0000051143,0000051143,IBM,2009,2009-12-31,2010-02-23,0001047469-10-001151,data/raw/0000051143/000104746910001151/a2195966z10-k.htm,
0000051143,0000051143,IBM,2010,2010-12-31,2011-02-22,0001047469-11-001117,data/raw/0000051143/000104746911001117/a2201254z10-k.htm,
0000051143,0000051143,IBM,2011,2011-12-31,2012-02-28,0001047469-12-001742,data/raw/0000051143/000104746912001742/a2206744z10-k.htm,
0000051143,0000051143,IBM,2012,2012-12-31,2013-02-26,0001047469-13-001698,data/raw/0000051143/000104746913001698/a2212340z10-k.htm,
0000051143,0000051143,IBM,2013,2013-12-31,2014-02-25,0001047469-14-001302,data/raw/0000051143/000104746914001302/a2217495z10-k.htm,
0000051143,0000051143,IBM,2014,2014-12-31,2015-02-24,0001047469-15-001106,data/raw/0000051143/000104746915001106/a2222209z10-k.htm,
0000051143,0000051143,IBM,2015,2015-12-31,2016-02-23,0001047469-16-010329,data/raw/0000051143/000104746916010329/a2226548z10-k.htm,
0000051143,0000051143,IBM,2016,2016-12-31,2017-02-28,0001047469-17-001061,data/raw/0000051143/000104746917001061/a2230222z10-k.htm,
0000051143,0000051143,IBM,2017,2017-12-31,2018-02-27,0001047469-18-001117,data/raw/0000051143/000104746918001117/a2233835z10-k.htm,
0000051143,0000051143,IBM,2018,2018-12-31,2019-02-26,0001047469-19-000712,data/raw/0000051143/000104746919000712/a2237254z10-k.htm,
0000051143,0000051143,IBM,2019,2019-12-31,2020-02-25,0001558370-20-001334,data/raw/0000051143/000155837020001334/ibm-20191231x10k2af531.htm,
0000051143,0000051143,IBM,2020,2020-12-31,2021-02-23,0001558370-21-001489,data/raw/0000051143/000155837021001489/ibm-20201231x10k.htm,
0000051143,0000051143,IBM,2021,2021-12-31,2022-02-22,0001558370-22-001584,data/raw/0000051143/000155837022001584/ibm-20211231x10k.htm,
0000051143,0000051143,IBM,2022,2022-12-31,2023-02-28,0001558370-23-002376,data/raw/0000051143/000155837023002376/ibm-20221231x10k.htm,
0000051143,0000051143,IBM,2023,2023-12-31,2024-02-26,0000051143-24-000012,data/raw/0000051143/000005114324000012/ibm-20231231.htm,
0000051143,0000051143,IBM,2024,2024-12-31,2025-02-25,0000051143-25-000015,data/raw/0000051143/000005114325000015/ibm-20241231.htm,
0000051143,0000051143,IBM,2025,2025-12-31,2026-02-24,0000051143-26-000010,data/raw/0000051143/000005114326000010/ibm-20251231.htm,
0000050863,0000050863,INTC,2007,2007-12-29,2008-02-20,0000891618-08-000106,data/raw/0000050863/000089161808000106/f36442e10vk.htm,
0000050863,0000050863,INTC,2008,2008-12-27,2009-02-23,0000891618-09-000047,data/raw/0000050863/000089161809000047/f50771e10vk.htm,
0000050863,0000050863,INTC,2009,2009-12-26,2010-02-22,0000950123-10-015237,data/raw/0000050863/000095012310015237/f54119e10vk.htm,
0000050863,0000050863,INTC,2010,2010-12-25,2011-02-18,0000950123-11-015783,data/raw/0000050863/000095012311015783/f56033e10vk.htm,
0000050863,0000050863,INTC,2011,2011-12-31,2012-02-23,0001193125-12-075534,data/raw/0000050863/000119312512075534/d302695d10k.htm,
0000050863,0000050863,INTC,2012,2012-12-29,2013-02-19,0001193125-13-065416,data/raw/0000050863/000119312513065416/d424446d10k.htm,
0000050863,0000050863,INTC,2013,2013-12-28,2014-02-14,0000050863-14-000020,data/raw/0000050863/000005086314000020/a10kdocument12282013.htm,
0000050863,0000050863,INTC,2014,2014-12-27,2015-02-13,0000050863-15-000015,data/raw/0000050863/000005086315000015/a10kdocument12272014.htm,
0000050863,0000050863,INTC,2015,2015-12-26,2016-02-12,0000050863-16-000105,data/raw/0000050863/000005086316000105/a10kdocument12262015q4.htm,
0000050863,0000050863,INTC,2016,2016-12-31,2017-02-17,0000050863-17-000012,data/raw/0000050863/000005086317000012/a10kdocument12312016q4.htm,
0000050863,0000050863,INTC,2017,2017-12-30,2018-02-16,0000050863-18-000007,data/raw/0000050863/000005086318000007/a12302017q4-10kdocument.htm,
0000050863,0000050863,INTC,2018,2018-12-29,2019-02-01,0000050863-19-000007,data/raw/0000050863/000005086319000007/a12292018q4-10kdocument.htm,
0000050863,0000050863,INTC,2019,2019-12-28,2020-01-24,0000050863-20-000011,data/raw/0000050863/000005086320000011/a12282019q4-10kdocument.htm,
0000050863,0000050863,INTC,2020,2020-12-26,2021-01-22,0000050863-21-000010,data/raw/0000050863/000005086321000010/intc-20201226.htm,
0000050863,0000050863,INTC,2021,2021-12-25,2022-01-27,0000050863-22-000007,data/raw/0000050863/000005086322000007/intc-20211225.htm,
0000050863,0000050863,INTC,2022,2022-12-31,2023-01-27,0000050863-23-000006,data/raw/0000050863/000005086323000006/intc-20221231.htm,
0000050863,0000050863,INTC,2023,2023-12-30,2024-01-26,0000050863-24-000010,data/raw/0000050863/000005086324000010/intc-20231230.htm,
0000050863,0000050863,INTC,2024,2024-12-28,2025-01-31,0000050863-25-000009,data/raw/0000050863/000005086325000009/intc-20241228.htm,
0000050863,0000050863,INTC,2025,2025-12-27,2026-01-23,0000050863-26-000011,data/raw/0000050863/000005086326000011/intc-20251227.htm,
0000896878,0000896878,INTU,2007,2007-07-31,2007-09-14,0000950134-07-020001,data/raw/0000896878/000095013407020001/f33044e10vk.htm,
0000896878,0000896878,INTU,2008,2008-07-31,2008-09-12,0000950134-08-016540,data/raw/0000896878/000095013408016540/f42782e10vk.htm,
0000896878,0000896878,INTU,2009,2009-07-31,2009-09-15,0000950123-09-043307,data/raw/0000896878/000095012309043307/f51041e10vk.htm,
0000896878,0000896878,INTU,2010,2010-07-31,2010-09-16,0000950123-10-086635,data/raw/0000896878/000095012310086635/f55303e10vk.htm,
0000896878,0000896878,INTU,2011,2011-07-31,2011-09-14,0000896878-11-000093,data/raw/0000896878/000089687811000093/intu-2011731x10k.htm,
0000896878,0000896878,INTU,2012,2012-07-31,2012-09-13,0000896878-12-000146,data/raw/0000896878/000089687812000146/intu-2012731x10k.htm,
0000896878,0000896878,INTU,2013,2013-07-31,2013-09-13,0000896878-13-000149,data/raw/0000896878/000089687813000149/fy13q410-kdocument.htm,
0000896878,0000896878,INTU,2014,2014-07-31,2014-09-12,0000896878-14-000163,data/raw/0000896878/000089687814000163/fy14q410-kdocument.htm,
0000896878,0000896878,INTU,2015,2015-07-31,2015-09-01,0000896878-15-000116,data/raw/0000896878/000089687815000116/fy15q410-kdocument.htm,
0000896878,0000896878,INTU,2016,2016-07-31,2016-09-01,0000896878-16-000286,data/raw/0000896878/000089687816000286/fy16q410-kdocument.htm,
0000896878,0000896878,INTU,2017,2017-07-31,2017-09-01,0000896878-17-000130,data/raw/0000896878/000089687817000130/fy17q410-kdocument.htm,
0000896878,0000896878,INTU,2018,2018-07-31,2018-08-31,0000896878-18-000171,data/raw/0000896878/000089687818000171/fy18q410-kdocument.htm,
0000896878,0000896878,INTU,2019,2019-07-31,2019-08-30,0000896878-19-000132,data/raw/0000896878/000089687819000132/fy19q410-kdocument.htm,
0000896878,0000896878,INTU,2020,2020-07-31,2020-08-31,0000896878-20-000148,data/raw/0000896878/000089687820000148/fy20q410-kdocument.htm,
0000896878,0000896878,INTU,2021,2021-07-31,2021-09-08,0000896878-21-000233,data/raw/0000896878/000089687821000233/intu-20210731.htm,
0000896878,0000896878,INTU,2022,2022-07-31,2022-09-02,0000896878-22-000028,data/raw/0000896878/000089687822000028/intu-20220731.htm,
0000896878,0000896878,INTU,2023,2023-07-31,2023-09-01,0000896878-23-000034,data/raw/0000896878/000089687823000034/intu-20230731.htm,
0000896878,0000896878,INTU,2024,2024-07-31,2024-09-04,0000896878-24-000039,data/raw/0000896878/000089687824000039/intu-20240731.htm,
0000896878,0000896878,INTU,2025,2025-07-31,2025-09-03,0000896878-25-000035,data/raw/0000896878/000089687825000035/intu-20250731.htm,
0001035267,0001035267,ISRG,2007,2007-12-31,2008-02-14,0001193125-08-031448,data/raw/0001035267/000119312508031448/d10k.htm,
0001035267,0001035267,ISRG,2008,2008-12-31,2009-02-06,0001193125-09-021360,data/raw/0001035267/000119312509021360/d10k.htm,
0001035267,0001035267,ISRG,2009,2009-12-31,2010-01-29,0001193125-10-016932,data/raw/0001035267/000119312510016932/d10k.htm,
0001035267,0001035267,ISRG,2010,2010-12-31,2011-02-01,0001193125-11-020229,data/raw/0001035267/000119312511020229/d10k.htm,
0001035267,0001035267,ISRG,2011,2011-12-31,2012-02-06,0001193125-12-039226,data/raw/0001035267/000119312512039226/d263902d10k.htm,
0001035267,0001035267,ISRG,2012,2012-12-31,2013-02-04,0001193125-13-036675,data/raw/0001035267/000119312513036675/d445195d10k.htm,
0001035267,0001035267,ISRG,2013,2013-12-31,2014-02-03,0001035267-14-000009,data/raw/0001035267/000103526714000009/isrg-20131231x10k.htm,
0001035267,0001035267,ISRG,2014,2014-12-31,2015-02-06,0001035267-15-000014,data/raw/0001035267/000103526715000014/isrg-20141231x10k.htm,
0001035267,0001035267,ISRG,2015,2015-12-31,2016-02-02,0001035267-16-000130,data/raw/0001035267/000103526716000130/isrg-20151231x10k.htm,
0001035267,0001035267,ISRG,2016,2016-12-31,2017-02-06,0001035267-17-000021,data/raw/0001035267/000103526717000021/isrg-20161231x10k.htm,
0001035267,0001035267,ISRG,2017,2017-12-31,2018-02-02,0001035267-18-000013,data/raw/0001035267/000103526718000013/isrg-20171231x10k.htm,
0001035267,0001035267,ISRG,2018,2018-12-31,2019-02-04,0001035267-19-000012,data/raw/0001035267/000103526719000012/isrg-20181231x10k.htm,
0001035267,0001035267,ISRG,2019,2019-12-31,2020-02-07,0001035267-20-000032,data/raw/0001035267/000103526720000032/isrg-20191231.htm,
0001035267,0001035267,ISRG,2020,2020-12-31,2021-02-10,0001035267-21-000028,data/raw/0001035267/000103526721000028/isrg-20201231.htm,
0001035267,0001035267,ISRG,2021,2021-12-31,2022-02-03,0001035267-22-000014,data/raw/0001035267/000103526722000014/isrg-20211231.htm,
0001035267,0001035267,ISRG,2022,2022-12-31,2023-02-10,0001035267-23-000019,data/raw/0001035267/000103526723000019/isrg-20221231.htm,
0001035267,0001035267,ISRG,2023,2023-12-31,2024-01-31,0001035267-24-000021,data/raw/0001035267/000103526724000021/isrg-20231231.htm,
0001035267,0001035267,ISRG,2024,2024-12-31,2025-01-31,0001035267-25-000017,data/raw/0001035267/000103526725000017/isrg-20241231.htm,
0001035267,0001035267,ISRG,2025,2025-12-31,2026-02-03,0001035267-26-000010,data/raw/0001035267/000103526726000010/isrg-20251231.htm,
0000200406,0000200406,JNJ,2007,2007-12-30,2008-02-26,0000950123-08-002130,data/raw/0000200406/000095012308002130/y47910e10vk.htm,
0000200406,0000200406,JNJ,2008,2008-12-28,2009-02-20,0000950123-09-003187,data/raw/0000200406/000095012309003187/y74152e10vk.htm,
0000200406,0000200406,JNJ,2009,2010-01-03,2010-03-01,0000950123-10-019392,data/raw/0000200406/000095012310019392/y80744e10vk.htm,
0000200406,0000200406,JNJ,2010,2011-01-02,2011-02-25,0000950123-11-018128,data/raw/0000200406/000095012311018128/y86310ke10vk.htm,
0000200406,0000200406,JNJ,2011,2012-01-01,2012-02-23,0001193125-12-075565,data/raw/0000200406/000119312512075565/d281803d10k.htm,
0000200406,0000200406,JNJ,2012,2012-12-30,2013-02-22,0000200406-13-000038,data/raw/0000200406/000020040613000038/a2012123010-k.htm,
0000200406,0000200406,JNJ,2013,2013-12-29,2014-02-21,0000200406-14-000033,data/raw/0000200406/000020040614000033/a2013122910-k.htm,
0000200406,0000200406,JNJ,2014,2014-12-28,2015-02-24,0000200406-15-000004,data/raw/0000200406/000020040615000004/a2014122810-k.htm,
0000200406,0000200406,JNJ,2015,2016-01-03,2016-02-24,0000200406-16-000071,data/raw/0000200406/000020040616000071/form10-k20160103.htm,
0000200406,0000200406,JNJ,2016,2017-01-01,2017-02-27,0000200406-17-000006,data/raw/0000200406/000020040617000006/form10-k20170101.htm,
0000200406,0000200406,JNJ,2017,2017-12-31,2018-02-21,0000200406-18-000005,data/raw/0000200406/000020040618000005/form10-k20171231.htm,
0000200406,0000200406,JNJ,2018,2018-12-30,2019-02-20,0000200406-19-000009,data/raw/0000200406/000020040619000009/form10-k20181230.htm,
0000200406,0000200406,JNJ,2019,2019-12-29,2020-02-18,0000200406-20-000010,data/raw/0000200406/000020040620000010/form10-k20191229.htm,
0000200406,0000200406,JNJ,2020,2021-01-03,2021-02-22,0000200406-21-000008,data/raw/0000200406/000020040621000008/jnj-20210103.htm,
0000200406,0000200406,JNJ,2021,2022-01-02,2022-02-17,0000200406-22-000022,data/raw/0000200406/000020040622000022/jnj-20220102.htm,
0000200406,0000200406,JNJ,2022,2023-01-01,2023-02-16,0000200406-23-000016,data/raw/0000200406/000020040623000016/jnj-20230101.htm,
0000200406,0000200406,JNJ,2023,2023-12-31,2024-02-16,0000200406-24-000013,data/raw/0000200406/000020040624000013/jnj-20231231.htm,
0000200406,0000200406,JNJ,2024,2024-12-29,2025-02-13,0000200406-25-000038,data/raw/0000200406/000020040625000038/jnj-20241229.htm,
0000200406,0000200406,JNJ,2025,2025-12-28,2026-02-11,0000200406-26-000016,data/raw/0000200406/000020040626000016/jnj-20251228.htm,
0000019617,0000019617,JPM,2007,2007-12-31,2008-02-29,0001193125-08-043536,data/raw/0000019617/000119312508043536/d10k.htm,
0000019617,0000019617,JPM,2008,2008-12-31,2009-03-02,0000950123-09-003840,data/raw/0000019617/000095012309003840/y74757e10vk.htm,
0000019617,0000019617,JPM,2009,2009-12-31,2010-02-24,0000950123-10-016029,data/raw/0000019617/000095012310016029/e82150e10vk.htm,
0000019617,0000019617,JPM,2010,2010-12-31,2011-02-28,0000950123-11-019773,data/raw/0000019617/000095012311019773/y86143e10vk.htm,
0000019617,0000019617,JPM,2011,2011-12-31,2012-02-29,0000019617-12-000163,data/raw/0000019617/000001961712000163/corp10k2011.htm,
0000019617,0000019617,JPM,2012,2012-12-31,2013-02-28,0000019617-13-000221,data/raw/0000019617/000001961713000221/corp10k2012.htm,
0000019617,0000019617,JPM,2013,2013-12-31,2014-02-20,0000019617-14-000289,data/raw/0000019617/000001961714000289/corp10k2013.htm,
0000019617,0000019617,JPM,2014,2014-12-31,2015-02-24,0000019617-15-000272,data/raw/0000019617/000001961715000272/corp10k2014.htm,
0000019617,0000019617,JPM,2015,2015-12-31,2016-02-23,0000019617-16-000902,data/raw/0000019617/000001961716000902/corp10k2015.htm,
0000019617,0000019617,JPM,2016,2016-12-31,2017-02-28,0000019617-17-000314,data/raw/0000019617/000001961717000314/corp10k2016.htm,
0000019617,0000019617,JPM,2017,2017-12-31,2018-02-27,0000019617-18-000057,data/raw/0000019617/000001961718000057/corp10k2017.htm,
0000019617,0000019617,JPM,2018,2018-12-31,2019-02-26,0000019617-19-000054,data/raw/0000019617/000001961719000054/corp10k2018.htm,
0000019617,0000019617,JPM,2019,2019-12-31,2020-02-25,0000019617-20-000257,data/raw/0000019617/000001961720000257/corp10k2019.htm,
0000019617,0000019617,JPM,2020,2020-12-31,2021-02-23,0000019617-21-000236,data/raw/0000019617/000001961721000236/jpm-20201231.htm,
0000019617,0000019617,JPM,2021,2021-12-31,2022-02-22,0000019617-22-000272,data/raw/0000019617/000001961722000272/jpm-20211231.htm,
0000019617,0000019617,JPM,2022,2022-12-31,2023-02-21,0000019617-23-000231,data/raw/0000019617/000001961723000231/jpm-20221231.htm,
0000019617,0000019617,JPM,2023,2023-12-31,2024-02-16,0000019617-24-000225,data/raw/0000019617/000001961724000225/jpm-20231231.htm,
0000019617,0000019617,JPM,2024,2024-12-31,2025-02-14,0000019617-25-000270,data/raw/0000019617/000001961725000270/jpm-20241231.htm,
0000019617,0000019617,JPM,2025,2025-12-31,2026-02-13,0001628280-26-008131,data/raw/0000019617/000162828026008131/jpm-20251231.htm,
0000021344,0000021344,KO,2007,2007-12-31,2008-02-28,0001193125-08-041768,data/raw/0000021344/000119312508041768/d10k.htm,
0000021344,0000021344,KO,2008,2008-12-31,2009-02-26,0001047469-09-001875,data/raw/0000021344/000104746909001875/a2190274z10-k.htm,
0000021344,0000021344,KO,2009,2009-12-31,2010-02-26,0001047469-10-001476,data/raw/0000021344/000104746910001476/a2195739z10-k.htm,
0000021344,0000021344,KO,2010,2010-12-31,2011-02-28,0001047469-11-001506,data/raw/0000021344/000104746911001506/a2202147z10-k.htm,
0000021344,0000021344,KO,2011,2011-12-31,2012-02-23,0000021344-12-000007,data/raw/0000021344/000002134412000007/a2011123110-k.htm,
0000021344,0000021344,KO,2012,2012-12-31,2013-02-27,0000021344-13-000007,data/raw/0000021344/000002134413000007/a2012123110-k.htm,
0000021344,0000021344,KO,2013,2013-12-31,2014-02-27,0000021344-14-000008,data/raw/0000021344/000002134414000008/a2013123110-k.htm,
0000021344,0000021344,KO,2014,2014-12-31,2015-02-25,0000021344-15-000005,data/raw/0000021344/000002134415000005/a2014123110-k.htm,
0000021344,0000021344,KO,2015,2015-12-31,2016-02-25,0000021344-16-000050,data/raw/0000021344/000002134416000050/a2015123110-k.htm,
0000021344,0000021344,KO,2016,2016-12-31,2017-02-24,0000021344-17-000009,data/raw/0000021344/000002134417000009/a2016123110-k.htm,
0000021344,0000021344,KO,2017,2017-12-31,2018-02-23,0000021344-18-000008,data/raw/0000021344/000002134418000008/a2017123110-k.htm,
0000021344,0000021344,KO,2018,2018-12-31,2019-02-21,0000021344-19-000014,data/raw/0000021344/000002134419000014/a2018123110-k.htm,
0000021344,0000021344,KO,2019,2019-12-31,2020-02-24,0000021344-20-000006,data/raw/0000021344/000002134420000006/a2019123110-k.htm,
0000021344,0000021344,KO,2020,2020-12-31,2021-02-25,0000021344-21-000008,data/raw/0000021344/000002134421000008/ko-20201231.htm,
0000021344,0000021344,KO,2021,2021-12-31,2022-02-22,0000021344-22-000009,data/raw/0000021344/000002134422000009/ko-20211231.htm,
0000021344,0000021344,KO,2022,2022-12-31,2023-02-21,0000021344-23-000011,data/raw/0000021344/000002134423000011/ko-20221231.htm,
0000021344,0000021344,KO,2023,2023-12-31,2024-02-20,0000021344-24-000009,data/raw/0000021344/000002134424000009/ko-20231231.htm,
0000021344,0000021344,KO,2024,2024-12-31,2025-02-20,0000021344-25-000011,data/raw/0000021344/000002134425000011/ko-20241231.htm,
0000021344,0000021344,KO,2025,2025-12-31,2026-02-20,0001628280-26-010047,data/raw/0000021344/000162828026010047/ko-20251231.htm,
0001707925,0001707925,LIN,2017,2017-12-31,2018-03-23,0001707925-18-000004,data/raw/0001707925/000170792518000004/lindeplc201710k.htm,
0001707925,0001707925,LIN,2018,2018-12-31,2019-03-18,0001628280-19-003050,data/raw/0001707925/000162828019003050/plc201810-k.htm,
0001707925,0001707925,LIN,2019,2019-12-31,2020-03-02,0001707925-20-000015,data/raw/0001707925/000170792520000015/lin201910-k.htm,
0001707925,0001707925,LIN,2020,2020-12-31,2021-03-01,0001628280-21-003574,data/raw/0001707925/000162828021003574/lin-20201231.htm,
0001707925,0001707925,LIN,2021,2021-12-31,2022-02-28,0001628280-22-004180,data/raw/0001707925/000162828022004180/lin-20211231.htm,
0001707925,0001707925,LIN,2022,2022-12-31,2023-02-28,0001628280-23-005434,data/raw/0001707925/000162828023005434/lin-20221231.htm,
0001707925,0001707925,LIN,2023,2023-12-31,2024-02-28,0001628280-24-007424,data/raw/0001707925/000162828024007424/lin-20231231.htm,
0001707925,0001707925,LIN,2024,2024-12-31,2025-02-26,0001628280-25-007990,data/raw/0001707925/000162828025007990/lin-20241231.htm,
0001707925,0001707925,LIN,2025,2025-12-31,2026-02-25,0001628280-26-011430,data/raw/0001707925/000162828026011430/lin-20251231.htm,
0000059478,0000059478,LLY,2007,2007-12-31,2008-02-29,0000950137-08-003028,data/raw/0000059478/000095013708003028/c24001e10vk.htm,
0000059478,0000059478,LLY,2008,2008-12-31,2009-02-27,0000950152-09-001897,data/raw/0000059478/000095015209001897/c49534e10vk.htm,
0000059478,0000059478,LLY,2009,2009-12-31,2010-02-22,0000950123-10-014958,data/raw/0000059478/000095012310014958/c55339ke10vk.htm,
0000059478,0000059478,LLY,2010,2010-12-31,2011-02-22,0001193125-11-041620,data/raw/0000059478/000119312511041620/d10k.htm,
0000059478,0000059478,LLY,2011,2011-12-31,2012-02-24,0001193125-12-078393,data/raw/0000059478/000119312512078393/d266023d10k.htm,
0000059478,0000059478,LLY,2012,2012-12-31,2013-02-21,0000059478-13-000007,data/raw/0000059478/000005947813000007/lly-20121231x10k.htm,
0000059478,0000059478,LLY,2013,2013-12-31,2014-02-19,0000059478-14-000078,data/raw/0000059478/000005947814000078/lly-20131231x10k.htm,
0000059478,0000059478,LLY,2014,2014-12-31,2015-02-19,0000059478-15-000100,data/raw/0000059478/000005947815000100/lly-20141231x10k.htm,
0000059478,0000059478,LLY,2015,2015-12-31,2016-02-19,0000059478-16-000321,data/raw/0000059478/000005947816000321/lly-20151231x10k.htm,
0000059478,0000059478,LLY,2016,2016-12-31,2017-02-21,0000059478-17-000098,data/raw/0000059478/000005947817000098/lly-20161231x10xk.htm,
0000059478,0000059478,LLY,2017,2017-12-31,2018-02-20,0000059478-18-000089,data/raw/0000059478/000005947818000089/lly-20171231x10xk.htm,
0000059478,0000059478,LLY,2018,2018-12-31,2019-02-19,0000059478-19-000082,data/raw/0000059478/000005947819000082/lly-20181231x10xk.htm,
0000059478,0000059478,LLY,2019,2019-12-31,2020-02-19,0000059478-20-000057,data/raw/0000059478/000005947820000057/lly-20191231x10xk.htm,
0000059478,0000059478,LLY,2020,2020-12-31,2021-02-17,0000059478-21-000083,data/raw/0000059478/000005947821000083/lly-20201231.htm,
0000059478,0000059478,LLY,2021,2021-12-31,2022-02-23,0000059478-22-000068,data/raw/0000059478/000005947822000068/lly-20211231.htm,
0000059478,0000059478,LLY,2022,2022-12-31,2023-02-22,0000059478-23-000082,data/raw/0000059478/000005947823000082/lly-20221231.htm,
0000059478,0000059478,LLY,2023,2023-12-31,2024-02-21,0000059478-24-000065,data/raw/0000059478/000005947824000065/lly-20231231.htm,
0000059478,0000059478,LLY,2024,2024-12-31,2025-02-19,0000059478-25-000067,data/raw/0000059478/000005947825000067/lly-20241231.htm,
0000059478,0000059478,LLY,2025,2025-12-31,2026-02-12,0000059478-26-000013,data/raw/0000059478/000005947826000013/lly-20251231.htm,
0000936468,0000936468,LMT,2007,2007-12-31,2008-02-28,0001193125-08-041793,data/raw/0000936468/000119312508041793/d10k.htm,
0000936468,0000936468,LMT,2008,2008-12-31,2009-02-26,0001193125-09-038670,data/raw/0000936468/000119312509038670/d10k.htm,
0000936468,0000936468,LMT,2009,2009-12-31,2010-02-25,0001193125-10-040520,data/raw/0000936468/000119312510040520/d10k.htm,
0000936468,0000936468,LMT,2010,2010-12-31,2011-02-25,0001193125-11-045739,data/raw/0000936468/000119312511045739/d10k.htm,
0000936468,0000936468,LMT,2011,2011-12-31,2012-02-23,0001193125-12-074929,data/raw/0000936468/000119312512074929/d221578d10k.htm,
0000936468,0000936468,LMT,2012,2012-12-31,2013-02-28,0001193125-13-082873,data/raw/0000936468/000119312513082873/d428940d10k.htm,
0000936468,0000936468,LMT,2013,2013-12-31,2014-02-14,0001193125-14-055034,data/raw/0000936468/000119312514055034/d621068d10k.htm,
0000936468,0000936468,LMT,2014,2014-12-31,2015-02-09,0001193125-15-038681,data/raw/0000936468/000119312515038681/d808572d10k.htm,
0000936468,0000936468,LMT,2015,2015-12-31,2016-02-24,0001193125-16-476010,data/raw/0000936468/000119312516476010/d62685d10k.htm,
0000936468,0000936468,LMT,2016,2016-12-31,2017-02-09,0001193125-17-036192,data/raw/0000936468/000119312517036192/d290249d10k.htm,
0000936468,0000936468,LMT,2017,2017-12-31,2018-02-06,0000936468-18-000009,data/raw/0000936468/000093646818000009/lmtq4201710k.htm,
0000936468,0000936468,LMT,2018,2018-12-31,2019-02-08,0000936468-19-000009,data/raw/0000936468/000093646819000009/lmtq4201810k.htm,
0000936468,0000936468,LMT,2019,2019-12-31,2020-02-07,0000936468-20-000016,data/raw/0000936468/000093646820000016/lmtq4201910k.htm,
0000936468,0000936468,LMT,2020,2020-12-31,2021-01-28,0000936468-21-000013,data/raw/0000936468/000093646821000013/lmt-20201231.htm,
0000936468,0000936468,LMT,2021,2021-12-31,2022-01-25,0000936468-22-000008,data/raw/0000936468/000093646822000008/lmt-20211231.htm,
0000936468,0000936468,LMT,2022,2022-12-31,2023-01-26,0000936468-23-000009,data/raw/0000936468/000093646823000009/lmt-20221231.htm,
0000936468,0000936468,LMT,2023,2023-12-31,2024-01-23,0000936468-24-000010,data/raw/0000936468/000093646824000010/lmt-20231231.htm,
0000936468,0000936468,LMT,2024,2024-12-31,2025-01-28,0000936468-25-000009,data/raw/0000936468/000093646825000009/lmt-20241231.htm,
0000936468,0000936468,LMT,2025,2025-12-31,2026-01-29,0001628280-26-004195,data/raw/0000936468/000162828026004195/lmt-20251231.htm,
0000060667,0000060667,LOW,2007,2007-02-02,2007-04-03,0000060667-07-000052,data/raw/0000060667/000006066707000052/lowesform10k02022007.htm,
0000060667,0000060667,LOW,2008,2008-02-01,2008-04-01,0000060667-08-000067,data/raw/0000060667/000006066708000067/lowesform10k02012008.htm,
0000060667,0000060667,LOW,2009,2009-01-30,2009-03-31,0000060667-09-000036,data/raw/0000060667/000006066709000036/lowesform10k01302009.htm,
0000060667,0000060667,LOW,2010,2010-01-29,2010-03-30,0000060667-10-000059,data/raw/0000060667/000006066710000059/lowesform10k01292010.htm,
0000060667,0000060667,LOW,2011,2011-01-28,2011-03-29,0000060667-11-000061,data/raw/0000060667/000006066711000061/lowesform10k01282011.htm,
0000060667,0000060667,LOW,2012,2012-02-03,2012-04-02,0000060667-12-000096,data/raw/0000060667/000006066712000096/lowesform10k02032012.htm,
0000060667,0000060667,LOW,2013,2013-02-01,2013-04-02,0000060667-13-000045,data/raw/0000060667/000006066713000045/lowesform10k.htm,
0000060667,0000060667,LOW,2014,2014-01-31,2014-03-31,0000060667-14-000054,data/raw/0000060667/000006066714000054/lowesform10k.htm,
0000060667,0000060667,LOW,2015,2015-01-30,2015-03-31,0000060667-15-000057,data/raw/0000060667/000006066715000057/lowesform10k.htm,
0000060667,0000060667,LOW,2016,2016-01-29,2016-03-29,0000060667-16-000276,data/raw/0000060667/000006066716000276/lowesform10k.htm,
0000060667,0000060667,LOW,2017,2017-02-03,2017-04-04,0000060667-17-000076,data/raw/0000060667/000006066717000076/lowesform10k.htm,
0000060667,0000060667,LOW,2018,2018-02-02,2018-04-02,0000060667-18-000051,data/raw/0000060667/000006066718000051/form10k_02022018.htm,
0000060667,0000060667,LOW,2019,2019-02-01,2019-04-02,0000060667-19-000042,data/raw/0000060667/000006066719000042/form10k_02012019.htm,
0000060667,0000060667,LOW,2020,2020-01-31,2020-03-23,0000060667-20-000036,data/raw/0000060667/000006066720000036/form10k01312020.htm,
0000060667,0000060667,LOW,2021,2021-01-29,2021-03-22,0000060667-21-000026,data/raw/0000060667/000006066721000026/low-20210129.htm,
0000060667,0000060667,LOW,2022,2022-01-28,2022-03-21,0000060667-22-000038,data/raw/0000060667/000006066722000038/low-20220128.htm,
0000060667,0000060667,LOW,2023,2023-02-03,2023-03-27,0000060667-23-000034,data/raw/0000060667/000006066723000034/low-20230203.htm,
0000060667,0000060667,LOW,2024,2024-02-02,2024-03-25,0000060667-24-000033,data/raw/0000060667/000006066724000033/low-20240202.htm,
0000060667,0000060667,LOW,2025,2025-01-31,2025-03-24,0000060667-25-000049,data/raw/0000060667/000006066725000049/low-20250131.htm,
0000707549,0000707549,LRCX,2007,2007-06-24,2008-03-31,0000891618-08-000189,data/raw/0000707549/000089161808000189/f39305e10vk.htm,
0000707549,0000707549,LRCX,2008,2008-06-29,2008-08-28,0000950134-08-015947,data/raw/0000707549/000095013408015947/f43373e10vk.htm,
0000707549,0000707549,LRCX,2009,2009-06-28,2009-08-27,0001193125-09-182356,data/raw/0000707549/000119312509182356/d10k.htm,
0000707549,0000707549,LRCX,2010,2010-06-27,2010-08-23,0001193125-10-194304,data/raw/0000707549/000119312510194304/d10k.htm,
0000707549,0000707549,LRCX,2011,2011-06-26,2011-08-19,0001193125-11-227691,data/raw/0000707549/000119312511227691/d10k.htm,
0000707549,0000707549,LRCX,2012,2012-06-24,2012-08-22,0001193125-12-365446,data/raw/0000707549/000119312512365446/d365655d10k.htm,
0000707549,0000707549,LRCX,2013,2013-06-30,2013-08-27,0001193125-13-348269,data/raw/0000707549/000119312513348269/d556924d10k.htm,
0000707549,0000707549,LRCX,2014,2014-06-29,2014-08-26,0001193125-14-321759,data/raw/0000707549/000119312514321759/d741932d10k.htm,
0000707549,0000707549,LRCX,2015,2015-06-28,2015-08-13,0001193125-15-290023,data/raw/0000707549/000119312515290023/d937085d10k.htm,
0000707549,0000707549,LRCX,2016,2016-06-26,2016-08-17,0000707549-16-000050,data/raw/0000707549/000070754916000050/lrcx_10kx2016xdocument.htm,
0000707549,0000707549,LRCX,2017,2017-06-25,2017-08-15,0000707549-17-000100,data/raw/0000707549/000070754917000100/lrcx_10kx2017xdocument.htm,
0000707549,0000707549,LRCX,2018,2018-06-24,2018-08-14,0000707549-18-000115,data/raw/0000707549/000070754918000115/lrcx_10kx2018xdocument.htm,
0000707549,0000707549,LRCX,2019,2019-06-30,2019-08-20,0000707549-19-000124,data/raw/0000707549/000070754919000124/lrcx10k2019document.htm,
0000707549,0000707549,LRCX,2020,2020-06-28,2020-08-18,0000707549-20-000138,data/raw/0000707549/000070754920000138/lrcx10k2020document.htm,
0000707549,0000707549,LRCX,2021,2021-06-27,2021-08-17,0000707549-21-000136,data/raw/0000707549/000070754921000136/lrcx-20210627.htm,
0000707549,0000707549,LRCX,2022,2022-06-26,2022-08-24,0000707549-22-000107,data/raw/0000707549/000070754922000107/lrcx-20220626.htm,
0000707549,0000707549,LRCX,2023,2023-06-25,2023-08-15,0000707549-23-000102,data/raw/0000707549/000070754923000102/lrcx-20230625.htm,
0000707549,0000707549,LRCX,2024,2024-06-30,2024-08-29,0000707549-24-000106,data/raw/0000707549/000070754924000106/lrcx-20240630.htm,
0000707549,0000707549,LRCX,2025,2025-06-29,2025-08-11,0000707549-25-000075,data/raw/0000707549/000070754925000075/lrcx-20250629.htm,
0001141391,0001141391,MA,2007,2007-12-31,2008-02-21,0001193125-08-034694,data/raw/0001141391/000119312508034694/d10k.htm,
0001141391,0001141391,MA,2008,2008-12-31,2009-02-19,0001193125-09-033062,data/raw/0001141391/000119312509033062/d10k.htm,
0001141391,0001141391,MA,2009,2009-12-31,2010-02-18,0001193125-10-034065,data/raw/0001141391/000119312510034065/d10k.htm,
0001141391,0001141391,MA,2010,2010-12-31,2011-02-24,0001193125-11-044721,data/raw/0001141391/000119312511044721/d10k.htm,
0001141391,0001141391,MA,2011,2011-12-31,2012-02-16,0001141391-12-000003,data/raw/0001141391/000114139112000003/ma12312011-10xk.htm,
0001141391,0001141391,MA,2012,2012-12-31,2013-02-14,0001141391-13-000003,data/raw/0001141391/000114139113000003/ma12312012-10xk.htm,
0001141391,0001141391,MA,2013,2013-12-31,2014-02-14,0001141391-14-000003,data/raw/0001141391/000114139114000003/ma12312013-10xk.htm,
0001141391,0001141391,MA,2014,2014-12-31,2015-02-13,0001141391-15-000011,data/raw/0001141391/000114139115000011/ma12312014-10xk.htm,
0001141391,0001141391,MA,2015,2015-12-31,2016-02-12,0001141391-16-000085,data/raw/0001141391/000114139116000085/ma12312015-10xk.htm,
0001141391,0001141391,MA,2016,2016-12-31,2017-02-15,0001141391-17-000014,data/raw/0001141391/000114139117000014/ma12312016-10xk.htm,
0001141391,0001141391,MA,2017,2017-12-31,2018-02-14,0001141391-18-000009,data/raw/0001141391/000114139118000009/ma12312017-10xk.htm,
0001141391,0001141391,MA,2018,2018-12-31,2019-02-13,0001141391-19-000013,data/raw/0001141391/000114139119000013/ma12312018-10xk.htm,
0001141391,0001141391,MA,2019,2019-12-31,2020-02-14,0001141391-20-000032,data/raw/0001141391/000114139120000032/ma12312019-10xk.htm,
0001141391,0001141391,MA,2020,2020-12-31,2021-02-12,0001141391-21-000018,data/raw/0001141391/000114139121000018/ma-20201231.htm,
0001141391,0001141391,MA,2021,2021-12-31,2022-02-11,0001141391-22-000023,data/raw/0001141391/000114139122000023/ma-20211231.htm,
0001141391,0001141391,MA,2022,2022-12-31,2023-02-14,0001141391-23-000020,data/raw/0001141391/000114139123000020/ma-20221231.htm,
0001141391,0001141391,MA,2023,2023-12-31,2024-02-13,0001141391-24-000022,data/raw/0001141391/000114139124000022/ma-20231231.htm,
0001141391,0001141391,MA,2024,2024-12-31,2025-02-12,0001141391-25-000011,data/raw/0001141391/000114139125000011/ma-20241231.htm,
0001141391,0001141391,MA,2025,2025-12-31,2026-02-11,0001141391-26-000013,data/raw/0001141391/000114139126000013/ma-20251231.htm,
0000063908,0000063908,MCD,2007,2007-12-31,2008-02-25,0001193125-08-037220,data/raw/0000063908/000119312508037220/d10k.htm,
0000063908,0000063908,MCD,2008,2008-12-31,2009-02-25,0001193125-09-037008,data/raw/0000063908/000119312509037008/d10k.htm,
0000063908,0000063908,MCD,2009,2009-12-31,2010-02-26,0001193125-10-042025,data/raw/0000063908/000119312510042025/d10k.htm,
0000063908,0000063908,MCD,2010,2010-12-31,2011-02-25,0001193125-11-046701,data/raw/0000063908/000119312511046701/d10k.htm,
0000063908,0000063908,MCD,2011,2011-12-31,2012-02-24,0001193125-12-077317,data/raw/0000063908/000119312512077317/d260574d10k.htm,
0000063908,0000063908,MCD,2012,2012-12-31,2013-02-25,0000063908-13-000010,data/raw/0000063908/000006390813000010/mcd-12312012x10k.htm,
0000063908,0000063908,MCD,2013,2013-12-31,2014-02-24,0000063908-14-000019,data/raw/0000063908/000006390814000019/mcd-12312013x10k.htm,
0000063908,0000063908,MCD,2014,2014-12-31,2015-02-24,0000063908-15-000016,data/raw/0000063908/000006390815000016/mcd-12312014x10k.htm,
0000063908,0000063908,MCD,2015,2015-12-31,2016-02-25,0000063908-16-000103,data/raw/0000063908/000006390816000103/mcd-12312015x10k.htm,
0000063908,0000063908,MCD,2016,2016-12-31,2017-03-01,0000063908-17-000017,data/raw/0000063908/000006390817000017/mcd-12312016x10k.htm,
0000063908,0000063908,MCD,2017,2017-12-31,2018-02-23,0000063908-18-000010,data/raw/0000063908/000006390818000010/mcd-12312017x10k.htm,
0000063908,0000063908,MCD,2018,2018-12-31,2019-02-22,0000063908-19-000010,data/raw/0000063908/000006390819000010/mcd-12312018x10k.htm,
0000063908,0000063908,MCD,2019,2019-12-31,2020-02-26,0000063908-20-000022,data/raw/0000063908/000006390820000022/mcd-12312019x10k.htm,
0000063908,0000063908,MCD,2020,2020-12-31,2021-02-23,0000063908-21-000013,data/raw/0000063908/000006390821000013/mcd-20201231.htm,
0000063908,0000063908,MCD,2021,2021-12-31,2022-02-24,0000063908-22-000011,data/raw/0000063908/000006390822000011/mcd-20211231.htm,
0000063908,0000063908,MCD,2022,2022-12-31,2023-02-24,0000063908-23-000012,data/raw/0000063908/000006390823000012/mcd-20221231.htm,
0000063908,0000063908,MCD,2023,2023-12-31,2024-02-22,0000063908-24-000072,data/raw/0000063908/000006390824000072/mcd-20231231.htm,
0000063908,0000063908,MCD,2024,2024-12-31,2025-02-25,0000063908-25-000012,data/raw/0000063908/000006390825000012/mcd-20241231.htm,
0000063908,0000063908,MCD,2025,2025-12-31,2026-02-24,0000063908-26-000035,data/raw/0000063908/000006390826000035/mcd-20251231.htm,
0001103982,0001103982,MDLZ,2007,2007-12-31,2008-02-25,0001193125-08-037590,data/raw/0001103982/000119312508037590/d10k.htm,
0001103982,0001103982,MDLZ,2008,2008-12-31,2009-02-27,0001193125-09-040798,data/raw/0001103982/000119312509040798/d10k.htm,
0001103982,0001103982,MDLZ,2009,2009-12-31,2010-02-25,0001193125-10-040106,data/raw/0001103982/000119312510040106/d10k.htm,
0001103982,0001103982,MDLZ,2010,2010-12-31,2011-02-28,0001193125-11-048979,data/raw/0001103982/000119312511048979/d10k.htm,
0001103982,0001103982,MDLZ,2011,2011-12-31,2012-02-27,0001193125-12-080318,data/raw/0001103982/000119312512080318/d277353d10k.htm,
0001103982,0001103982,MDLZ,2012,2012-12-31,2013-02-25,0001193125-13-073227,data/raw/0001103982/000119312513073227/d456052d10k.htm,
0001103982,0001103982,MDLZ,2013,2013-12-31,2014-03-03,0001193125-14-079175,data/raw/0001103982/000119312514079175/d645322d10k.htm,
0001103982,0001103982,MDLZ,2014,2014-12-31,2015-02-20,0001193125-15-055355,data/raw/0001103982/000119312515055355/d840894d10k.htm,
0001103982,0001103982,MDLZ,2015,2015-12-31,2016-02-19,0001193125-16-469394,data/raw/0001103982/000119312516469394/d51394d10k.htm,
0001103982,0001103982,MDLZ,2016,2016-12-31,2017-02-24,0001193125-17-055858,data/raw/0001103982/000119312517055858/d288385d10k.htm,
0001103982,0001103982,MDLZ,2017,2017-12-31,2018-02-09,0001193125-18-037332,data/raw/0001103982/000119312518037332/d466496d10k.htm,
0001103982,0001103982,MDLZ,2018,2018-12-31,2019-02-08,0001103982-19-000005,data/raw/0001103982/000110398219000005/mdlz10k123118document.htm,
0001103982,0001103982,MDLZ,2019,2019-12-31,2020-02-07,0001103982-20-000003,data/raw/0001103982/000110398220000003/mdlz10k123119document1.htm,
0001103982,0001103982,MDLZ,2020,2020-12-31,2021-02-05,0001103982-21-000004,data/raw/0001103982/000110398221000004/mdlz-20201231.htm,
0001103982,0001103982,MDLZ,2021,2021-12-31,2022-02-04,0001103982-22-000003,data/raw/0001103982/000110398222000003/mdlz-20211231.htm,
0001103982,0001103982,MDLZ,2022,2022-12-31,2023-02-03,0001103982-23-000006,data/raw/0001103982/000110398223000006/mdlz-20221231.htm,
0001103982,0001103982,MDLZ,2023,2023-12-31,2024-02-02,0001103982-24-000019,data/raw/0001103982/000110398224000019/mdlz-20231231.htm,
0001103982,0001103982,MDLZ,2024,2024-12-31,2025-02-05,0001103982-25-000030,data/raw/0001103982/000110398225000030/mdlz-20241231.htm,
0001103982,0001103982,MDLZ,2025,2025-12-31,2026-02-04,0001628280-26-005345,data/raw/0001103982/000162828026005345/mdlz-20251231.htm,
0001613103,0000064670,MDT,2007,2007-04-27,2007-06-25,0000897101-07-001326,data/raw/0000064670/000089710107001326/medtronic072487s1_10k.htm,
0001613103,0000064670,MDT,2008,2008-04-25,2008-06-24,0000897101-08-001392,data/raw/0000064670/000089710108001392/medtronic082604s1_10k.htm,
0001613103,0000064670,MDT,2009,2009-04-24,2009-06-23,0000897101-09-001266,data/raw/0000064670/000089710109001266/medtronic092639s2_10k.htm,
0001613103,0000064670,MDT,2010,2010-04-30,2010-06-29,0000897101-10-001328,data/raw/0000064670/000089710110001328/medtronic103067s1_10k.htm,
0001613103,0000064670,MDT,2011,2011-04-29,2011-06-28,0000897101-11-001132,data/raw/0000064670/000089710111001132/medtronic113060s1_10k.htm,
0001613103,0000064670,MDT,2012,2012-04-27,2012-06-26,0000897101-12-001054,data/raw/0000064670/000089710112001054/medtronic122599_10k.htm,
0001613103,0000064670,MDT,2013,2013-04-26,2013-06-24,0000064670-13-000006,data/raw/0000064670/000006467013000006/mdt-2013426x10k.htm,
0001613103,0000064670,MDT,2014,2014-04-25,2014-06-20,0000064670-14-000010,data/raw/0000064670/000006467014000010/mdt-2014425x10k.htm,
0001613103,0001613103,MDT,2015,2015-04-24,2015-06-23,0001613103-15-000028,data/raw/0001613103/000161310315000028/mdt-2015424x10k.htm,
0001613103,0001613103,MDT,2016,2016-04-29,2016-06-28,0001613103-16-000093,data/raw/0001613103/000161310316000093/mdt-2016429x10k.htm,
0001613103,0001613103,MDT,2017,2017-04-28,2017-06-27,0001613103-17-000018,data/raw/0001613103/000161310317000018/mdt-2017428x10k.htm,
0001613103,0001613103,MDT,2018,2018-04-27,2018-06-22,0001613103-18-000024,data/raw/0001613103/000161310318000024/mdt-2018427x10k.htm,
0001613103,0001613103,MDT,2019,2019-04-26,2019-06-21,0001613103-19-000028,data/raw/0001613103/000161310319000028/mdt-2019426x10k.htm,
0001613103,0001613103,MDT,2020,2020-04-24,2020-06-19,0001613103-20-000021,data/raw/0001613103/000161310320000021/mdt-20200424.htm,
0001613103,0001613103,MDT,2021,2021-04-30,2021-06-25,0001613103-21-000027,data/raw/0001613103/000161310321000027/mdt-20210430.htm,
0001613103,0001613103,MDT,2022,2022-04-29,2022-06-23,0001613103-22-000023,data/raw/0001613103/000161310322000023/mdt-20220429.htm,
0001613103,0001613103,MDT,2023,2023-04-28,2023-06-22,0001613103-23-000040,data/raw/0001613103/000161310323000040/mdt-20230428.htm,
0001613103,0001613103,MDT,2024,2024-04-26,2024-06-20,0001613103-24-000072,data/raw/0001613103/000161310324000072/mdt-20240426.htm,
0001613103,0001613103,MDT,2025,2025-04-25,2025-06-20,0001613103-25-000091,data/raw/0001613103/000161310325000091/mdt-20250425.htm,
0001326801,0001326801,META,2012,2012-12-31,2013-02-01,0001326801-13-000003,data/raw/0001326801/000132680113000003/fb-12312012x10k.htm,
0001326801,0001326801,META,2013,2013-12-31,2014-01-31,0001326801-14-000007,data/raw/0001326801/000132680114000007/fb-12312013x10k.htm,
0001326801,0001326801,META,2014,2014-12-31,2015-01-29,0001326801-15-000006,data/raw/0001326801/000132680115000006/fb-12312014x10k.htm,
0001326801,0001326801,META,2015,2015-12-31,2016-01-28,0001326801-16-000043,data/raw/0001326801/000132680116000043/fb-12312015x10k.htm,
0001326801,0001326801,META,2016,2016-12-31,2017-02-03,0001326801-17-000007,data/raw/0001326801/000132680117000007/fb-12312016x10k.htm,
0001326801,0001326801,META,2017,2017-12-31,2018-02-01,0001326801-18-000009,data/raw/0001326801/000132680118000009/fb-12312017x10k.htm,
0001326801,0001326801,META,2018,2018-12-31,2019-01-31,0001326801-19-000009,data/raw/0001326801/000132680119000009/fb-12312018x10k.htm,
0001326801,0001326801,META,2019,2019-12-31,2020-01-30,0001326801-20-000013,data/raw/0001326801/000132680120000013/fb-12312019x10k.htm,
0001326801,0001326801,META,2020,2020-12-31,2021-01-28,0001326801-21-000014,data/raw/0001326801/000132680121000014/fb-20201231.htm,
0001326801,0001326801,META,2021,2021-12-31,2022-02-03,0001326801-22-000018,data/raw/0001326801/000132680122000018/fb-20211231.htm,
0001326801,0001326801,META,2022,2022-12-31,2023-02-02,0001326801-23-000013,data/raw/0001326801/000132680123000013/meta-20221231.htm,
0001326801,0001326801,META,2023,2023-12-31,2024-02-02,0001326801-24-000012,data/raw/0001326801/000132680124000012/meta-20231231.htm,
0001326801,0001326801,META,2024,2024-12-31,2025-01-30,0001326801-25-000017,data/raw/0001326801/000132680125000017/meta-20241231.htm,
0001326801,0001326801,META,2025,2025-12-31,2026-01-29,0001628280-26-003942,data/raw/0001326801/000162828026003942/meta-20251231.htm,
0000066740,0000066740,MMM,2007,2007-12-31,2008-02-15,0001104659-08-011226,data/raw/0000066740/000110465908011226/a08-2453_110k.htm,
0000066740,0000066740,MMM,2008,2008-12-31,2009-02-17,0001104659-09-009669,data/raw/0000066740/000110465909009669/a09-1282_110k.htm,
0000066740,0000066740,MMM,2009,2009-12-31,2010-02-16,0001104659-10-007295,data/raw/0000066740/000110465910007295/a09-35783_110k.htm,
0000066740,0000066740,MMM,2010,2010-12-31,2011-02-16,0001104659-11-007845,data/raw/0000066740/000110465911007845/a11-2060_110k.htm,
0000066740,0000066740,MMM,2011,2011-12-31,2012-02-16,0001104659-12-010566,data/raw/0000066740/000110465912010566/a11-31280_110k.htm,
0000066740,0000066740,MMM,2012,2012-12-31,2013-02-14,0001104659-13-010881,data/raw/0000066740/000110465913010881/a13-1203_110k.htm,
0000066740,0000066740,MMM,2013,2013-12-31,2014-02-13,0001104659-14-009773,data/raw/0000066740/000110465914009773/a14-5644_110k.htm,
0000066740,0000066740,MMM,2014,2014-12-31,2015-02-12,0001104659-15-009560,data/raw/0000066740/000110465915009560/a15-1770_110k.htm,
0000066740,0000066740,MMM,2015,2015-12-31,2016-02-11,0001558370-16-003162,data/raw/0000066740/000155837016003162/mmm-20151231x10k.htm,
0000066740,0000066740,MMM,2016,2016-12-31,2017-02-09,0001558370-17-000479,data/raw/0000066740/000155837017000479/mmm-20161231x10k.htm,
0000066740,0000066740,MMM,2017,2017-12-31,2018-02-08,0001558370-18-000535,data/raw/0000066740/000155837018000535/mmm-20171231x10k.htm,
0000066740,0000066740,MMM,2018,2018-12-31,2019-02-07,0001558370-19-000470,data/raw/0000066740/000155837019000470/mmm-20181231x10k.htm,
0000066740,0000066740,MMM,2019,2019-12-31,2020-02-06,0001558370-20-000581,data/raw/0000066740/000155837020000581/mmm-20191231x10k62bf35.htm,
0000066740,0000066740,MMM,2020,2020-12-31,2021-02-04,0001558370-21-000737,data/raw/0000066740/000155837021000737/mmm-20201231x10k.htm,
0000066740,0000066740,MMM,2021,2021-12-31,2022-02-09,0000066740-22-000010,data/raw/0000066740/000006674022000010/mmm-20211231.htm,
0000066740,0000066740,MMM,2022,2022-12-31,2023-02-08,0000066740-23-000014,data/raw/0000066740/000006674023000014/mmm-20221231.htm,
0000066740,0000066740,MMM,2023,2023-12-31,2024-02-07,0000066740-24-000016,data/raw/0000066740/000006674024000016/mmm-20231231.htm,
0000066740,0000066740,MMM,2024,2024-12-31,2025-02-05,0000066740-25-000006,data/raw/0000066740/000006674025000006/mmm-20241231.htm,
0000066740,0000066740,MMM,2025,2025-12-31,2026-02-03,0000066740-26-000014,data/raw/0000066740/000006674026000014/mmm-20251231.htm,
0000764180,0000764180,MO,2007,2007-12-31,2008-02-28,0001193125-08-041586,data/raw/0000764180/000119312508041586/d10k.htm,
0000764180,0000764180,MO,2008,2008-12-31,2009-02-27,0001193125-09-041005,data/raw/0000764180/000119312509041005/d10k.htm,
0000764180,0000764180,MO,2009,2009-12-31,2010-02-24,0001193125-10-039027,data/raw/0000764180/000119312510039027/d10k.htm,
0000764180,0000764180,MO,2010,2010-12-31,2011-02-25,0001193125-11-045778,data/raw/0000764180/000119312511045778/d10k.htm,
0000764180,0000764180,MO,2011,2011-12-31,2012-02-16,0001193125-12-064660,data/raw/0000764180/000119312512064660/d239844d10k.htm,
0000764180,0000764180,MO,2012,2012-12-31,2013-02-27,0000764180-13-000024,data/raw/0000764180/000076418013000024/form10k.htm,
0000764180,0000764180,MO,2013,2013-12-31,2014-02-26,0000764180-14-000025,data/raw/0000764180/000076418014000025/a2013form10-kq42013.htm,
0000764180,0000764180,MO,2014,2014-12-31,2015-02-25,0000764180-15-000022,data/raw/0000764180/000076418015000022/a2014form10-kq42014.htm,
0000764180,0000764180,MO,2015,2015-12-31,2016-02-25,0000764180-16-000128,data/raw/0000764180/000076418016000128/a2015form10-k.htm,
0000764180,0000764180,MO,2016,2016-12-31,2017-02-27,0000764180-17-000028,data/raw/0000764180/000076418017000028/a2016form10-k.htm,
0000764180,0000764180,MO,2017,2017-12-31,2018-02-27,0000764180-18-000028,data/raw/0000764180/000076418018000028/a2017form10-kq4.htm,
0000764180,0000764180,MO,2018,2018-12-31,2019-02-26,0000764180-19-000023,data/raw/0000764180/000076418019000023/a2018form10-kq4.htm,
0000764180,0000764180,MO,2019,2019-12-31,2020-02-25,0000764180-20-000018,data/raw/0000764180/000076418020000018/a2019form10-kq4.htm,
0000764180,0000764180,MO,2020,2020-12-31,2021-02-26,0000764180-21-000037,data/raw/0000764180/000076418021000037/mo-20201231.htm,
0000764180,0000764180,MO,2021,2021-12-31,2022-02-25,0000764180-22-000019,data/raw/0000764180/000076418022000019/mo-20211231.htm,
0000764180,0000764180,MO,2022,2022-12-31,2023-02-27,0000764180-23-000020,data/raw/0000764180/000076418023000020/mo-20221231.htm,
0000764180,0000764180,MO,2023,2023-12-31,2024-02-27,0000764180-24-000018,data/raw/0000764180/000076418024000018/mo-20231231.htm,
0000764180,0000764180,MO,2024,2024-12-31,2025-02-26,0000764180-25-000019,data/raw/0000764180/000076418025000019/mo-20241231.htm,
0000764180,0000764180,MO,2025,2025-12-31,2026-02-25,0000764180-26-000017,data/raw/0000764180/000076418026000017/mo-20251231.htm,
0000310158,0000310158,MRK,2007,2007-12-31,2008-02-29,0000950123-08-002339,data/raw/0000310158/000095012308002339/y50144e10vk.htm,
0000310158,0000310158,MRK,2008,2008-12-31,2009-02-27,0000950123-09-003694,data/raw/0000310158/000095012309003694/y74771e10vk.htm,
0000310158,0000310158,MRK,2009,2009-12-31,2010-03-01,0000950123-10-018679,data/raw/0000310158/000095012310018679/y81622e10vk.htm,
0000310158,0000310158,MRK,2010,2010-12-31,2011-02-28,0000950123-11-019286,data/raw/0000310158/000095012311019286/y87773e10vk.htm,
0000310158,0000310158,MRK,2011,2011-12-31,2012-02-28,0001193125-12-084319,data/raw/0000310158/000119312512084319/d274705d10k.htm,
0000310158,0000310158,MRK,2012,2012-12-31,2013-02-28,0001193125-13-084618,data/raw/0000310158/000119312513084618/d438975d10k.htm,
0000310158,0000310158,MRK,2013,2013-12-31,2014-02-27,0000310158-14-000009,data/raw/0000310158/000031015814000009/mrk1231201310k.htm,
0000310158,0000310158,MRK,2014,2014-12-31,2015-02-27,0000310158-15-000005,data/raw/0000310158/000031015815000005/mrk1231201410k.htm,
0000310158,0000310158,MRK,2015,2015-12-31,2016-02-26,0000310158-16-000063,data/raw/0000310158/000031015816000063/mrk1231201510k.htm,
0000310158,0000310158,MRK,2016,2016-12-31,2017-02-28,0000310158-17-000010,data/raw/0000310158/000031015817000010/mrk1231201610k.htm,
0000310158,0000310158,MRK,2017,2017-12-31,2018-02-27,0000310158-18-000005,data/raw/0000310158/000031015818000005/mrk1231201710k.htm,
0000310158,0000310158,MRK,2018,2018-12-31,2019-02-27,0000310158-19-000014,data/raw/0000310158/000031015819000014/mrk1231201810k.htm,
0000310158,0000310158,MRK,2019,2019-12-31,2020-02-26,0000310158-20-000005,data/raw/0000310158/000031015820000005/mrk1231201910k.htm,
0000310158,0000310158,MRK,2020,2020-12-31,2021-02-25,0000310158-21-000004,data/raw/0000310158/000031015821000004/mrk-20201231.htm,
0000310158,0000310158,MRK,2021,2021-12-31,2022-02-25,0000310158-22-000003,data/raw/0000310158/000031015822000003/mrk-20211231.htm,
0000310158,0000310158,MRK,2022,2022-12-31,2023-02-24,0001628280-23-005061,data/raw/0000310158/000162828023005061/mrk-20221231.htm,
0000310158,0000310158,MRK,2023,2023-12-31,2024-02-26,0001628280-24-006850,data/raw/0000310158/000162828024006850/mrk-20231231.htm,
0000310158,0000310158,MRK,2024,2024-12-31,2025-02-25,0001628280-25-007732,data/raw/0000310158/000162828025007732/mrk-20241231.htm,
0000310158,0000310158,MRK,2025,2025-12-31,2026-02-24,0000310158-26-000063,data/raw/0000310158/000031015826000063/mrk-20251231.htm,
0000895421,0000895421,MS,2007,2007-11-30,2008-01-29,0001193125-08-013719,data/raw/0000895421/000119312508013719/d10k.htm,
0000895421,0000895421,MS,2008,2008-11-30,2009-01-29,0001193125-09-013429,data/raw/0000895421/000119312509013429/d10k.htm,
0000895421,0000895421,MS,2009,2009-12-31,2010-02-26,0001193125-10-042763,data/raw/0000895421/000119312510042763/d10k.htm,
0000895421,0000895421,MS,2010,2010-12-31,2011-02-28,0001193125-11-050049,data/raw/0000895421/000119312511050049/d10k.htm,
0000895421,0000895421,MS,2011,2011-12-31,2012-02-27,0001193125-12-081807,data/raw/0000895421/000119312512081807/d262950d10k.htm,
0000895421,0000895421,MS,2012,2012-12-31,2013-02-26,0001193125-13-077191,data/raw/0000895421/000119312513077191/d484822d10k.htm,
0000895421,0000895421,MS,2013,2013-12-31,2014-02-25,0001193125-14-067354,data/raw/0000895421/000119312514067354/d639242d10k.htm,
0000895421,0000895421,MS,2014,2014-12-31,2015-03-02,0001193125-15-071980,data/raw/0000895421/000119312515071980/d869080d10k.htm,
0000895421,0000895421,MS,2015,2015-12-31,2016-02-23,0001193125-16-473553,data/raw/0000895421/000119312516473553/d48186d10k.htm,
0000895421,0000895421,MS,2016,2016-12-31,2017-02-27,0001193125-17-059212,data/raw/0000895421/000119312517059212/d328282d10k.htm,
0000895421,0000895421,MS,2017,2017-12-31,2018-02-27,0001193125-18-060831,data/raw/0000895421/000119312518060831/d500533d10k.htm,
0000895421,0000895421,MS,2018,2018-12-31,2019-02-26,0001193125-19-051943,data/raw/0000895421/000119312519051943/d707577d10k.htm,
0000895421,0000895421,MS,2019,2019-12-31,2020-02-27,0000895421-20-000265,data/raw/0000895421/000089542120000265/msq4201910k.htm,
0000895421,0000895421,MS,2020,2020-12-31,2021-02-26,0000895421-21-000286,data/raw/0000895421/000089542121000286/ms-20201231.htm,
0000895421,0000895421,MS,2021,2021-12-31,2022-02-24,0000895421-22-000400,data/raw/0000895421/000089542122000400/ms-20211231.htm,
0000895421,0000895421,MS,2022,2022-12-31,2023-02-24,0000895421-23-000284,data/raw/0000895421/000089542123000284/ms-20221231.htm,
0000895421,0000895421,MS,2023,2023-12-31,2024-02-22,0000895421-24-000300,data/raw/0000895421/000089542124000300/ms-20231231.htm,
0000895421,0000895421,MS,2024,2024-12-31,2025-02-21,0000895421-25-000304,data/raw/0000895421/000089542125000304/ms-20241231.htm,
0000895421,0000895421,MS,2025,2025-12-31,2026-02-19,0000895421-26-000086,data/raw/0000895421/000089542126000086/ms-20251231.htm,
0000789019,0000789019,MSFT,2007,2007-06-30,2007-08-03,0001193125-07-170817,data/raw/0000789019/000119312507170817/d10k.htm,
0000789019,0000789019,MSFT,2008,2008-06-30,2008-07-31,0001193125-08-162768,data/raw/0000789019/000119312508162768/d10k.htm,
0000789019,0000789019,MSFT,2009,2009-06-30,2009-07-30,0001193125-09-158735,data/raw/0000789019/000119312509158735/d10k.htm,
0000789019,0000789019,MSFT,2010,2010-06-30,2010-07-30,0001193125-10-171791,data/raw/0000789019/000119312510171791/d10k.htm,
0000789019,0000789019,MSFT,2011,2011-06-30,2011-07-28,0001193125-11-200680,data/raw/0000789019/000119312511200680/d10k.htm,
0000789019,0000789019,MSFT,2012,2012-06-30,2012-07-26,0001193125-12-316848,data/raw/0000789019/000119312512316848/d347676d10k.htm,
0000789019,0000789019,MSFT,2013,2013-06-30,2013-07-30,0001193125-13-310206,data/raw/0000789019/000119312513310206/d527745d10k.htm,
0000789019,0000789019,MSFT,2014,2014-06-30,2014-07-31,0001193125-14-289961,data/raw/0000789019/000119312514289961/d722626d10k.htm,
0000789019,0000789019,MSFT,2015,2015-06-30,2015-07-31,0001193125-15-272806,data/raw/0000789019/000119312515272806/d918813d10k.htm,
0000789019,0000789019,MSFT,2016,2016-06-30,2016-07-28,0001193125-16-662209,data/raw/0000789019/000119312516662209/d187868d10k.htm,
0000789019,0000789019,MSFT,2017,2017-06-30,2017-08-02,0001564590-17-014900,data/raw/0000789019/000156459017014900/msft-10k_20170630.htm,
0000789019,0000789019,MSFT,2018,2018-06-30,2018-08-03,0001564590-18-019062,data/raw/0000789019/000156459018019062/msft-10k_20180630.htm,
0000789019,0000789019,MSFT,2019,2019-06-30,2019-08-01,0001564590-19-027952,data/raw/0000789019/000156459019027952/msft-10k_20190630.htm,
0000789019,0000789019,MSFT,2020,2020-06-30,2020-07-30,0001564590-20-034944,data/raw/0000789019/000156459020034944/msft-10k_20200630.htm,
0000789019,0000789019,MSFT,2021,2021-06-30,2021-07-29,0001564590-21-039151,data/raw/0000789019/000156459021039151/msft-10k_20210630.htm,
0000789019,0000789019,MSFT,2022,2022-06-30,2022-07-28,0001564590-22-026876,data/raw/0000789019/000156459022026876/msft-10k_20220630.htm,
0000789019,0000789019,MSFT,2023,2023-06-30,2023-07-27,0000950170-23-035122,data/raw/0000789019/000095017023035122/msft-20230630.htm,
0000789019,0000789019,MSFT,2024,2024-06-30,2024-07-30,0000950170-24-087843,data/raw/0000789019/000095017024087843/msft-20240630.htm,
0000789019,0000789019,MSFT,2025,2025-06-30,2025-07-30,0000950170-25-100235,data/raw/0000789019/000095017025100235/msft-20250630.htm,
0000723125,0000723125,MU,2007,2007-10-12,2007-10-26,0000723125-07-000108,data/raw/0000723125/000072312507000108/mti10k-fy2007.htm,
0000723125,0000723125,MU,2008,2008-10-08,2008-10-27,0000723125-08-000111,data/raw/0000723125/000072312508000111/fy08-10k.htm,
0000723125,0000723125,MU,2009,2009-09-03,2009-10-28,0000723125-09-000128,data/raw/0000723125/000072312509000128/fy200910-k.htm,
0000723125,0000723125,MU,2010,2010-09-02,2010-10-26,0000723125-10-000174,data/raw/0000723125/000072312510000174/q4fy2010.htm,
0000723125,0000723125,MU,2011,2011-09-01,2011-10-25,0000723125-11-000189,data/raw/0000723125/000072312511000189/mu-912011x10k.htm,
0000723125,0000723125,MU,2012,2012-08-30,2012-10-29,0000723125-12-000156,data/raw/0000723125/000072312512000156/a2012q4.htm,
0000723125,0000723125,MU,2013,2013-08-29,2013-10-28,0000723125-13-000228,data/raw/0000723125/000072312513000228/a2013q4.htm,
0000723125,0000723125,MU,2014,2014-08-28,2014-10-27,0000723125-14-000195,data/raw/0000723125/000072312514000195/a2014q4.htm,
0000723125,0000723125,MU,2015,2015-09-03,2015-10-27,0000723125-15-000112,data/raw/0000723125/000072312515000112/a2015q4.htm,
0000723125,0000723125,MU,2016,2016-09-01,2016-10-28,0000723125-16-000269,data/raw/0000723125/000072312516000269/a2016q4.htm,
0000723125,0000723125,MU,2017,2017-08-31,2017-10-26,0000723125-17-000131,data/raw/0000723125/000072312517000131/a2017q4.htm,
0000723125,0000723125,MU,2018,2018-08-30,2018-10-15,0000723125-18-000092,data/raw/0000723125/000072312518000092/a2018q4.htm,
0000723125,0000723125,MU,2019,2019-08-29,2019-10-17,0000723125-19-000094,data/raw/0000723125/000072312519000094/a2019q4.htm,
0000723125,0000723125,MU,2020,2020-09-03,2020-10-19,0000723125-20-000082,data/raw/0000723125/000072312520000082/mu-20200903.htm,
0000723125,0000723125,MU,2021,2021-09-02,2021-10-08,0000723125-21-000065,data/raw/0000723125/000072312521000065/mu-20210902.htm,
0000723125,0000723125,MU,2022,2022-09-01,2022-10-07,0000723125-22-000048,data/raw/0000723125/000072312522000048/mu-20220901.htm,
0000723125,0000723125,MU,2023,2023-08-31,2023-10-06,0000723125-23-000054,data/raw/0000723125/000072312523000054/mu-20230831.htm,
0000723125,0000723125,MU,2024,2024-08-29,2024-10-04,0000723125-24-000027,data/raw/0000723125/000072312524000027/mu-20240829.htm,
0000723125,0000723125,MU,2025,2025-08-28,2025-10-03,0000723125-25-000028,data/raw/0000723125/000072312525000028/mu-20250828.htm,
0000753308,0000753308,NEE,2007,2007-12-31,2008-02-28,0000753308-08-000003,data/raw/0000753308/000075330808000003/form10k2007.htm,
0000753308,0000753308,NEE,2008,2008-12-31,2009-02-27,0000753308-09-000025,data/raw/0000753308/000075330809000025/form10k123108.htm,
0000753308,0000753308,NEE,2009,2009-12-31,2010-02-26,0000753308-10-000025,data/raw/0000753308/000075330810000025/form10k123109.htm,
0000753308,0000753308,NEE,2010,2010-12-31,2011-02-28,0000753308-11-000025,data/raw/0000753308/000075330811000025/form10k123110.htm,
0000753308,0000753308,NEE,2011,2011-12-31,2012-02-28,0000753308-12-000025,data/raw/0000753308/000075330812000025/nee-12312011x10k.htm,
0000753308,0000753308,NEE,2012,2012-12-31,2013-02-28,0000753308-13-000023,data/raw/0000753308/000075330813000023/nee-12312012x10k.htm,
0000753308,0000753308,NEE,2013,2013-12-31,2014-02-24,0000753308-14-000025,data/raw/0000753308/000075330814000025/nee-12312013x10k.htm,
0000753308,0000753308,NEE,2014,2014-12-31,2015-02-20,0000753308-15-000079,data/raw/0000753308/000075330815000079/nee-12312014x10k.htm,
0000753308,0000753308,NEE,2015,2015-12-31,2016-02-22,0000753308-16-000337,data/raw/0000753308/000075330816000337/nee-12312015x10k.htm,
0000753308,0000753308,NEE,2016,2016-12-31,2017-02-23,0000753308-17-000060,data/raw/0000753308/000075330817000060/nee-12312016x10k.htm,
0000753308,0000753308,NEE,2017,2017-12-31,2018-02-16,0000753308-18-000013,data/raw/0000753308/000075330818000013/nee-12312017x10k.htm,
0000753308,0000753308,NEE,2018,2018-12-31,2019-02-15,0000753308-19-000039,data/raw/0000753308/000075330819000039/nee-12312018x10k.htm,
0000753308,0000753308,NEE,2019,2019-12-31,2020-02-14,0000753308-20-000021,data/raw/0000753308/000075330820000021/nee-12312019x10k.htm,
0000753308,0000753308,NEE,2020,2020-12-31,2021-02-12,0000753308-21-000014,data/raw/0000753308/000075330821000014/nee-20201231.htm,
0000753308,0000753308,NEE,2021,2021-12-31,2022-02-18,0000753308-22-000014,data/raw/0000753308/000075330822000014/nee-20211231.htm,
0000753308,0000753308,NEE,2022,2022-12-31,2023-02-17,0000753308-23-000019,data/raw/0000753308/000075330823000019/nee-20221231.htm,
0000753308,0000753308,NEE,2023,2023-12-31,2024-02-16,0000753308-24-000008,data/raw/0000753308/000075330824000008/nee-20231231.htm,
0000753308,0000753308,NEE,2024,2024-12-31,2025-02-14,0000753308-25-000011,data/raw/0000753308/000075330825000011/nee-20241231.htm,
0000753308,0000753308,NEE,2025,2025-12-31,2026-02-13,0000753308-26-000015,data/raw/0000753308/000075330826000015/nee-20251231.htm,
0001065280,0001065280,NFLX,2007,2007-12-31,2008-02-28,0001193125-08-040378,data/raw/0001065280/000119312508040378/d10k.htm,
0001065280,0001065280,NFLX,2008,2008-12-31,2009-02-25,0001193125-09-037430,data/raw/0001065280/000119312509037430/d10k.htm,
0001065280,0001065280,NFLX,2009,2009-12-31,2010-02-22,0001193125-10-036181,data/raw/0001065280/000119312510036181/d10k.htm,
0001065280,0001065280,NFLX,2010,2010-12-31,2011-02-18,0001193125-11-040217,data/raw/0001065280/000119312511040217/d10k.htm,
0001065280,0001065280,NFLX,2011,2011-12-31,2012-02-10,0001193125-12-053009,data/raw/0001065280/000119312512053009/d260328d10k.htm,
0001065280,0001065280,NFLX,2012,2012-12-31,2013-02-01,0001065280-13-000008,data/raw/0001065280/000106528013000008/nflx1231201210kdoc.htm,
0001065280,0001065280,NFLX,2013,2013-12-31,2014-02-03,0001065280-14-000006,data/raw/0001065280/000106528014000006/nflx10k2013.htm,
0001065280,0001065280,NFLX,2014,2014-12-31,2015-01-29,0001065280-15-000006,data/raw/0001065280/000106528015000006/nflx201410k.htm,
0001065280,0001065280,NFLX,2015,2015-12-31,2016-01-28,0001065280-16-000047,data/raw/0001065280/000106528016000047/nflx201510k.htm,
0001065280,0001065280,NFLX,2016,2016-12-31,2017-01-27,0001628280-17-000496,data/raw/0001065280/000162828017000496/nflx201610k.htm,
0001065280,0001065280,NFLX,2017,2017-12-31,2018-01-29,0001065280-18-000069,data/raw/0001065280/000106528018000069/q4nflx201710k.htm,
0001065280,0001065280,NFLX,2018,2018-12-31,2019-01-29,0001065280-19-000043,data/raw/0001065280/000106528019000043/form10k_q418.htm,
0001065280,0001065280,NFLX,2019,2019-12-31,2020-01-29,0001065280-20-000040,data/raw/0001065280/000106528020000040/form10kq419.htm,
0001065280,0001065280,NFLX,2020,2020-12-31,2021-01-28,0001065280-21-000040,data/raw/0001065280/000106528021000040/nflx-20201231.htm,
0001065280,0001065280,NFLX,2021,2021-12-31,2022-01-27,0001065280-22-000036,data/raw/0001065280/000106528022000036/nflx-20211231.htm,
0001065280,0001065280,NFLX,2022,2022-12-31,2023-01-26,0001065280-23-000035,data/raw/0001065280/000106528023000035/nflx-20221231.htm,
0001065280,0001065280,NFLX,2023,2023-12-31,2024-01-26,0001065280-24-000030,data/raw/0001065280/000106528024000030/nflx-20231231.htm,
0001065280,0001065280,NFLX,2024,2024-12-31,2025-01-27,0001065280-25-000044,data/raw/0001065280/000106528025000044/nflx-20241231.htm,
0001065280,0001065280,NFLX,2025,2025-12-31,2026-01-23,0001065280-26-000034,data/raw/0001065280/000106528026000034/nflx-20251231.htm,
0000320187,0000320187,NKE,2007,2007-05-31,2007-07-27,0001193125-07-164166,data/raw/0000320187/000119312507164166/d10k.htm,
0000320187,0000320187,NKE,2008,2008-05-31,2008-07-28,0001193125-08-159004,data/raw/0000320187/000119312508159004/d10k.htm,
0000320187,0000320187,NKE,2009,2009-05-31,2009-07-27,0001193125-09-155951,data/raw/0000320187/000119312509155951/d10k.htm,
0000320187,0000320187,NKE,2010,2010-05-31,2010-07-20,0001193125-10-161874,data/raw/0000320187/000119312510161874/d10k.htm,
0000320187,0000320187,NKE,2011,2011-05-31,2011-07-22,0001193125-11-194791,data/raw/0000320187/000119312511194791/d10k.htm,
0000320187,0000320187,NKE,2012,2012-05-31,2012-07-24,0001193125-12-312306,data/raw/0000320187/000119312512312306/d341264d10k.htm,
0000320187,0000320187,NKE,2013,2013-05-31,2013-07-23,0000320187-13-000092,data/raw/0000320187/000032018713000092/nke-5312013x10k.htm,
0000320187,0000320187,NKE,2014,2014-05-31,2014-07-25,0000320187-14-000097,data/raw/0000320187/000032018714000097/nke-5312014x10k.htm,
0000320187,0000320187,NKE,2015,2015-05-31,2015-07-23,0000320187-15-000113,data/raw/0000320187/000032018715000113/nke-5312015x10k.htm,
0000320187,0000320187,NKE,2016,2016-05-31,2016-07-21,0000320187-16-000336,data/raw/0000320187/000032018716000336/nke-5312016x10k.htm,
0000320187,0000320187,NKE,2017,2017-05-31,2017-07-20,0000320187-17-000090,data/raw/0000320187/000032018717000090/nke-5312017x10k.htm,
0000320187,0000320187,NKE,2018,2018-05-31,2018-07-25,0000320187-18-000142,data/raw/0000320187/000032018718000142/nke-5312018x10k.htm,
0000320187,0000320187,NKE,2019,2019-05-31,2019-07-23,0000320187-19-000051,data/raw/0000320187/000032018719000051/nke-531201910k.htm,
0000320187,0000320187,NKE,2020,2020-05-31,2020-07-24,0000320187-20-000047,data/raw/0000320187/000032018720000047/nke-531202010k.htm,
0000320187,0000320187,NKE,2021,2021-05-31,2021-07-20,0000320187-21-000028,data/raw/0000320187/000032018721000028/nke-20210531.htm,
0000320187,0000320187,NKE,2022,2022-05-31,2022-07-21,0000320187-22-000038,data/raw/0000320187/000032018722000038/nke-20220531.htm,
0000320187,0000320187,NKE,2023,2023-05-31,2023-07-20,0000320187-23-000039,data/raw/0000320187/000032018723000039/nke-20230531.htm,
0000320187,0000320187,NKE,2024,2024-05-31,2024-07-25,0000320187-24-000044,data/raw/0000320187/000032018724000044/nke-20240531.htm,
0000320187,0000320187,NKE,2025,2025-05-31,2025-07-17,0000320187-25-000047,data/raw/0000320187/000032018725000047/nke-20250531.htm,
0001373715,0001373715,NOW,2012,2012-12-31,2013-03-08,0001373715-13-000004,data/raw/0001373715/000137371513000004/now-20121231x10k.htm,
0001373715,0001373715,NOW,2013,2013-12-31,2014-02-28,0001373715-14-000044,data/raw/0001373715/000137371514000044/now-20131231x10k.htm,
0001373715,0001373715,NOW,2014,2014-12-31,2015-02-27,0001373715-15-000067,data/raw/0001373715/000137371515000067/now-20141231x10k.htm,
0001373715,0001373715,NOW,2015,2015-12-31,2016-02-25,0001373715-16-000324,data/raw/0001373715/000137371516000324/now-20151231x10k.htm,
0001373715,0001373715,NOW,2016,2016-12-31,2017-02-28,0001373715-17-000026,data/raw/0001373715/000137371517000026/now-20161231x10k.htm,
0001373715,0001373715,NOW,2018,2018-12-31,2019-02-27,0001373715-19-000070,data/raw/0001373715/000137371519000070/now-20181231x10k.htm,
0001373715,0001373715,NOW,2019,2019-12-31,2020-02-20,0001373715-20-000072,data/raw/0001373715/000137371520000072/now-20191231x10kxinpro.htm,
0001373715,0001373715,NOW,2020,2020-12-31,2021-02-12,0001373715-21-000061,data/raw/0001373715/000137371521000061/now-20201231.htm,
0001373715,0001373715,NOW,2021,2021-12-31,2022-02-03,0001373715-22-000024,data/raw/0001373715/000137371522000024/now-20211231.htm,
0001373715,0001373715,NOW,2022,2022-12-31,2023-01-31,0001373715-23-000035,data/raw/0001373715/000137371523000035/now-20221231.htm,
0001373715,0001373715,NOW,2023,2023-12-31,2024-01-25,0001373715-24-000030,data/raw/0001373715/000137371524000030/now-20231231.htm,
0001373715,0001373715,NOW,2024,2024-12-31,2025-01-30,0001373715-25-000010,data/raw/0001373715/000137371525000010/now-20241231.htm,
0001373715,0001373715,NOW,2025,2025-12-31,2026-01-29,0001373715-26-000007,data/raw/0001373715/000137371526000007/now-20251231.htm,
0001045810,0001045810,NVDA,2007,2007-01-28,2007-03-16,0001045810-07-000008,data/raw/0001045810/000104581007000008/fy2007annualreportonform10-k.htm,
0001045810,0001045810,NVDA,2008,2008-03-21,2008-03-21,0001045810-08-000011,data/raw/0001045810/000104581008000011/fy2008annualreportonform10k.htm,
0001045810,0001045810,NVDA,2009,2009-01-25,2009-03-13,0001045810-09-000013,data/raw/0001045810/000104581009000013/fy2009form10k.htm,
0001045810,0001045810,NVDA,2010,2010-01-31,2010-03-18,0001045810-10-000006,data/raw/0001045810/000104581010000006/fy2010form10k.htm,
0001045810,0001045810,NVDA,2011,2011-01-30,2011-03-16,0001045810-11-000015,data/raw/0001045810/000104581011000015/fy2011form10k.htm,
0001045810,0001045810,NVDA,2012,2012-01-29,2012-03-13,0001045810-12-000013,data/raw/0001045810/000104581012000013/nvda-2012x10k.htm,
0001045810,0001045810,NVDA,2013,2013-01-27,2013-03-12,0001045810-13-000008,data/raw/0001045810/000104581013000008/nvda-2013x10k.htm,
0001045810,0001045810,NVDA,2014,2014-01-26,2014-03-13,0001045810-14-000030,data/raw/0001045810/000104581014000030/nvda-2014x10k.htm,
0001045810,0001045810,NVDA,2015,2015-01-25,2015-03-12,0001045810-15-000036,data/raw/0001045810/000104581015000036/nvda-2015x10k.htm,
0001045810,0001045810,NVDA,2016,2016-01-31,2016-03-17,0001045810-16-000205,data/raw/0001045810/000104581016000205/nvda-2016x10k.htm,
0001045810,0001045810,NVDA,2017,2017-01-29,2017-03-01,0001045810-17-000027,data/raw/0001045810/000104581017000027/nvda-2017x10k.htm,
0001045810,0001045810,NVDA,2018,2018-01-28,2018-02-28,0001045810-18-000010,data/raw/0001045810/000104581018000010/nvda-2018x10k.htm,
0001045810,0001045810,NVDA,2019,2019-01-27,2019-02-21,0001045810-19-000023,data/raw/0001045810/000104581019000023/nvda-2019x10k.htm,
0001045810,0001045810,NVDA,2020,2020-01-26,2020-02-20,0001045810-20-000010,data/raw/0001045810/000104581020000010/nvda-2020x10k.htm,
0001045810,0001045810,NVDA,2021,2021-01-31,2021-02-26,0001045810-21-000010,data/raw/0001045810/000104581021000010/nvda-20210131.htm,
0001045810,0001045810,NVDA,2022,2022-01-30,2022-03-18,0001045810-22-000036,data/raw/0001045810/000104581022000036/nvda-20220130.htm,
0001045810,0001045810,NVDA,2023,2023-01-29,2023-02-24,0001045810-23-000017,data/raw/0001045810/000104581023000017/nvda-20230129.htm,
0001045810,0001045810,NVDA,2024,2024-01-28,2024-02-21,0001045810-24-000029,data/raw/0001045810/000104581024000029/nvda-20240128.htm,
0001045810,0001045810,NVDA,2025,2025-01-26,2025-02-26,0001045810-25-000023,data/raw/0001045810/000104581025000023/nvda-20250126.htm,
0001341439,0001341439,ORCL,2007,2007-05-31,2007-06-29,0000950134-07-014478,data/raw/0001341439/000095013407014478/f31530e10vk.htm,
0001341439,0001341439,ORCL,2008,2008-05-31,2008-07-02,0000950134-08-012257,data/raw/0001341439/000095013408012257/f41477e10vk.htm,
0001341439,0001341439,ORCL,2009,2009-05-31,2009-06-29,0000950123-09-018689,data/raw/0001341439/000095012309018689/f52658e10vk.htm,
0001341439,0001341439,ORCL,2010,2010-05-31,2010-07-01,0001193125-10-151896,data/raw/0001341439/000119312510151896/d10k.htm,
0001341439,0001341439,ORCL,2011,2011-05-31,2011-06-28,0001193125-11-174819,data/raw/0001341439/000119312511174819/d10k.htm,
0001341439,0001341439,ORCL,2012,2012-05-31,2012-06-26,0001193125-12-284007,data/raw/0001341439/000119312512284007/d369484d10k.htm,
0001341439,0001341439,ORCL,2013,2013-05-31,2013-06-26,0001193125-13-272832,data/raw/0001341439/000119312513272832/d531515d10k.htm,
0001341439,0001341439,ORCL,2014,2014-05-31,2014-06-26,0001193125-14-251351,data/raw/0001341439/000119312514251351/d725622d10k.htm,
0001341439,0001341439,ORCL,2015,2015-05-31,2015-06-25,0001193125-15-235239,data/raw/0001341439/000119312515235239/d920711d10k.htm,
0001341439,0001341439,ORCL,2016,2016-05-31,2016-06-22,0001193125-16-628942,data/raw/0001341439/000119312516628942/d203801d10k.htm,
0001341439,0001341439,ORCL,2017,2017-05-31,2017-06-27,0001193125-17-214833,data/raw/0001341439/000119312517214833/d385998d10k.htm,
0001341439,0001341439,ORCL,2018,2018-05-31,2018-06-22,0001193125-18-201034,data/raw/0001341439/000119312518201034/d568983d10k.htm,
0001341439,0001341439,ORCL,2019,2019-05-31,2019-06-21,0001564590-19-023119,data/raw/0001341439/000156459019023119/orcl-10k_20190531.htm,
0001341439,0001341439,ORCL,2020,2020-05-31,2020-06-22,0001564590-20-030125,data/raw/0001341439/000156459020030125/orcl-10k_20200531.htm,
0001341439,0001341439,ORCL,2021,2021-05-31,2021-06-21,0001564590-21-033616,data/raw/0001341439/000156459021033616/orcl-10k_20210531.htm,
0001341439,0001341439,ORCL,2022,2022-05-31,2022-06-21,0001564590-22-023675,data/raw/0001341439/000156459022023675/orcl-10k_20220531.htm,
0001341439,0001341439,ORCL,2023,2023-05-31,2023-06-20,0000950170-23-028914,data/raw/0001341439/000095017023028914/orcl-20230531.htm,
0001341439,0001341439,ORCL,2024,2024-05-31,2024-06-20,0000950170-24-075605,data/raw/0001341439/000095017024075605/orcl-20240531.htm,
0001341439,0001341439,ORCL,2025,2025-05-31,2025-06-18,0000950170-25-087926,data/raw/0001341439/000095017025087926/orcl-20250531.htm,
0000077476,0000077476,PEP,2007,2007-12-29,2008-02-15,0001193125-08-032441,data/raw/0000077476/000119312508032441/d10k.htm,
0000077476,0000077476,PEP,2008,2008-12-27,2009-02-19,0001193125-09-033126,data/raw/0000077476/000119312509033126/d10k.htm,
0000077476,0000077476,PEP,2009,2009-12-26,2010-02-22,0001193125-10-036385,data/raw/0000077476/000119312510036385/d10k.htm,
0000077476,0000077476,PEP,2010,2010-12-25,2011-02-18,0001193125-11-040427,data/raw/0000077476/000119312511040427/d10k.htm,
0000077476,0000077476,PEP,2011,2011-12-31,2012-02-27,0001193125-12-081822,data/raw/0000077476/000119312512081822/d269581d10k.htm,
0000077476,0000077476,PEP,2012,2012-12-29,2013-02-21,0001445305-13-000278,data/raw/0000077476/000144530513000278/pepsico201210-k.htm,
0000077476,0000077476,PEP,2013,2013-12-28,2014-02-14,0000077476-14-000007,data/raw/0000077476/000007747614000007/pepsico201310-k.htm,
0000077476,0000077476,PEP,2014,2014-12-27,2015-02-12,0000077476-15-000012,data/raw/0000077476/000007747615000012/pepsico201410-k.htm,
0000077476,0000077476,PEP,2015,2015-12-26,2016-02-11,0000077476-16-000066,data/raw/0000077476/000007747616000066/pepsico201510-k.htm,
0000077476,0000077476,PEP,2016,2016-12-31,2017-02-15,0000077476-17-000010,data/raw/0000077476/000007747617000010/pepsico201610-k.htm,
0000077476,0000077476,PEP,2017,2017-12-30,2018-02-13,0000077476-18-000012,data/raw/0000077476/000007747618000012/pepsico201710-k.htm,
0000077476,0000077476,PEP,2018,2018-12-29,2019-02-15,0000077476-19-000017,data/raw/0000077476/000007747619000017/pepsico201810-k.htm,
0000077476,0000077476,PEP,2019,2019-12-28,2020-02-13,0000077476-20-000015,data/raw/0000077476/000007747620000015/pepsico201910-k.htm,
0000077476,0000077476,PEP,2020,2020-12-26,2021-02-11,0000077476-21-000007,data/raw/0000077476/000007747621000007/pep-20201226.htm,
0000077476,0000077476,PEP,2021,2021-12-25,2022-02-10,0000077476-22-000010,data/raw/0000077476/000007747622000010/pep-20211225.htm,
0000077476,0000077476,PEP,2022,2022-12-31,2023-02-09,0000077476-23-000007,data/raw/0000077476/000007747623000007/pep-20221231.htm,
0000077476,0000077476,PEP,2023,2023-12-30,2024-02-09,0000077476-24-000008,data/raw/0000077476/000007747624000008/pep-20231230.htm,
0000077476,0000077476,PEP,2024,2024-12-28,2025-02-04,0000077476-25-000007,data/raw/0000077476/000007747625000007/pep-20241228.htm,
0000077476,0000077476,PEP,2025,2025-12-27,2026-02-03,0000077476-26-000007,data/raw/0000077476/000007747626000007/pep-20251227.htm,
0000078003,0000078003,PFE,2007,2007-12-31,2008-02-29,0000930413-08-001360,data/raw/0000078003/000093041308001360/c52104_10-k.htm,
0000078003,0000078003,PFE,2008,2008-12-31,2009-02-27,0001193125-09-040568,data/raw/0000078003/000119312509040568/d10k.htm,
0000078003,0000078003,PFE,2009,2009-12-31,2010-02-26,0001193125-10-042425,data/raw/0000078003/000119312510042425/d10k.htm,
0000078003,0000078003,PFE,2010,2010-12-31,2011-02-28,0001193125-11-048877,data/raw/0000078003/000119312511048877/d10k.htm,
0000078003,0000078003,PFE,2011,2011-12-31,2012-02-28,0001193125-12-085703,data/raw/0000078003/000119312512085703/d278590d10k.htm,
0000078003,0000078003,PFE,2012,2012-12-31,2013-02-28,0000078003-13-000006,data/raw/0000078003/000007800313000006/pfe-12312012x10k.htm,
0000078003,0000078003,PFE,2013,2013-12-31,2014-02-28,0000078003-14-000018,data/raw/0000078003/000007800314000018/pfe-12312013x10k.htm,
0000078003,0000078003,PFE,2014,2014-12-31,2015-02-27,0000078003-15-000014,data/raw/0000078003/000007800315000014/pfe-12312014x10kshell.htm,
0000078003,0000078003,PFE,2015,2015-12-31,2016-02-29,0000078003-16-000077,data/raw/0000078003/000007800316000077/pfe-12312015x10kshell.htm,
0000078003,0000078003,PFE,2016,2016-12-31,2017-02-23,0000078003-17-000014,data/raw/0000078003/000007800317000014/pfe-12312016x10kshell.htm,
0000078003,0000078003,PFE,2017,2017-12-31,2018-02-22,0000078003-18-000027,data/raw/0000078003/000007800318000027/pfe-12312017x10kshell.htm,
0000078003,0000078003,PFE,2018,2018-12-31,2019-02-28,0000078003-19-000015,data/raw/0000078003/000007800319000015/pfe-12312018x10kshell.htm,
0000078003,0000078003,PFE,2019,2019-12-31,2020-02-27,0000078003-20-000014,data/raw/0000078003/000007800320000014/pfe-12312019x10kshell.htm,
0000078003,0000078003,PFE,2020,2020-12-31,2021-02-25,0000078003-21-000038,data/raw/0000078003/000007800321000038/pfe-20201231.htm,
0000078003,0000078003,PFE,2021,2021-12-31,2022-02-24,0000078003-22-000027,data/raw/0000078003/000007800322000027/pfe-20211231.htm,
0000078003,0000078003,PFE,2022,2022-12-31,2023-02-23,0000078003-23-000024,data/raw/0000078003/000007800323000024/pfe-20221231.htm,
0000078003,0000078003,PFE,2023,2023-12-31,2024-02-22,0000078003-24-000039,data/raw/0000078003/000007800324000039/pfe-20231231.htm,
0000078003,0000078003,PFE,2024,2024-12-31,2025-02-27,0000078003-25-000054,data/raw/0000078003/000007800325000054/pfe-20241231.htm,
0000078003,0000078003,PFE,2025,2025-12-31,2026-02-26,0000078003-26-000026,data/raw/0000078003/000007800326000026/pfe-20251231.htm,
0000080424,0000080424,PG,2007,2007-06-30,2007-08-28,0000950152-07-007152,data/raw/0000080424/000095015207007152/l27490ae10vk.htm,
0000080424,0000080424,PG,2008,2008-06-30,2008-08-28,0000950152-08-006832,data/raw/0000080424/000095015208006832/l32996ae10vk.htm,
0000080424,0000080424,PG,2009,2009-06-30,2009-08-14,0001193125-09-175986,data/raw/0000080424/000119312509175986/d10k.htm,
0000080424,0000080424,PG,2010,2010-06-30,2010-08-13,0001193125-10-188769,data/raw/0000080424/000119312510188769/d10k.htm,
0000080424,0000080424,PG,2011,2011-06-30,2011-08-10,0000080424-11-000014,data/raw/0000080424/000008042411000014/fy1110k.htm,
0000080424,0000080424,PG,2012,2012-06-30,2012-08-08,0000080424-12-000063,data/raw/0000080424/000008042412000063/fy2012financialstatementsf.htm,
0000080424,0000080424,PG,2013,2013-06-30,2013-08-08,0000080424-13-000063,data/raw/0000080424/000008042413000063/fy201310kannualreport.htm,
0000080424,0000080424,PG,2014,2014-06-30,2014-08-08,0000080424-14-000057,data/raw/0000080424/000008042414000057/fy201410kannualreport.htm,
0000080424,0000080424,PG,2015,2015-06-30,2015-08-07,0000080424-15-000070,data/raw/0000080424/000008042415000070/fy141510-kreport.htm,
0000080424,0000080424,PG,2016,2016-06-30,2016-08-09,0000080424-16-000212,data/raw/0000080424/000008042416000212/fy151610-kreport.htm,
0000080424,0000080424,PG,2017,2017-06-30,2017-08-07,0000080424-17-000047,data/raw/0000080424/000008042417000047/fy161710-kreport.htm,
0000080424,0000080424,PG,2018,2018-06-30,2018-08-07,0000080424-18-000055,data/raw/0000080424/000008042418000055/fy171810-kreport.htm,
0000080424,0000080424,PG,2019,2019-06-30,2019-08-06,0000080424-19-000050,data/raw/0000080424/000008042419000050/fy181910-kreport.htm,
0000080424,0000080424,PG,2020,2020-06-30,2020-08-06,0000080424-20-000053,data/raw/0000080424/000008042420000053/pg-20200630.htm,
0000080424,0000080424,PG,2021,2021-06-30,2021-08-06,0000080424-21-000100,data/raw/0000080424/000008042421000100/pg-20210630.htm,
0000080424,0000080424,PG,2022,2022-06-30,2022-08-05,0000080424-22-000064,data/raw/0000080424/000008042422000064/pg-20220630.htm,
0000080424,0000080424,PG,2023,2023-06-30,2023-08-04,0000080424-23-000073,data/raw/0000080424/000008042423000073/pg-20230630.htm,
0000080424,0000080424,PG,2024,2024-06-30,2024-08-05,0000080424-24-000083,data/raw/0000080424/000008042424000083/pg-20240630.htm,
0000080424,0000080424,PG,2025,2025-06-30,2025-08-04,0000080424-25-000076,data/raw/0000080424/000008042425000076/pg-20250630.htm,
0001321655,0001321655,PLTR,2020,2020-12-31,2021-02-26,0001193125-21-060650,data/raw/0001321655/000119312521060650/d65934d10k.htm,
0001321655,0001321655,PLTR,2021,2021-12-31,2022-02-24,0001193125-22-050913,data/raw/0001321655/000119312522050913/d273589d10k.htm,
0001321655,0001321655,PLTR,2022,2022-12-31,2023-02-21,0001321655-23-000011,data/raw/0001321655/000132165523000011/pltr-20221231.htm,
0001321655,0001321655,PLTR,2023,2023-12-31,2024-02-20,0001321655-24-000022,data/raw/0001321655/000132165524000022/pltr-20231231.htm,
0001321655,0001321655,PLTR,2024,2024-12-31,2025-02-18,0001321655-25-000022,data/raw/0001321655/000132165525000022/pltr-20241231.htm,
0001321655,0001321655,PLTR,2025,2025-12-31,2026-02-17,0001321655-26-000011,data/raw/0001321655/000132165526000011/pltr-20251231.htm,
0001413329,0001413329,PM,2008,2008-12-31,2009-02-26,0001193125-09-038765,data/raw/0001413329/000119312509038765/d10k.htm,
0001413329,0001413329,PM,2009,2009-12-31,2010-02-26,0001193125-10-041735,data/raw/0001413329/000119312510041735/d10k.htm,
0001413329,0001413329,PM,2010,2010-12-31,2011-02-25,0001193125-11-046772,data/raw/0001413329/000119312511046772/d10k.htm,
0001413329,0001413329,PM,2011,2011-12-31,2012-02-24,0001193125-12-076983,data/raw/0001413329/000119312512076983/d258717d10k.htm,
0001413329,0001413329,PM,2012,2012-12-31,2013-02-22,0001413329-13-000019,data/raw/0001413329/000141332913000019/pm1231201210-k.htm,
0001413329,0001413329,PM,2013,2013-12-31,2014-02-21,0001413329-14-000012,data/raw/0001413329/000141332914000012/pm1231201310-k.htm,
0001413329,0001413329,PM,2014,2014-12-31,2015-02-20,0001413329-15-000016,data/raw/0001413329/000141332915000016/pm12312014form10kwrapinclf.htm,
0001413329,0001413329,PM,2015,2015-12-31,2016-02-17,0001413329-16-000076,data/raw/0001413329/000141332916000076/pm123115form10kwrapinclfsm.htm,
0001413329,0001413329,PM,2016,2016-12-31,2017-02-14,0001413329-17-000014,data/raw/0001413329/000141332917000014/pm123116form10kwrapinclfsm.htm,
0001413329,0001413329,PM,2017,2017-12-31,2018-02-13,0001413329-18-000007,data/raw/0001413329/000141332918000007/pm123117form10kwrapinclfsm.htm,
0001413329,0001413329,PM,2018,2018-12-31,2019-02-07,0001413329-19-000007,data/raw/0001413329/000141332919000007/pm123118form10kwrapinclfsm.htm,
0001413329,0001413329,PM,2019,2019-12-31,2020-02-07,0001413329-20-000007,data/raw/0001413329/000141332920000007/pm123119form10kwrapinc.htm,
0001413329,0001413329,PM,2020,2020-12-31,2021-02-09,0001413329-21-000007,data/raw/0001413329/000141332921000007/pm-20201231.htm,
0001413329,0001413329,PM,2021,2021-12-31,2022-02-11,0001413329-22-000011,data/raw/0001413329/000141332922000011/pm-20211231.htm,
0001413329,0001413329,PM,2022,2022-12-31,2023-02-10,0001413329-23-000025,data/raw/0001413329/000141332923000025/pm-20221231.htm,
0001413329,0001413329,PM,2023,2023-12-31,2024-02-08,0001413329-24-000013,data/raw/0001413329/000141332924000013/pm-20231231.htm,
0001413329,0001413329,PM,2024,2024-12-31,2025-02-06,0001413329-25-000013,data/raw/0001413329/000141332925000013/pm-20241231.htm,
0001413329,0001413329,PM,2025,2025-12-31,2026-02-06,0001628280-26-005939,data/raw/0001413329/000162828026005939/pm-20251231.htm,
0000804328,0000804328,QCOM,2007,2007-09-30,2007-11-08,0000936392-07-000836,data/raw/0000804328/000093639207000836/a35354e10vk.htm,
0000804328,0000804328,QCOM,2008,2008-09-28,2008-11-06,0000936392-08-000707,data/raw/0000804328/000093639208000707/a50397e10vk.htm,
0000804328,0000804328,QCOM,2009,2009-09-27,2009-11-05,0000950123-09-057827,data/raw/0000804328/000095012309057827/a54086e10vk.htm,
0000804328,0000804328,QCOM,2010,2010-09-26,2010-11-03,0000950123-10-100207,data/raw/0000804328/000095012310100207/a57478e10vk.htm,
0000804328,0000804328,QCOM,2011,2011-09-25,2011-11-02,0001234452-11-000360,data/raw/0000804328/000123445211000360/qcom10-k2011.htm,
0000804328,0000804328,QCOM,2012,2012-09-30,2012-11-07,0001234452-12-000371,data/raw/0000804328/000123445212000371/qcom10-k2012.htm,
0000804328,0000804328,QCOM,2013,2013-09-29,2013-11-06,0001234452-13-000483,data/raw/0000804328/000123445213000483/qcom10-k2013.htm,
0000804328,0000804328,QCOM,2014,2014-09-28,2014-11-05,0001234452-14-000320,data/raw/0000804328/000123445214000320/qcom10-k2014.htm,
0000804328,0000804328,QCOM,2015,2015-09-27,2015-11-04,0001234452-15-000271,data/raw/0000804328/000123445215000271/qcom10-k2015.htm,
0000804328,0000804328,QCOM,2016,2016-09-25,2016-11-02,0001234452-16-000552,data/raw/0000804328/000123445216000552/qcom10-k2016.htm,
0000804328,0000804328,QCOM,2017,2017-09-24,2017-11-01,0001234452-17-000190,data/raw/0000804328/000123445217000190/qcom10-k2017.htm,
0000804328,0000804328,QCOM,2018,2018-09-30,2018-11-07,0001728949-18-000095,data/raw/0000804328/000172894918000095/qcom10-k2018.htm,
0000804328,0000804328,QCOM,2019,2019-09-29,2019-11-06,0001728949-19-000072,data/raw/0000804328/000172894919000072/qcom10-k2019.htm,
0000804328,0000804328,QCOM,2020,2020-09-27,2020-11-04,0001728949-20-000067,data/raw/0000804328/000172894920000067/qcom-20200927.htm,
0000804328,0000804328,QCOM,2021,2021-09-26,2021-11-03,0001728949-21-000076,data/raw/0000804328/000172894921000076/qcom-20210926.htm,
0000804328,0000804328,QCOM,2022,2022-09-25,2022-11-02,0000804328-22-000021,data/raw/0000804328/000080432822000021/qcom-20220925.htm,
0000804328,0000804328,QCOM,2023,2023-09-24,2023-11-01,0000804328-23-000055,data/raw/0000804328/000080432823000055/qcom-20230924.htm,
0000804328,0000804328,QCOM,2024,2024-09-29,2024-11-06,0000804328-24-000075,data/raw/0000804328/000080432824000075/qcom-20240929.htm,
0000804328,0000804328,QCOM,2025,2025-09-28,2025-11-05,0000804328-25-000085,data/raw/0000804328/000080432825000085/qcom-20250928.htm,
0000101829,0000101829,RTX,2007,2007-12-31,2008-02-07,0001193125-08-022346,data/raw/0000101829/000119312508022346/d10k.htm,
0000101829,0000101829,RTX,2008,2008-12-31,2009-02-11,0001193125-09-024624,data/raw/0000101829/000119312509024624/d10k.htm,
0000101829,0000101829,RTX,2009,2009-12-31,2010-02-11,0001193125-10-027861,data/raw/0000101829/000119312510027861/d10k.htm,
0000101829,0000101829,RTX,2010,2010-12-31,2011-02-10,0001193125-11-029695,data/raw/0000101829/000119312511029695/d10k.htm,
0000101829,0000101829,RTX,2011,2011-12-31,2012-02-09,0001193125-12-047752,data/raw/0000101829/000119312512047752/d286821d10k.htm,
0000101829,0000101829,RTX,2012,2012-12-31,2013-02-07,0001193125-13-042195,data/raw/0000101829/000119312513042195/d477572d10k.htm,
0000101829,0000101829,RTX,2013,2013-12-31,2014-02-06,0000101829-14-000006,data/raw/0000101829/000010182914000006/a2013-12x31form10xk.htm,
0000101829,0000101829,RTX,2014,2014-12-31,2015-02-05,0000101829-15-000005,data/raw/0000101829/000010182915000005/a2014-12x31form10xk.htm,
0000101829,0000101829,RTX,2015,2015-12-31,2016-02-11,0000101829-16-000050,data/raw/0000101829/000010182916000050/a2015-12x31form10xk.htm,
0000101829,0000101829,RTX,2016,2016-12-31,2017-02-09,0000101829-17-000007,data/raw/0000101829/000010182917000007/a2016-12x31form10xk.htm,
0000101829,0000101829,RTX,2017,2017-12-31,2018-02-09,0000101829-18-000005,data/raw/0000101829/000010182918000005/a2017-12x31form10xk.htm,
0000101829,0000101829,RTX,2018,2018-12-31,2019-02-07,0000101829-19-000007,data/raw/0000101829/000010182919000007/a2018-12x31form10xk.htm,
0000101829,0000101829,RTX,2019,2019-12-31,2020-02-06,0000101829-20-000013,data/raw/0000101829/000010182920000013/utx-20191231_d2.htm,
0000101829,0000101829,RTX,2020,2020-12-31,2021-02-08,0000101829-21-000008,data/raw/0000101829/000010182921000008/rtx-20201231.htm,
0000101829,0000101829,RTX,2021,2021-12-31,2022-02-11,0000101829-22-000005,data/raw/0000101829/000010182922000005/rtx-20211231.htm,
0000101829,0000101829,RTX,2022,2022-12-31,2023-02-07,0000101829-23-000009,data/raw/0000101829/000010182923000009/rtx-20221231.htm,
0000101829,0000101829,RTX,2023,2023-12-31,2024-02-05,0000101829-24-000008,data/raw/0000101829/000010182924000008/rtx-20231231.htm,
0000101829,0000101829,RTX,2024,2024-12-31,2025-02-03,0000101829-25-000005,data/raw/0000101829/000010182925000005/rtx-20241231.htm,
0000101829,0000101829,RTX,2025,2025-12-31,2026-02-06,0000101829-26-000006,data/raw/0000101829/000010182926000006/rtx-20251231.htm,
0000829224,0000829224,SBUX,2007,2007-09-30,2007-11-29,0000950134-07-024667,data/raw/0000829224/000095013407024667/v33834e10vk.htm,
0000829224,0000829224,SBUX,2008,2008-09-28,2008-11-24,0000950134-08-021134,data/raw/0000829224/000095013408021134/v50316e10vk.htm,
0000829224,0000829224,SBUX,2009,2009-09-27,2009-11-20,0000950123-09-064772,data/raw/0000829224/000095012309064772/v53316e10vk.htm,
0000829224,0000829224,SBUX,2010,2010-10-03,2010-11-22,0001193125-10-266333,data/raw/0000829224/000119312510266333/d10k.htm,
0000829224,0000829224,SBUX,2011,2011-10-02,2011-11-18,0001193125-11-317175,data/raw/0000829224/000119312511317175/d232803d10k.htm,
0000829224,0000829224,SBUX,2012,2012-09-30,2012-11-16,0000829224-12-000007,data/raw/0000829224/000082922412000007/sbux-9302012x10k.htm,
0000829224,0000829224,SBUX,2013,2013-09-29,2013-11-18,0000829224-13-000044,data/raw/0000829224/000082922413000044/sbux-9292013x10k.htm,
0000829224,0000829224,SBUX,2014,2014-09-28,2014-11-14,0000829224-14-000041,data/raw/0000829224/000082922414000041/sbux-9282014x10k.htm,
0000829224,0000829224,SBUX,2015,2015-09-27,2015-11-12,0000829224-15-000038,data/raw/0000829224/000082922415000038/sbux-9272015x10k.htm,
0000829224,0000829224,SBUX,2016,2016-10-02,2016-11-18,0000829224-16-000083,data/raw/0000829224/000082922416000083/sbux-1022016x10xk.htm,
0000829224,0000829224,SBUX,2017,2017-10-01,2017-11-17,0000829224-17-000049,data/raw/0000829224/000082922417000049/sbux-1012017x10xk.htm,
0000829224,0000829224,SBUX,2018,2018-09-30,2018-11-16,0000829224-18-000052,data/raw/0000829224/000082922418000052/sbux-9302018x10xk.htm,
0000829224,0000829224,SBUX,2019,2019-09-29,2019-11-15,0000829224-19-000051,data/raw/0000829224/000082922419000051/sbux-9292019x10xk.htm,
0000829224,0000829224,SBUX,2020,2020-09-27,2020-11-12,0000829224-20-000078,data/raw/0000829224/000082922420000078/sbux-20200927.htm,
0000829224,0000829224,SBUX,2021,2021-10-03,2021-11-19,0000829224-21-000086,data/raw/0000829224/000082922421000086/sbux-20211003.htm,
0000829224,0000829224,SBUX,2022,2022-10-02,2022-11-18,0000829224-22-000058,data/raw/0000829224/000082922422000058/sbux-20221002.htm,
0000829224,0000829224,SBUX,2023,2023-10-01,2023-11-17,0000829224-23-000058,data/raw/0000829224/000082922423000058/sbux-20231001.htm,
0000829224,0000829224,SBUX,2024,2024-09-29,2024-11-20,0000829224-24-000057,data/raw/0000829224/000082922424000057/sbux-20240929.htm,
0000829224,0000829224,SBUX,2025,2025-09-28,2025-11-14,0000829224-25-000114,data/raw/0000829224/000082922425000114/sbux-20250928.htm,
0000316709,0000316709,SCHW,2007,2007-12-31,2008-02-27,0001193125-08-039024,data/raw/0000316709/000119312508039024/d10k.htm,
0000316709,0000316709,SCHW,2008,2008-12-31,2009-02-25,0001193125-09-037420,data/raw/0000316709/000119312509037420/d10k.htm,
0000316709,0000316709,SCHW,2009,2009-12-31,2010-02-25,0001193125-10-040444,data/raw/0000316709/000119312510040444/d10k.htm,
0000316709,0000316709,SCHW,2010,2010-12-31,2011-02-25,0001193125-11-046932,data/raw/0000316709/000119312511046932/d10k.htm,
0000316709,0000316709,SCHW,2011,2011-12-31,2012-02-24,0001193125-12-077926,data/raw/0000316709/000119312512077926/d264447d10k.htm,
0000316709,0000316709,SCHW,2012,2012-12-31,2013-02-22,0001193125-13-071646,data/raw/0000316709/000119312513071646/d455860d10k.htm,
0000316709,0000316709,SCHW,2013,2013-12-31,2014-02-24,0000316709-14-000005,data/raw/0000316709/000031670914000005/schw-20131231x10k.htm,
0000316709,0000316709,SCHW,2014,2014-12-31,2015-02-23,0000316709-15-000014,data/raw/0000316709/000031670915000014/schw-20141231x10k.htm,
0000316709,0000316709,SCHW,2015,2015-12-31,2016-02-24,0000316709-16-000067,data/raw/0000316709/000031670916000067/schw-20151231x10k.htm,
0000316709,0000316709,SCHW,2016,2016-12-31,2017-02-23,0000316709-17-000010,data/raw/0000316709/000031670917000010/schw-20161231x10k.htm,
0000316709,0000316709,SCHW,2017,2017-12-31,2018-02-22,0000316709-18-000009,data/raw/0000316709/000031670918000009/schw-12312017x10k.htm,
0000316709,0000316709,SCHW,2018,2018-12-31,2019-02-22,0000316709-19-000008,data/raw/0000316709/000031670919000008/schw-12312018x10k.htm,
0000316709,0000316709,SCHW,2019,2019-12-31,2020-02-26,0000316709-20-000012,data/raw/0000316709/000031670920000012/schw-12312019x10k.htm,
0000316709,0000316709,SCHW,2020,2020-12-31,2021-02-24,0000316709-21-000012,data/raw/0000316709/000031670921000012/schw-20201231.htm,
0000316709,0000316709,SCHW,2021,2021-12-31,2022-02-24,0000316709-22-000009,data/raw/0000316709/000031670922000009/schw-20211231.htm,
0000316709,0000316709,SCHW,2022,2022-12-31,2023-02-24,0000316709-23-000009,data/raw/0000316709/000031670923000009/schw-20221231.htm,
0000316709,0000316709,SCHW,2023,2023-12-31,2024-02-23,0000316709-24-000018,data/raw/0000316709/000031670924000018/schw-20231231.htm,
0000316709,0000316709,SCHW,2024,2024-12-31,2025-02-26,0000316709-25-000010,data/raw/0000316709/000031670925000010/schw-20241231.htm,
0000316709,0000316709,SCHW,2025,2025-12-31,2026-02-25,0000316709-26-000009,data/raw/0000316709/000031670926000009/schw-20251231.htm,
0000092122,0000092122,SO,2007,2007-12-31,2008-02-25,0000092122-08-000010,data/raw/0000092122/000009212208000010/soco10-k1207.htm,
0000092122,0000092122,SO,2008,2008-12-31,2009-02-25,0000092122-09-000011,data/raw/0000092122/000009212209000011/so10k123108.htm,
0000092122,0000092122,SO,2009,2009-12-31,2010-02-25,0000092122-10-000009,data/raw/0000092122/000009212210000009/g21794e10vk.htm,
0000092122,0000092122,SO,2010,2010-12-31,2011-02-25,0000092122-11-000013,data/raw/0000092122/000009212211000013/g24641xxe10vk.htm,
0000092122,0000092122,SO,2011,2011-12-31,2012-02-24,0000092122-12-000016,data/raw/0000092122/000009212212000016/form10-k2011.htm,
0000092122,0000092122,SO,2012,2012-12-31,2013-02-28,0000092122-13-000014,data/raw/0000092122/000009212213000014/so_10-kx12312012.htm,
0000092122,0000092122,SO,2013,2013-12-31,2014-02-27,0000092122-14-000012,data/raw/0000092122/000009212214000012/so_10-kx12312013.htm,
0000092122,0000092122,SO,2014,2014-12-31,2015-03-02,0000092122-15-000015,data/raw/0000092122/000009212215000015/so_10-kx12312014.htm,
0000092122,0000092122,SO,2015,2015-12-31,2016-02-26,0000092122-16-000126,data/raw/0000092122/000009212216000126/so_10-kx12312015.htm,
0000092122,0000092122,SO,2016,2016-12-31,2017-02-22,0000092122-17-000007,data/raw/0000092122/000009212217000007/so_10-kx12312016.htm,
0000092122,0000092122,SO,2017,2017-12-31,2018-02-21,0000092122-18-000012,data/raw/0000092122/000009212218000012/so_10-kx12312017.htm,
0000092122,0000092122,SO,2018,2018-12-31,2019-02-20,0000092122-19-000006,data/raw/0000092122/000009212219000006/so10-k12312018.htm,
0000092122,0000092122,SO,2019,2019-12-31,2020-02-20,0000092122-20-000017,data/raw/0000092122/000009212220000017/so10-k12312019.htm,
0000092122,0000092122,SO,2020,2020-12-31,2021-02-18,0000092122-21-000006,data/raw/0000092122/000009212221000006/so-20201231.htm,
0000092122,0000092122,SO,2021,2021-12-31,2022-02-17,0000092122-22-000003,data/raw/0000092122/000009212222000003/so-20211231.htm,
0000092122,0000092122,SO,2022,2022-12-31,2023-02-16,0000092122-23-000012,data/raw/0000092122/000009212223000012/so-20221231.htm,
0000092122,0000092122,SO,2023,2023-12-31,2024-02-15,0000092122-24-000009,data/raw/0000092122/000009212224000009/so-20231231.htm,
0000092122,0000092122,SO,2024,2024-12-31,2025-02-20,0000092122-25-000018,data/raw/0000092122/000009212225000018/so-20241231.htm,
0000092122,0000092122,SO,2025,2025-12-31,2026-02-19,0000092122-26-000006,data/raw/0000092122/000009212226000006/so-20251231.htm,
0001063761,0001063761,SPG,2007,2007-12-31,2008-02-26,0001047469-08-001745,data/raw/0001063761/000104746908001745/a2182898z10-k.htm,
0001063761,0001063761,SPG,2008,2008-12-31,2009-02-26,0001047469-09-001894,data/raw/0001063761/000104746909001894/a2190804z10-k.htm,
0001063761,0001063761,SPG,2009,2009-12-31,2010-02-25,0001047469-10-001324,data/raw/0001063761/000104746910001324/a2196642z10-k.htm,
0001063761,0001063761,SPG,2010,2010-12-31,2011-02-25,0001047469-11-001321,data/raw/0001063761/000104746911001321/a2202046z10-k.htm,
0001063761,0001063761,SPG,2011,2011-12-31,2012-02-28,0001047469-12-001667,data/raw/0001063761/000104746912001667/a2207375z10-k.htm,
0001063761,0001063761,SPG,2012,2012-12-31,2013-02-28,0001047469-13-001862,data/raw/0001063761/000104746913001862/a2212760z10-k.htm,
0001063761,0001063761,SPG,2013,2013-12-31,2014-02-27,0001047469-14-001416,data/raw/0001063761/000104746914001416/a2218246z10-k.htm,
0001063761,0001063761,SPG,2014,2014-12-31,2015-02-27,0001047469-15-001339,data/raw/0001063761/000104746915001339/a2222982z10-k.htm,
0001063761,0001063761,SPG,2015,2015-12-31,2016-02-26,0001047469-16-010465,data/raw/0001063761/000104746916010465/a2227275z10-k.htm,
0001063761,0001063761,SPG,2016,2016-12-31,2017-02-24,0001558370-17-000934,data/raw/0001063761/000155837017000934/spg-20161231x10k.htm,
0001063761,0001063761,SPG,2017,2017-12-31,2018-02-23,0001558370-18-000981,data/raw/0001063761/000155837018000981/spg-20171231x10k.htm,
0001063761,0001063761,SPG,2018,2018-12-31,2019-02-22,0001558370-19-000875,data/raw/0001063761/000155837019000875/spg-20181231x10k.htm,
0001063761,0001063761,SPG,2019,2019-12-31,2020-02-21,0001558370-20-001135,data/raw/0001063761/000155837020001135/spg-20191231x10k.htm,
0001063761,0001063761,SPG,2020,2020-12-31,2021-02-25,0001558370-21-001700,data/raw/0001063761/000155837021001700/spg-20201231x10k.htm,
0001063761,0001063761,SPG,2021,2021-12-31,2022-02-24,0001558370-22-001845,data/raw/0001063761/000155837022001845/spg-20211231x10k.htm,
0001063761,0001063761,SPG,2022,2022-12-31,2023-02-23,0001558370-23-001840,data/raw/0001063761/000155837023001840/spg-20221231x10k.htm,
0001063761,0001063761,SPG,2023,2023-12-31,2024-02-22,0001558370-24-001532,data/raw/0001063761/000155837024001532/spg-20231231x10k.htm,
0001063761,0001063761,SPG,2024,2024-12-31,2025-02-21,0001558370-25-001271,data/raw/0001063761/000155837025001271/spg-20241231x10k.htm,
0001063761,0001063761,SPG,2025,2025-12-31,2026-02-25,0001104659-26-019419,data/raw/0001063761/000110465926019419/spg-20251231x10k.htm,
0000732717,0000732717,T,2008,2008-02-26,2008-02-27,0000732717-08-000012,data/raw/0000732717/000073271708000012/ye10k07.htm,
0000732717,0000732717,T,2009,2009-02-25,2009-02-25,0000732717-09-000007,data/raw/0000732717/000073271709000007/ye10k08.htm,
0000732717,0000732717,T,2010,2010-12-31,2011-03-01,0000732717-11-000014,data/raw/0000732717/000073271711000014/ye10_10k.htm,
0000732717,0000732717,T,2011,2011-12-31,2012-02-24,0000732717-12-000025,data/raw/0000732717/000073271712000025/ye11_10k.htm,
0000732717,0000732717,T,2012,2012-12-31,2013-02-22,0000732717-13-000017,data/raw/0000732717/000073271713000017/ye12_10k.htm,
0000732717,0000732717,T,2013,2013-12-31,2014-02-21,0000732717-14-000010,data/raw/0000732717/000073271714000010/ye13_10k.htm,
0000732717,0000732717,T,2014,2014-12-31,2015-02-20,0000732717-15-000016,data/raw/0000732717/000073271715000016/ye14_10k.htm,
0000732717,0000732717,T,2015,2015-12-31,2016-02-18,0000732717-16-000147,data/raw/0000732717/000073271716000147/ye15_10k.htm,
0000732717,0000732717,T,2016,2016-12-31,2017-02-17,0000732717-17-000021,data/raw/0000732717/000073271717000021/ye16_10k.htm,
0000732717,0000732717,T,2017,2017-12-31,2018-02-20,0000732717-18-000009,data/raw/0000732717/000073271718000009/ye17_10k.htm,
0000732717,0000732717,T,2018,2018-12-31,2019-02-20,0001193125-19-045608,data/raw/0000732717/000119312519045608/d705958d10k.htm,
0000732717,0000732717,T,2019,2019-12-31,2020-02-20,0001562762-20-000064,data/raw/0000732717/000156276220000064/t-20191231.htm,
0000732717,0000732717,T,2020,2020-12-31,2021-02-25,0000732717-21-000012,data/raw/0000732717/000073271721000012/t-20201231.htm,
0000732717,0000732717,T,2021,2021-12-31,2022-02-16,0000732717-22-000015,data/raw/0000732717/000073271722000015/t-20211231.htm,
0000732717,0000732717,T,2022,2022-12-31,2023-02-13,0000732717-23-000011,data/raw/0000732717/000073271723000011/t-20221231.htm,
0000732717,0000732717,T,2023,2023-12-31,2024-02-23,0000732717-24-000009,data/raw/0000732717/000073271724000009/t-20231231.htm,
0000732717,0000732717,T,2024,2024-12-31,2025-02-12,0000732717-25-000013,data/raw/0000732717/000073271725000013/t-20241231.htm,
0000732717,0000732717,T,2025,2025-12-31,2026-02-09,0000732717-26-000120,data/raw/0000732717/000073271726000120/t-20251231.htm,
0000097745,0000097745,TMO,2007,2007-12-31,2008-02-29,0000097745-08-000043,data/raw/0000097745/000009774508000043/tmok2007.htm,
0000097745,0000097745,TMO,2008,2008-12-31,2009-02-27,0000097745-09-000011,data/raw/0000097745/000009774509000011/tmok08.htm,
0000097745,0000097745,TMO,2009,2009-12-31,2010-02-26,0000097745-10-000008,data/raw/0000097745/000009774510000008/tmok2009.htm,
0000097745,0000097745,TMO,2010,2010-12-31,2011-02-24,0000097745-11-000013,data/raw/0000097745/000009774511000013/tmok2010.htm,
0000097745,0000097745,TMO,2011,2011-12-31,2012-02-29,0000097745-12-000010,data/raw/0000097745/000009774512000010/tmok11.htm,
0000097745,0000097745,TMO,2012,2012-12-31,2013-02-27,0000097745-13-000007,data/raw/0000097745/000009774513000007/tmok12.htm,
0000097745,0000097745,TMO,2013,2013-12-31,2014-02-27,0000097745-14-000014,data/raw/0000097745/000009774514000014/tmok2013.htm,
0000097745,0000097745,TMO,2014,2014-12-31,2015-02-26,0000097745-15-000007,data/raw/0000097745/000009774515000007/tmok2014.htm,
0000097745,0000097745,TMO,2015,2015-12-31,2016-02-25,0000097745-16-000043,data/raw/0000097745/000009774516000043/tmo201510k.htm,
0000097745,0000097745,TMO,2016,2016-12-31,2017-02-28,0000097745-17-000007,data/raw/0000097745/000009774517000007/tmo201610k.htm,
0000097745,0000097745,TMO,2017,2017-12-31,2018-02-28,0000097745-18-000006,data/raw/0000097745/000009774518000006/a201710k.htm,
0000097745,0000097745,TMO,2018,2018-12-31,2019-02-27,0000097745-19-000007,data/raw/0000097745/000009774519000007/a201810k.htm,
0000097745,0000097745,TMO,2019,2019-12-31,2020-02-26,0000097745-20-000009,data/raw/0000097745/000009774520000009/tmo-20191231.htm,
0000097745,0000097745,TMO,2020,2020-12-31,2021-02-25,0000097745-21-000011,data/raw/0000097745/000009774521000011/tmo-20201231.htm,
0000097745,0000097745,TMO,2021,2021-12-31,2022-02-24,0000097745-22-000011,data/raw/0000097745/000009774522000011/tmo-20211231.htm,
0000097745,0000097745,TMO,2022,2022-12-31,2023-02-23,0000097745-23-000008,data/raw/0000097745/000009774523000008/tmo-20221231.htm,
0000097745,0000097745,TMO,2023,2023-12-31,2024-02-22,0000097745-24-000007,data/raw/0000097745/000009774524000007/tmo-20231231.htm,
0000097745,0000097745,TMO,2024,2024-12-31,2025-02-20,0000097745-25-000010,data/raw/0000097745/000009774525000010/tmo-20241231.htm,
0000097745,0000097745,TMO,2025,2025-12-31,2026-02-26,0000097745-26-000018,data/raw/0000097745/000009774526000018/tmo-20251231.htm,
0001283699,0001283699,TMUS,2007,2007-12-31,2008-02-29,0000950134-08-003844,data/raw/0001283699/000095013408003844/d52882e10vk.htm,
0001283699,0001283699,TMUS,2008,2008-12-31,2009-03-02,0000950134-09-004227,data/raw/0001283699/000095013409004227/d66548e10vk.htm,
0001283699,0001283699,TMUS,2009,2009-12-31,2010-03-01,0001193125-10-044780,data/raw/0001283699/000119312510044780/d10k.htm,
0001283699,0001283699,TMUS,2010,2010-12-31,2011-03-01,0001193125-11-051403,data/raw/0001283699/000119312511051403/d10k.htm,
0001283699,0001283699,TMUS,2011,2011-12-31,2012-02-29,0001445305-12-000521,data/raw/0001283699/000144530512000521/metropcs10k-2011.htm,
0001283699,0001283699,TMUS,2012,2012-12-31,2013-03-01,0001283699-13-000031,data/raw/0001283699/000128369913000031/metropcs10k-2012.htm,
0001283699,0001283699,TMUS,2013,2013-12-31,2014-02-25,0001283699-14-000012,data/raw/0001283699/000128369914000012/tmus12312013form10k.htm,
0001283699,0001283699,TMUS,2014,2014-12-31,2015-02-19,0001283699-15-000010,data/raw/0001283699/000128369915000010/tmus12312014form10-k.htm,
0001283699,0001283699,TMUS,2015,2015-12-31,2016-02-17,0001283699-16-000073,data/raw/0001283699/000128369916000073/tmus12312015form10-k.htm,
0001283699,0001283699,TMUS,2016,2016-12-31,2017-02-14,0001283699-17-000010,data/raw/0001283699/000128369917000010/tmus12312016form10-k.htm,
0001283699,0001283699,TMUS,2017,2017-12-31,2018-02-08,0001283699-18-000011,data/raw/0001283699/000128369918000011/tmus12312017form10-k.htm,
0001283699,0001283699,TMUS,2018,2018-12-31,2019-02-07,0001283699-19-000015,data/raw/0001283699/000128369919000015/tmus12312018form10-k.htm,
0001283699,0001283699,TMUS,2019,2019-12-31,2020-02-06,0001283699-20-000026,data/raw/0001283699/000128369920000026/tmus-20191231.htm,
0001283699,0001283699,TMUS,2020,2020-12-31,2021-02-23,0001283699-21-000039,data/raw/0001283699/000128369921000039/tmus-20201231.htm,
0001283699,0001283699,TMUS,2021,2021-12-31,2022-02-11,0001283699-22-000018,data/raw/0001283699/000128369922000018/tmus-20211231.htm,
0001283699,0001283699,TMUS,2022,2022-12-31,2023-02-14,0001283699-23-000016,data/raw/0001283699/000128369923000016/tmus-20221231.htm,
0001283699,0001283699,TMUS,2023,2023-12-31,2024-02-02,0001283699-24-000008,data/raw/0001283699/000128369924000008/tmus-20231231.htm,
0001283699,0001283699,TMUS,2024,2024-12-31,2025-01-31,0001283699-25-000012,data/raw/0001283699/000128369925000012/tmus-20241231.htm,
0001283699,0001283699,TMUS,2025,2025-12-31,2026-02-11,0001283699-26-000010,data/raw/0001283699/000128369926000010/tmus-20251231.htm,
0001318605,0001318605,TSLA,2010,2010-12-31,2011-03-03,0001193125-11-054847,data/raw/0001318605/000119312511054847/d10k.htm,
0001318605,0001318605,TSLA,2011,2011-12-31,2012-02-27,0001193125-12-081990,data/raw/0001318605/000119312512081990/d279413d10k.htm,
0001318605,0001318605,TSLA,2012,2012-12-31,2013-03-07,0001193125-13-096241,data/raw/0001318605/000119312513096241/d452995d10k.htm,
0001318605,0001318605,TSLA,2013,2013-12-31,2014-02-26,0001193125-14-069681,data/raw/0001318605/000119312514069681/d668062d10k.htm,
0001318605,0001318605,TSLA,2014,2014-12-31,2015-02-26,0001564590-15-001031,data/raw/0001318605/000156459015001031/tsla-10k_20141231.htm,
0001318605,0001318605,TSLA,2015,2015-12-31,2016-02-24,0001564590-16-013195,data/raw/0001318605/000156459016013195/tsla-10k_20151231.htm,
0001318605,0001318605,TSLA,2016,2016-12-31,2017-03-01,0001564590-17-003118,data/raw/0001318605/000156459017003118/tsla-10k_20161231.htm,
0001318605,0001318605,TSLA,2017,2017-12-31,2018-02-23,0001564590-18-002956,data/raw/0001318605/000156459018002956/tsla-10k_20171231.htm,
0001318605,0001318605,TSLA,2018,2018-12-31,2019-02-19,0001564590-19-003165,data/raw/0001318605/000156459019003165/tsla-10k_20181231.htm,
0001318605,0001318605,TSLA,2019,2019-12-31,2020-02-13,0001564590-20-004475,data/raw/0001318605/000156459020004475/tsla-10k_20191231.htm,
0001318605,0001318605,TSLA,2020,2020-12-31,2021-02-08,0001564590-21-004599,data/raw/0001318605/000156459021004599/tsla-10k_20201231.htm,
0001318605,0001318605,TSLA,2021,2021-12-31,2022-02-07,0000950170-22-000796,data/raw/0001318605/000095017022000796/tsla-20211231.htm,
0001318605,0001318605,TSLA,2022,2022-12-31,2023-01-31,0000950170-23-001409,data/raw/0001318605/000095017023001409/tsla-20221231.htm,
0001318605,0001318605,TSLA,2023,2023-12-31,2024-01-29,0001628280-24-002390,data/raw/0001318605/000162828024002390/tsla-20231231.htm,
0001318605,0001318605,TSLA,2024,2024-12-31,2025-01-30,0001628280-25-003063,data/raw/0001318605/000162828025003063/tsla-20241231.htm,
0001318605,0001318605,TSLA,2025,2025-12-31,2026-01-29,0001628280-26-003952,data/raw/0001318605/000162828026003952/tsla-20251231.htm,
0000097476,0000097476,TXN,2007,2007-12-31,2008-02-26,0001193125-08-038572,data/raw/0000097476/000119312508038572/d10k.htm,
0000097476,0000097476,TXN,2008,2008-12-31,2009-02-24,0001206774-09-000314,data/raw/0000097476/000120677409000314/texas_10k.htm,
0000097476,0000097476,TXN,2009,2009-12-31,2010-02-23,0001140361-10-007923,data/raw/0000097476/000114036110007923/form10k.htm,
0000097476,0000097476,TXN,2010,2010-12-31,2011-02-25,0001140361-11-012312,data/raw/0000097476/000114036111012312/form10-k.htm,
0000097476,0000097476,TXN,2011,2011-12-31,2012-02-24,0000097476-12-000010,data/raw/0000097476/000009747612000010/txn-12312011x10xk.htm,
0000097476,0000097476,TXN,2012,2012-12-31,2013-02-22,0000097476-13-000009,data/raw/0000097476/000009747613000009/txn-12312012x10xk.htm,
0000097476,0000097476,TXN,2013,2013-12-31,2014-02-24,0000097476-14-000007,data/raw/0000097476/000009747614000007/txn-12312013x10xk.htm,
0000097476,0000097476,TXN,2014,2014-12-31,2015-02-24,0000097476-15-000003,data/raw/0000097476/000009747615000003/txn-12312014x10xk.htm,
0000097476,0000097476,TXN,2015,2015-12-31,2016-02-24,0001564590-16-013126,data/raw/0000097476/000156459016013126/txn-10k_20151231.htm,
0000097476,0000097476,TXN,2016,2016-12-31,2017-02-23,0001564590-17-002142,data/raw/0000097476/000156459017002142/txn-10k_20161231.htm,
0000097476,0000097476,TXN,2017,2017-12-31,2018-02-22,0001564590-18-002832,data/raw/0000097476/000156459018002832/txn-10k_20171231.htm,
0000097476,0000097476,TXN,2018,2018-12-31,2019-02-22,0001564590-19-003839,data/raw/0000097476/000156459019003839/txn-10k_20181231.htm,
0000097476,0000097476,TXN,2019,2019-12-31,2020-02-20,0000097476-20-000009,data/raw/0000097476/000009747620000009/txn-20191231.htm,
0000097476,0000097476,TXN,2020,2020-12-31,2021-02-05,0000097476-21-000006,data/raw/0000097476/000009747621000006/txn-20201231.htm,
0000097476,0000097476,TXN,2021,2021-12-31,2022-02-04,0000097476-22-000009,data/raw/0000097476/000009747622000009/txn-20211231.htm,
0000097476,0000097476,TXN,2022,2022-12-31,2023-02-03,0000097476-23-000007,data/raw/0000097476/000009747623000007/txn-20221231.htm,
0000097476,0000097476,TXN,2023,2023-12-31,2024-02-02,0000097476-24-000007,data/raw/0000097476/000009747624000007/txn-20231231.htm,
0000097476,0000097476,TXN,2024,2024-12-31,2025-02-14,0000097476-25-000007,data/raw/0000097476/000009747625000007/txn-20241231.htm,
0000097476,0000097476,TXN,2025,2025-12-31,2026-02-06,0000097476-26-000059,data/raw/0000097476/000009747626000059/txn-20251231.htm,
0001543151,0001543151,UBER,2019,2019-12-31,2020-03-02,0001543151-20-000010,data/raw/0001543151/000154315120000010/fy2019q410kfinancialst.htm,
0001543151,0001543151,UBER,2020,2020-12-31,2021-03-01,0001543151-21-000014,data/raw/0001543151/000154315121000014/uber-20201231.htm,
0001543151,0001543151,UBER,2021,2021-12-31,2022-02-24,0001543151-22-000008,data/raw/0001543151/000154315122000008/uber-20211231.htm,
0001543151,0001543151,UBER,2022,2022-12-31,2023-02-21,0001543151-23-000010,data/raw/0001543151/000154315123000010/uber-20221231.htm,
0001543151,0001543151,UBER,2023,2023-12-31,2024-02-15,0001543151-24-000012,data/raw/0001543151/000154315124000012/uber-20231231.htm,
0001543151,0001543151,UBER,2024,2024-12-31,2025-02-14,0001543151-25-000008,data/raw/0001543151/000154315125000008/uber-20241231.htm,
0001543151,0001543151,UBER,2025,2025-12-31,2026-02-13,0001543151-26-000015,data/raw/0001543151/000154315126000015/uber-20251231.htm,
0000731766,0000731766,UNH,2007,2007-12-31,2008-02-21,0001193125-08-035391,data/raw/0000731766/000119312508035391/d10k.htm,
0000731766,0000731766,UNH,2008,2008-12-31,2009-02-11,0001193125-09-025587,data/raw/0000731766/000119312509025587/d10k.htm,
0000731766,0000731766,UNH,2009,2009-12-31,2010-02-10,0001193125-10-027229,data/raw/0000731766/000119312510027229/d10k.htm,
0000731766,0000731766,UNH,2010,2010-12-31,2011-02-10,0001193125-11-030615,data/raw/0000731766/000119312511030615/d10k.htm,
0000731766,0000731766,UNH,2011,2011-12-31,2012-02-09,0000731766-12-000009,data/raw/0000731766/000073176612000009/unh2011123110k.htm,
0000731766,0000731766,UNH,2012,2012-12-31,2013-02-07,0000731766-13-000005,data/raw/0000731766/000073176613000005/unh2012123110-k.htm,
0000731766,0000731766,UNH,2013,2013-12-31,2014-02-12,0000731766-14-000008,data/raw/0000731766/000073176614000008/unh2013123110-k.htm,
0000731766,0000731766,UNH,2014,2014-12-31,2015-02-10,0000731766-15-000007,data/raw/0000731766/000073176615000007/unh2014123110-k.htm,
0000731766,0000731766,UNH,2015,2015-12-31,2016-02-09,0000731766-16-000058,data/raw/0000731766/000073176616000058/unh2015123110-k.htm,
0000731766,0000731766,UNH,2016,2016-12-31,2017-02-08,0000731766-17-000009,data/raw/0000731766/000073176617000009/unh2016123110-k.htm,
0000731766,0000731766,UNH,2017,2017-12-31,2018-02-13,0000731766-18-000005,data/raw/0000731766/000073176618000005/unh2017123110-k.htm,
0000731766,0000731766,UNH,2018,2018-12-31,2019-02-12,0000731766-19-000005,data/raw/0000731766/000073176619000005/unh2018123110-k.htm,
0000731766,0000731766,UNH,2019,2019-12-31,2020-02-14,0000731766-20-000006,data/raw/0000731766/000073176620000006/unh2019123110-k.htm,
0000731766,0000731766,UNH,2020,2020-12-31,2021-03-01,0000731766-21-000013,data/raw/0000731766/000073176621000013/unh-20201231.htm,
0000731766,0000731766,UNH,2021,2021-12-31,2022-02-15,0000731766-22-000008,data/raw/0000731766/000073176622000008/unh-20211231.htm,
0000731766,0000731766,UNH,2022,2022-12-31,2023-02-24,0000731766-23-000008,data/raw/0000731766/000073176623000008/unh-20221231.htm,
0000731766,0000731766,UNH,2023,2023-12-31,2024-02-28,0000731766-24-000081,data/raw/0000731766/000073176624000081/unh-20231231.htm,
0000731766,0000731766,UNH,2024,2024-12-31,2025-02-27,0000731766-25-000063,data/raw/0000731766/000073176625000063/unh-20241231.htm,
0000731766,0000731766,UNH,2025,2025-12-31,2026-03-02,0000731766-26-000062,data/raw/0000731766/000073176626000062/unh-20251231.htm,
0000100885,0000100885,UNP,2007,2007-12-31,2008-02-28,0001193125-08-041700,data/raw/0000100885/000119312508041700/d10k.htm,
0000100885,0000100885,UNP,2008,2008-12-31,2009-02-06,0001193125-09-021370,data/raw/0000100885/000119312509021370/d10k.htm,
0000100885,0000100885,UNP,2009,2009-12-31,2010-02-05,0001193125-10-023294,data/raw/0000100885/000119312510023294/d10k.htm,
0000100885,0000100885,UNP,2010,2010-12-31,2011-02-04,0001193125-11-024531,data/raw/0000100885/000119312511024531/d10k.htm,
0000100885,0000100885,UNP,2011,2011-12-31,2012-02-03,0001193125-12-038569,data/raw/0000100885/000119312512038569/d288752d10k.htm,
0000100885,0000100885,UNP,2012,2012-12-31,2013-02-08,0001193125-13-045658,data/raw/0000100885/000119312513045658/d477110d10k.htm,
0000100885,0000100885,UNP,2013,2013-12-31,2014-02-07,0001193125-14-040752,data/raw/0000100885/000119312514040752/d668613d10k.htm,
0000100885,0000100885,UNP,2014,2014-12-31,2015-02-06,0001193125-15-037518,data/raw/0000100885/000119312515037518/d865355d10k.htm,
0000100885,0000100885,UNP,2015,2015-12-31,2016-02-05,0000100885-16-000260,data/raw/0000100885/000010088516000260/unp-20151231x10k.htm,
0000100885,0000100885,UNP,2016,2016-12-31,2017-02-03,0000100885-17-000056,data/raw/0000100885/000010088517000056/unp-20161231x10k.htm,
0000100885,0000100885,UNP,2017,2017-12-31,2018-02-09,0000100885-18-000048,data/raw/0000100885/000010088518000048/unp-20171231x10k.htm,
0000100885,0000100885,UNP,2018,2018-12-31,2019-02-08,0000100885-19-000060,data/raw/0000100885/000010088519000060/unp-20181231x10k.htm,
0000100885,0000100885,UNP,2019,2019-12-31,2020-02-07,0000100885-20-000065,data/raw/0000100885/000010088520000065/unp-20191231x10k.htm,
0000100885,0000100885,UNP,2020,2020-12-31,2021-02-05,0000100885-21-000068,data/raw/0000100885/000010088521000068/unp-20201231x10k.htm,
0000100885,0000100885,UNP,2021,2021-12-31,2022-02-04,0001437749-22-002494,data/raw/0000100885/000143774922002494/unp20211231_10k.htm,
0000100885,0000100885,UNP,2022,2022-12-31,2023-02-10,0001437749-23-002959,data/raw/0000100885/000143774923002959/unp20221231_10k.htm,
0000100885,0000100885,UNP,2023,2023-12-31,2024-02-09,0001437749-24-003599,data/raw/0000100885/000143774924003599/unp20231231_10k.htm,
0000100885,0000100885,UNP,2024,2024-12-31,2025-02-07,0000100885-25-000042,data/raw/0000100885/000010088525000042/unp-20241231.htm,
0000100885,0000100885,UNP,2025,2025-12-31,2026-02-06,0000100885-26-000037,data/raw/0000100885/000010088526000037/unp-20251231.htm,
0001090727,0001090727,UPS,2007,2007-12-31,2008-02-29,0001193125-08-043891,data/raw/0001090727/000119312508043891/d10k.htm,
0001090727,0001090727,UPS,2008,2008-12-31,2009-02-27,0001193125-09-040973,data/raw/0001090727/000119312509040973/d10k.htm,
0001090727,0001090727,UPS,2009,2009-12-31,2010-02-26,0001193125-10-042908,data/raw/0001090727/000119312510042908/d10k.htm,
0001090727,0001090727,UPS,2010,2010-12-31,2011-02-28,0001193125-11-049356,data/raw/0001090727/000119312511049356/d10k.htm,
0001090727,0001090727,UPS,2011,2011-12-31,2012-02-27,0001193125-12-081067,data/raw/0001090727/000119312512081067/d274494d10k.htm,
0001090727,0001090727,UPS,2012,2012-12-31,2013-02-28,0001090727-13-000005,data/raw/0001090727/000109072713000005/ups-12312012x10k.htm,
0001090727,0001090727,UPS,2013,2013-12-31,2014-02-28,0001090727-14-000009,data/raw/0001090727/000109072714000009/ups-12312013x10k.htm,
0001090727,0001090727,UPS,2014,2014-12-31,2015-02-27,0001090727-15-000008,data/raw/0001090727/000109072715000008/ups-12312014x10k.htm,
0001090727,0001090727,UPS,2015,2015-12-31,2016-02-25,0001090727-16-000053,data/raw/0001090727/000109072716000053/ups-12312015x10k.htm,
0001090727,0001090727,UPS,2016,2016-12-31,2017-02-21,0001090727-17-000011,data/raw/0001090727/000109072717000011/ups-12312016x10k.htm,
0001090727,0001090727,UPS,2017,2017-12-31,2018-02-21,0001090727-18-000009,data/raw/0001090727/000109072718000009/ups-12312017x10k.htm,
0001090727,0001090727,UPS,2018,2018-12-31,2019-02-21,0001090727-19-000006,data/raw/0001090727/000109072719000006/ups-12312018x10k.htm,
0001090727,0001090727,UPS,2019,2019-12-31,2020-02-20,0001090727-20-000005,data/raw/0001090727/000109072720000005/ups-12312019x10k.htm,
0001090727,0001090727,UPS,2020,2020-12-31,2021-02-22,0001090727-21-000013,data/raw/0001090727/000109072721000013/ups-20201231.htm,
0001090727,0001090727,UPS,2021,2021-12-31,2022-02-22,0001090727-22-000007,data/raw/0001090727/000109072722000007/ups-20211231.htm,
0001090727,0001090727,UPS,2022,2022-12-31,2023-02-21,0001090727-23-000006,data/raw/0001090727/000109072723000006/ups-20221231.htm,
0001090727,0001090727,UPS,2023,2023-12-31,2024-02-20,0001090727-24-000008,data/raw/0001090727/000109072724000008/ups-20231231.htm,
0001090727,0001090727,UPS,2024,2024-12-31,2025-02-18,0001090727-25-000019,data/raw/0001090727/000109072725000019/ups-20241231.htm,
0001090727,0001090727,UPS,2025,2025-12-31,2026-02-17,0001628280-26-008432,data/raw/0001090727/000162828026008432/ups-20251231.htm,
0000036104,0000036104,USB,2007,2007-12-31,2008-02-25,0000950124-08-000806,data/raw/0000036104/000095012408000806/c22668e10vk.htm,
0000036104,0000036104,USB,2008,2008-12-31,2009-03-02,0000950152-09-002057,data/raw/0000036104/000095015209002057/c48687e10vk.htm,
0000036104,0000036104,USB,2009,2009-12-31,2010-02-26,0000950123-10-018123,data/raw/0000036104/000095012310018123/x55114e10vk.htm,
0000036104,0000036104,USB,2010,2010-12-31,2011-02-28,0000950123-11-019888,data/raw/0000036104/000095012311019888/x59846e10vk.htm,
0000036104,0000036104,USB,2011,2011-12-31,2012-02-23,0001193125-12-075125,data/raw/0000036104/000119312512075125/d261300d10k.htm,
0000036104,0000036104,USB,2012,2012-12-31,2013-02-22,0001193125-13-071069,data/raw/0000036104/000119312513071069/d445313d10k.htm,
0000036104,0000036104,USB,2013,2013-12-31,2014-02-21,0001193125-14-062530,data/raw/0000036104/000119312514062530/d633758d10k.htm,
0000036104,0000036104,USB,2014,2014-12-31,2015-02-27,0001193125-15-068728,data/raw/0000036104/000119312515068728/d826004d10k.htm,
0000036104,0000036104,USB,2015,2015-12-31,2016-02-25,0001193125-16-478568,data/raw/0000036104/000119312516478568/d69262d10k.htm,
0000036104,0000036104,USB,2016,2016-12-31,2017-02-23,0001193125-17-053947,data/raw/0000036104/000119312517053947/d291857d10k.htm,
0000036104,0000036104,USB,2017,2017-12-31,2018-02-22,0001193125-18-053893,data/raw/0000036104/000119312518053893/d492040d10k.htm,
0000036104,0000036104,USB,2018,2018-12-31,2019-02-22,0001193125-19-047201,data/raw/0000036104/000119312519047201/d584906d10k.htm,
0000036104,0000036104,USB,2019,2019-12-31,2020-02-20,0001193125-20-043622,data/raw/0000036104/000119312520043622/d597518d10k.htm,
0000036104,0000036104,USB,2020,2020-12-31,2021-02-23,0001193125-21-052547,data/raw/0000036104/000119312521052547/d14650d10k.htm,
0000036104,0000036104,USB,2021,2021-12-31,2022-02-22,0001193125-22-048709,data/raw/0000036104/000119312522048709/d256232d10k.htm,
0000036104,0000036104,USB,2022,2022-12-31,2023-02-27,0001193125-23-050691,data/raw/0000036104/000119312523050691/d410791d10k.htm,
0000036104,0000036104,USB,2023,2023-12-31,2024-02-20,0000036104-24-000018,data/raw/0000036104/000003610424000018/usb-20231231.htm,
0000036104,0000036104,USB,2024,2024-12-31,2025-02-21,0000036104-25-000016,data/raw/0000036104/000003610425000016/usb-20241231.htm,
0000036104,0000036104,USB,2025,2025-12-31,2026-02-23,0000036104-26-000011,data/raw/0000036104/000003610426000011/usb-20251231.htm,
0001403161,0001403161,V,2007,2007-09-30,2007-12-21,0001193125-07-270394,data/raw/0001403161/000119312507270394/d10k.htm,
0001403161,0001403161,V,2008,2008-09-30,2008-11-21,0001193125-08-240384,data/raw/0001403161/000119312508240384/d10k.htm,
0001403161,0001403161,V,2009,2009-09-30,2009-11-20,0001193125-09-239249,data/raw/0001403161/000119312509239249/d10k.htm,
0001403161,0001403161,V,2010,2010-09-30,2010-11-19,0001193125-10-265236,data/raw/0001403161/000119312510265236/d10k.htm,
0001403161,0001403161,V,2011,2011-09-30,2011-11-18,0001193125-11-315956,data/raw/0001403161/000119312511315956/d218694d10k.htm,
0001403161,0001403161,V,2012,2012-09-30,2012-11-16,0001384108-12-000011,data/raw/0001403161/000138410812000011/v09301210-k.htm,
0001403161,0001403161,V,2013,2013-09-30,2013-11-22,0001403161-13-000011,data/raw/0001403161/000140316113000011/v09301310-k.htm,
0001403161,0001403161,V,2014,2014-09-30,2014-11-21,0001403161-14-000017,data/raw/0001403161/000140316114000017/v09301410-k.htm,
0001403161,0001403161,V,2015,2015-09-30,2015-11-20,0001403161-15-000013,data/raw/0001403161/000140316115000013/v093015.htm,
0001403161,0001403161,V,2016,2016-09-30,2016-11-15,0001403161-16-000058,data/raw/0001403161/000140316116000058/v093016.htm,
0001403161,0001403161,V,2017,2017-09-30,2017-11-17,0001403161-17-000044,data/raw/0001403161/000140316117000044/v093017.htm,
0001403161,0001403161,V,2018,2018-09-30,2018-11-16,0001403161-18-000055,data/raw/0001403161/000140316118000055/v093018.htm,
0001403161,0001403161,V,2019,2019-09-30,2019-11-14,0001403161-19-000050,data/raw/0001403161/000140316119000050/v093019form10k.htm,
0001403161,0001403161,V,2020,2020-09-30,2020-11-19,0001403161-20-000070,data/raw/0001403161/000140316120000070/v-20200930.htm,
0001403161,0001403161,V,2021,2021-09-30,2021-11-18,0001403161-21-000060,data/raw/0001403161/000140316121000060/v-20210930.htm,
0001403161,0001403161,V,2022,2022-09-30,2022-11-16,0001403161-22-000081,data/raw/0001403161/000140316122000081/v-20220930.htm,
0001403161,0001403161,V,2023,2023-09-30,2023-11-15,0001403161-23-000099,data/raw/0001403161/000140316123000099/v-20230930.htm,
0001403161,0001403161,V,2024,2024-09-30,2024-11-13,0001403161-24-000058,data/raw/0001403161/000140316124000058/v-20240930.htm,
0001403161,0001403161,V,2025,2025-09-30,2025-11-06,0001403161-25-000089,data/raw/0001403161/000140316125000089/v-20250930.htm,
0000732712,0000732712,VZ,2007,2007-12-31,2008-02-28,0001193125-08-042027,data/raw/0000732712/000119312508042027/d10k.htm,
0000732712,0000732712,VZ,2008,2008-12-31,2009-02-24,0001193125-09-036349,data/raw/0000732712/000119312509036349/d10k.htm,
0000732712,0000732712,VZ,2009,2009-12-31,2010-02-26,0001193125-10-041685,data/raw/0000732712/000119312510041685/d10k.htm,
0000732712,0000732712,VZ,2010,2010-12-31,2011-02-28,0001193125-11-049476,data/raw/0000732712/000119312511049476/d10k.htm,
0000732712,0000732712,VZ,2011,2011-12-31,2012-02-24,0001193125-12-077846,data/raw/0000732712/000119312512077846/d257450d10k.htm,
0000732712,0000732712,VZ,2012,2012-12-31,2013-02-26,0001193125-13-075713,data/raw/0000732712/000119312513075713/d441535d10k.htm,
0000732712,0000732712,VZ,2013,2013-12-31,2014-02-27,0001193125-14-073266,data/raw/0000732712/000119312514073266/d622994d10k.htm,
0000732712,0000732712,VZ,2014,2014-12-31,2015-02-23,0001193125-15-057710,data/raw/0000732712/000119312515057710/d820819d10k.htm,
0000732712,0000732712,VZ,2015,2015-12-31,2016-02-23,0001193125-16-473367,data/raw/0000732712/000119312516473367/d35513d10k.htm,
0000732712,0000732712,VZ,2016,2016-12-31,2017-02-21,0001193125-17-050292,data/raw/0000732712/000119312517050292/d296602d10k.htm,
0000732712,0000732712,VZ,2017,2017-12-31,2018-02-23,0000732712-18-000009,data/raw/0000732712/000073271218000009/a201710-k.htm,
0000732712,0000732712,VZ,2018,2018-12-31,2019-02-15,0000732712-19-000012,data/raw/0000732712/000073271219000012/a2018q410-k.htm,
0000732712,0000732712,VZ,2019,2019-12-31,2020-02-21,0000732712-20-000014,data/raw/0000732712/000073271220000014/a2019q410-k.htm,
0000732712,0000732712,VZ,2020,2020-12-31,2021-02-25,0000732712-21-000012,data/raw/0000732712/000073271221000012/vz-20201231.htm,
0000732712,0000732712,VZ,2021,2021-12-31,2022-02-11,0000732712-22-000008,data/raw/0000732712/000073271222000008/vz-20211231.htm,
0000732712,0000732712,VZ,2022,2022-12-31,2023-02-10,0000732712-23-000012,data/raw/0000732712/000073271223000012/vz-20221231.htm,
0000732712,0000732712,VZ,2023,2023-12-31,2024-02-09,0000732712-24-000010,data/raw/0000732712/000073271224000010/vz-20231231.htm,
0000732712,0000732712,VZ,2024,2024-12-31,2025-02-12,0000732712-25-000006,data/raw/0000732712/000073271225000006/vz-20241231.htm,
0000732712,0000732712,VZ,2025,2025-12-31,2026-02-17,0000732712-26-000007,data/raw/0000732712/000073271226000007/vz-20251231.htm,
0000072971,0000072971,WFC,2007,2007-12-31,2008-02-29,0000950134-08-003822,data/raw/0000072971/000095013408003822/f38267e10vk.htm,
0000072971,0000072971,WFC,2008,2008-12-31,2009-02-27,0000950134-09-003967,data/raw/0000072971/000095013409003967/f51597e10vk.htm,
0000072971,0000072971,WFC,2009,2009-12-31,2010-02-26,0000950123-10-017877,data/raw/0000072971/000095012310017877/f54129e10vk.htm,
0000072971,0000072971,WFC,2010,2010-12-31,2011-02-25,0000950123-11-018541,data/raw/0000072971/000095012311018541/f56816e10vk.htm,
0000072971,0000072971,WFC,2011,2011-12-31,2012-02-28,0001193125-12-084528,data/raw/0000072971/000119312512084528/d280360d10k.htm,
0000072971,0000072971,WFC,2012,2012-12-31,2013-02-27,0001193125-13-078820,data/raw/0000072971/000119312513078820/d450230d10k.htm,
0000072971,0000072971,WFC,2013,2013-12-31,2014-02-26,0000072971-14-000337,data/raw/0000072971/000007297114000337/wfc10k_20131231.htm,
0000072971,0000072971,WFC,2014,2014-12-31,2015-02-25,0000072971-15-000449,data/raw/0000072971/000007297115000449/wfc-12312014x10k.htm,
0000072971,0000072971,WFC,2015,2015-12-31,2016-02-24,0000072971-16-001045,data/raw/0000072971/000007297116001045/wfc-12312015x10k.htm,
0000072971,0000072971,WFC,2016,2016-12-31,2017-03-01,0000072971-17-000278,data/raw/0000072971/000007297117000278/wfc-12312016x10k.htm,
0000072971,0000072971,WFC,2017,2017-12-31,2018-03-01,0000072971-18-000272,data/raw/0000072971/000007297118000272/wfc-12312017x10k.htm,
0000072971,0000072971,WFC,2018,2018-12-31,2019-02-27,0000072971-19-000227,data/raw/0000072971/000007297119000227/wfc-12312018x10k.htm,
0000072971,0000072971,WFC,2019,2019-12-31,2020-02-27,0000072971-20-000217,data/raw/0000072971/000007297120000217/wfc-12312019x10k.htm,
0000072971,0000072971,WFC,2020,2020-12-31,2021-02-23,0000072971-21-000197,data/raw/0000072971/000007297121000197/wfc-20201231.htm,
0000072971,0000072971,WFC,2021,2021-12-31,2022-02-22,0000072971-22-000096,data/raw/0000072971/000007297122000096/wfc-20211231.htm,
0000072971,0000072971,WFC,2022,2022-12-31,2023-02-21,0000072971-23-000071,data/raw/0000072971/000007297123000071/wfc-20221231.htm,
0000072971,0000072971,WFC,2023,2023-12-31,2024-02-20,0000072971-24-000064,data/raw/0000072971/000007297124000064/wfc-20231231.htm,
0000072971,0000072971,WFC,2024,2024-12-31,2025-02-25,0000072971-25-000066,data/raw/0000072971/000007297125000066/wfc-20241231.htm,
0000072971,0000072971,WFC,2025,2025-12-31,2026-02-24,0000072971-26-000133,data/raw/0000072971/000007297126000133/wfc-20251231_d2.htm,
0000104169,0000104169,WMT,2007,2007-01-31,2007-03-27,0001193125-07-065603,data/raw/0000104169/000119312507065603/d10k.htm,
0000104169,0000104169,WMT,2008,2008-01-31,2008-03-31,0001193125-08-071085,data/raw/0000104169/000119312508071085/d10k.htm,
0000104169,0000104169,WMT,2009,2009-04-01,2009-04-01,0000104169-09-000006,data/raw/0000104169/000010416909000006/d10k.htm,
0000104169,0000104169,WMT,2010,2010-01-31,2010-03-30,0001193125-10-071652,data/raw/0000104169/000119312510071652/d10k.htm,
0000104169,0000104169,WMT,2011,2011-01-31,2011-03-30,0001193125-11-083157,data/raw/0000104169/000119312511083157/d10k.htm,
0000104169,0000104169,WMT,2012,2012-01-31,2012-03-27,0001193125-12-134679,data/raw/0000104169/000119312512134679/d270972d10k.htm,
0000104169,0000104169,WMT,2013,2013-01-31,2013-03-26,0000104169-13-000011,data/raw/0000104169/000010416913000011/wmt10-k.htm,
0000104169,0000104169,WMT,2014,2014-01-31,2014-03-21,0000104169-14-000019,data/raw/0000104169/000010416914000019/wmtform10-kx13114.htm,
0000104169,0000104169,WMT,2015,2015-01-31,2015-04-01,0000104169-15-000011,data/raw/0000104169/000010416915000011/wmtform10-kx13115.htm,
0000104169,0000104169,WMT,2016,2016-01-31,2016-03-30,0000104169-16-000079,data/raw/0000104169/000010416916000079/wmtform10-kx1312016.htm,
0000104169,0000104169,WMT,2017,2017-01-31,2017-03-31,0000104169-17-000021,data/raw/0000104169/000010416917000021/wmtform10-kx1312017.htm,
0000104169,0000104169,WMT,2018,2018-01-31,2018-03-30,0000104169-18-000028,data/raw/0000104169/000010416918000028/wmtform10-kx1312018.htm,
0000104169,0000104169,WMT,2019,2019-01-31,2019-03-28,0000104169-19-000016,data/raw/0000104169/000010416919000016/wmtform10-kx1312019.htm,
0000104169,0000104169,WMT,2020,2020-01-31,2020-03-20,0000104169-20-000011,data/raw/0000104169/000010416920000011/wmtform10-kx1312020.htm,
0000104169,0000104169,WMT,2021,2021-01-31,2021-03-19,0000104169-21-000033,data/raw/0000104169/000010416921000033/wmt-20210131.htm,
0000104169,0000104169,WMT,2022,2022-01-31,2022-03-18,0000104169-22-000012,data/raw/0000104169/000010416922000012/wmt-20220131.htm,
0000104169,0000104169,WMT,2023,2023-01-31,2023-03-17,0000104169-23-000020,data/raw/0000104169/000010416923000020/wmt-20230131.htm,
0000104169,0000104169,WMT,2024,2024-01-31,2024-03-15,0000104169-24-000056,data/raw/0000104169/000010416924000056/wmt-20240131.htm,
0000104169,0000104169,WMT,2025,2025-01-31,2025-03-14,0000104169-25-000021,data/raw/0000104169/000010416925000021/wmt-20250131.htm,
0002115436,0000034088,XOM,2007,2007-12-31,2008-02-28,0001193125-08-041781,data/raw/0000034088/000119312508041781/d10k.htm,
0002115436,0000034088,XOM,2008,2008-12-31,2009-02-27,0001193125-09-040966,data/raw/0000034088/000119312509040966/d10k.htm,
0002115436,0000034088,XOM,2009,2009-12-31,2010-02-26,0001193125-10-042929,data/raw/0000034088/000119312510042929/d10k.htm,
0002115436,0000034088,XOM,2010,2010-12-31,2011-02-25,0001193125-11-047394,data/raw/0000034088/000119312511047394/d10k.htm,
0002115436,0000034088,XOM,2011,2011-12-31,2012-02-24,0001193125-12-078102,data/raw/0000034088/000119312512078102/d257530d10k.htm,
0002115436,0000034088,XOM,2012,2012-12-31,2013-02-27,0000034088-13-000011,data/raw/0000034088/000003408813000011/xom10k2012.htm,
0002115436,0000034088,XOM,2013,2013-12-31,2014-02-26,0000034088-14-000012,data/raw/0000034088/000003408814000012/xom10k2013.htm,
0002115436,0000034088,XOM,2014,2014-12-31,2015-02-25,0000034088-15-000013,data/raw/0000034088/000003408815000013/xom10k2014.htm,
0002115436,0000034088,XOM,2015,2015-12-31,2016-02-24,0000034088-16-000065,data/raw/0000034088/000003408816000065/xom10k2015.htm,
0002115436,0000034088,XOM,2016,2016-12-31,2017-02-22,0000034088-17-000017,data/raw/0000034088/000003408817000017/xom10k2016.htm,
0002115436,0000034088,XOM,2017,2017-12-31,2018-02-28,0000034088-18-000015,data/raw/0000034088/000003408818000015/xom10k2017.htm,
0002115436,0000034088,XOM,2018,2018-12-31,2019-02-27,0000034088-19-000010,data/raw/0000034088/000003408819000010/xom10k2018.htm,
0002115436,0000034088,XOM,2019,2019-12-31,2020-02-26,0000034088-20-000016,data/raw/0000034088/000003408820000016/xom10k2019.htm,
0002115436,0000034088,XOM,2020,2020-12-31,2021-02-24,0000034088-21-000012,data/raw/0000034088/000003408821000012/xom-20201231.htm,
0002115436,0000034088,XOM,2021,2021-12-31,2022-02-23,0000034088-22-000011,data/raw/0000034088/000003408822000011/xom-20211231.htm,
0002115436,0000034088,XOM,2022,2022-12-31,2023-02-22,0000034088-23-000020,data/raw/0000034088/000003408823000020/xom-20221231.htm,
0002115436,0000034088,XOM,2023,2023-12-31,2024-02-28,0000034088-24-000018,data/raw/0000034088/000003408824000018/xom-20231231.htm,
0002115436,0000034088,XOM,2024,2024-12-31,2025-02-19,0000034088-25-000010,data/raw/0000034088/000003408825000010/xom-20241231.htm,
0002115436,0000034088,XOM,2025,2025-12-31,2026-02-18,0000034088-26-000045,data/raw/0000034088/000003408826000045/xom-20251231.htm,
