cik,ticker,fiscal_year,prev_fiscal_year,report_date,filing_date,prev_filing_date,accession,prev_accession,cos_full,jac_full,len_full,cos_1a,jac_1a,len_1a,cos_7,jac_7,len_7
0000320193,AAPL,2008,2007,2008-09-27,2008-11-05,2007-11-15,0001193125-08-224958,0001047469-07-009340,0.993139,0.814440,353854,0.994714,0.845730,50239,0.989910,0.817081,66677
0000320193,AAPL,2009,2008,2009-09-26,2009-10-27,2008-11-05,0001193125-09-214859,0001193125-08-224958,0.996959,0.830266,357982,0.994470,0.912775,52191,0.991619,0.807261,68965
0000320193,AAPL,2010,2009,2010-09-25,2010-10-27,2009-10-27,0001193125-10-238044,0001193125-09-214859,0.990604,0.781267,315946,0.995888,0.938472,51709,0.981949,0.790148,62455
0000320193,AAPL,2011,2010,2011-09-24,2011-10-26,2010-10-27,0001193125-11-282113,0001193125-10-238044,0.995742,0.836045,283076,0.987542,0.765718,51288,0.986362,0.830312,59284
0000320193,AAPL,2012,2011,2012-09-29,2012-10-31,2011-10-26,0001193125-12-444068,0001193125-11-282113,0.997920,0.907687,283958,0.993325,0.939662,48823,0.992849,0.839497,61081
0000320193,AAPL,2013,2012,2013-09-28,2013-10-30,2012-10-31,0001193125-13-416534,0001193125-12-444068,0.997018,0.904746,294302,0.997908,0.946715,51122,0.980651,0.830838,61679
0000320193,AAPL,2014,2013,2014-09-27,2014-10-27,2013-10-30,0001193125-14-383437,0001193125-13-416534,0.996631,0.913892,311555,0.997638,0.969042,53432,0.991124,0.888547,64021
0000320193,AAPL,2015,2014,2015-09-26,2015-10-28,2014-10-27,0001193125-15-356351,0001193125-14-383437,0.996202,0.917821,299694,0.999671,0.988497,53873,0.981709,0.875569,58694
0000320193,AAPL,2016,2015,2016-09-24,2016-10-26,2015-10-28,0001628280-16-020309,0001193125-15-356351,0.998359,0.930533,294153,0.998785,0.964950,52676,0.986452,0.862983,59105
0000320193,AAPL,2017,2016,2017-09-30,2017-11-03,2016-10-26,0000320193-17-000070,0001628280-16-020309,0.999385,0.937061,301265,0.998158,0.930961,53520,0.995387,0.914219,60822
0000320193,AAPL,2018,2017,2018-09-29,2018-11-05,2017-11-03,0000320193-18-000145,0000320193-17-000070,0.998020,0.877712,283593,0.995045,0.901975,55758,0.993768,0.853343,57621
0000320193,AAPL,2019,2018,2019-09-28,2019-10-31,2018-11-05,0000320193-19-000119,0000320193-18-000145,0.995134,0.831801,239498,0.997713,0.943642,55288,0.975173,0.675262,34056
0000320193,AAPL,2020,2019,2020-09-26,2020-10-30,2019-10-31,0000320193-20-000096,0000320193-19-000119,0.998264,0.925206,244830,0.996895,0.939351,61331,0.988137,0.767302,32108
0000320193,AAPL,2021,2020,2021-09-25,2021-10-29,2020-10-30,0000320193-21-000105,0000320193-20-000096,0.997453,0.868198,224383,0.994831,0.911274,67133,0.966742,0.585005,18833
0000320193,AAPL,2022,2021,2022-09-24,2022-10-28,2021-10-29,0000320193-22-000108,0000320193-21-000105,0.998931,0.903888,216707,0.998334,0.953795,71307,0.968643,0.775449,17656
0000320193,AAPL,2023,2022,2023-09-30,2023-11-03,2022-10-28,0000320193-23-000106,0000320193-22-000108,0.998634,0.906088,201586,0.998282,0.939255,68372,0.961626,0.696000,15588
0000320193,AAPL,2024,2023,2024-09-28,2024-11-01,2023-11-03,0000320193-24-000123,0000320193-23-000106,0.998098,0.918717,205392,0.996458,0.944591,69278,0.958950,0.791958,15462
0000320193,AAPL,2025,2024,2025-09-27,2025-10-31,2024-11-01,0000320193-25-000079,0000320193-24-000123,0.998150,0.908160,207845,0.994158,0.864662,68571,0.966933,0.740798,18150
0001551152,ABBV,2013,2012,2013-12-31,2014-02-21,2013-03-15,0001047469-14-001154,0001047469-13-002827,0.997700,0.898476,344621,0.999037,0.861047,58306,0.997995,0.840199,39111
0001551152,ABBV,2014,2013,2014-12-31,2015-02-20,2014-02-21,0001047469-15-000995,0001047469-14-001154,0.997888,0.895361,355818,0.997746,0.924142,52629,0.998576,0.931091,36603
0001551152,ABBV,2015,2014,2015-12-31,2016-02-19,2015-02-20,0001047469-16-010239,0001047469-15-000995,0.990962,0.864662,370767,0.994644,0.921488,47901,0.994062,0.794618,46440
0001551152,ABBV,2016,2015,2016-12-31,2017-02-17,2016-02-19,0001551152-17-000004,0001047469-16-010239,0.995883,0.890645,380324,0.999701,0.970630,48077,0.999646,0.964589,46812
0001551152,ABBV,2017,2016,2017-12-31,2018-02-16,2017-02-17,0001551152-18-000014,0001551152-17-000004,0.998279,0.901725,370695,0.999823,0.990587,47655,0.999766,0.986390,46201
0001551152,ABBV,2018,2017,2018-12-31,2019-02-27,2018-02-16,0001551152-19-000008,0001551152-18-000014,0.998377,0.892745,362760,0.998489,0.947063,45595,0.998396,0.946724,44119
0001551152,ABBV,2019,2018,2019-12-31,2020-02-21,2019-02-27,0001551152-20-000007,0001551152-19-000008,0.996223,0.875608,368722,0.998515,0.954115,50135,0.993780,0.804522,38853
0001551152,ABBV,2020,2019,2020-12-31,2021-02-19,2020-02-21,0001551152-21-000008,0001551152-20-000007,0.994522,0.779669,412147,0.998121,0.897246,53865,0.718978,0.235659,32160
0001551152,ABBV,2021,2020,2021-12-31,2022-02-18,2021-02-19,0001551152-22-000007,0001551152-21-000008,0.998632,0.917438,405655,0.999952,0.988412,54103,0.993038,0.935280,31648
0001551152,ABBV,2022,2021,2022-12-31,2023-02-17,2022-02-18,0001551152-23-000011,0001551152-22-000007,0.998474,0.882959,401441,0.998419,0.874229,59860,0.978975,0.844197,30111
0001551152,ABBV,2023,2022,2023-12-31,2024-02-20,2023-02-17,0001551152-24-000011,0001551152-23-000011,0.997454,0.890826,406400,0.999050,0.925767,58740,0.992388,0.931682,31444
0001551152,ABBV,2024,2023,2024-12-31,2025-02-14,2024-02-20,0001551152-25-000020,0001551152-24-000011,0.996201,0.911744,423239,0.999416,0.941948,58730,0.992854,0.953311,31324
0001551152,ABBV,2025,2024,2025-12-31,2026-02-20,2025-02-14,0001551152-26-000008,0001551152-25-000020,0.998494,0.897424,419988,0.998395,0.940207,64012,0.991249,0.925084,31672
0000001800,ABT,2008,2007,2008-12-31,2009-02-20,2008-02-19,0001047469-09-001642,0001047469-08-001480,0.996492,0.885893,307148,0.999441,0.973451,19301,0.989820,0.857256,54787
0000001800,ABT,2009,2008,2009-12-31,2010-02-19,2009-02-20,0001047469-10-001018,0001047469-09-001642,0.988414,0.860075,281749,0.999854,0.989886,19501,0.992702,0.829457,53102
0000001800,ABT,2010,2009,2010-12-31,2011-02-18,2010-02-19,0001047469-11-001056,0001047469-10-001018,0.996141,0.864938,309933,0.998159,0.939024,20103,0.986495,0.719388,70612
0000001800,ABT,2011,2010,2011-12-31,2012-02-21,2011-02-18,0001047469-12-001216,0001047469-11-001056,0.995732,0.852491,328867,0.997408,0.946365,21651,0.982910,0.732916,90478
0000001800,ABT,2012,2011,2012-12-31,2013-02-15,2012-02-21,0001047469-13-001180,0001047469-12-001216,0.987632,0.854870,312918,0.985500,0.842553,24852,0.988544,0.795175,82154
0000001800,ABT,2013,2012,2013-12-31,2014-02-21,2013-02-15,0001047469-14-001176,0001047469-13-001180,0.992197,0.847501,283546,0.999575,0.975637,24368,0.980058,0.738763,68136
0000001800,ABT,2014,2013,2014-12-31,2015-02-27,2014-02-21,0001047469-15-001377,0001047469-14-001176,0.995634,0.884118,304180,0.998859,0.962842,25404,0.989442,0.819095,79921
0000001800,ABT,2015,2014,2015-12-31,2016-02-19,2015-02-27,0001047469-16-010246,0001047469-15-001377,0.997076,0.908683,309515,0.999532,0.968051,26437,0.993041,0.836746,81080
0000001800,ABT,2016,2015,2016-12-31,2017-02-17,2016-02-19,0001047469-17-000744,0001047469-16-010246,0.991728,0.844141,323618,0.986581,0.816808,28502,0.975766,0.660035,115259
0000001800,ABT,2017,2016,2017-12-31,2018-02-16,2017-02-17,0001047469-18-000856,0001047469-17-000744,0.993700,0.847438,349397,0.995830,0.918347,25663,0.985989,0.752702,115825
0000001800,ABT,2018,2017,2018-12-31,2019-02-22,2018-02-16,0001047469-19-000624,0001047469-18-000856,0.997810,0.921778,348075,0.999488,0.987055,26374,0.993917,0.871560,109253
0000001800,ABT,2019,2018,2019-12-31,2020-02-21,2019-02-22,0001104659-20-023904,0001047469-19-000624,0.997811,0.923684,343270,0.999657,0.983940,26513,0.985434,0.748723,89137
0000001800,ABT,2020,2019,2020-12-31,2021-02-19,2020-02-21,0001104659-21-025751,0001104659-20-023904,0.993493,0.866648,309724,0.997655,0.951745,28962,0.975062,0.733609,75795
0000001800,ABT,2021,2020,2021-12-31,2022-02-18,2021-02-19,0001104659-22-025141,0001104659-21-025751,0.998609,0.918477,315821,0.999309,0.964250,30638,0.990655,0.825522,75957
0000001800,ABT,2022,2021,2022-12-31,2023-02-17,2022-02-18,0001628280-23-004026,0001104659-22-025141,0.998548,0.924051,316207,0.997918,0.919551,33752,0.993007,0.816591,75416
0000001800,ABT,2023,2022,2023-12-31,2024-02-16,2023-02-17,0001628280-24-005348,0001628280-23-004026,0.998620,0.916551,328176,0.998541,0.949907,34785,0.993835,0.834553,77900
0000001800,ABT,2024,2023,2024-12-31,2025-02-21,2024-02-16,0001628280-25-007110,0001628280-24-005348,0.998265,0.918904,320328,0.996672,0.936111,34154,0.990063,0.818800,72496
0000001800,ABT,2025,2024,2025-12-31,2026-02-20,2025-02-21,0001628280-26-010185,0001628280-25-007110,0.998991,0.924323,311933,0.998767,0.939680,32418,0.992262,0.854217,69709
0001467373,ACN,2010,2009,2010-08-31,2010-10-26,2009-10-19,0001193125-10-235847,0001193125-09-209671,0.995181,0.885527,409174,0.993472,0.825610,68239,0.972574,0.664360,15319
0001467373,ACN,2011,2010,2011-08-31,2011-10-21,2010-10-26,0001193125-11-277309,0001193125-10-235847,0.998073,0.890403,387598,0.993918,0.844037,73007,0.979609,0.711268,13043
0001467373,ACN,2012,2011,2012-08-31,2012-10-30,2011-10-21,0001467373-12-000170,0001193125-11-277309,0.999003,0.927385,390166,0.998217,0.924638,76036,0.988254,0.796226,14455
0001467373,ACN,2013,2012,2013-08-31,2013-10-29,2012-10-30,0001467373-13-000482,0001467373-12-000170,0.999245,0.935539,404727,0.998603,0.926346,81371,0.986767,0.801835,13440
0001467373,ACN,2014,2013,2014-08-31,2014-10-24,2013-10-29,0001467373-14-000467,0001467373-13-000482,0.998948,0.927615,384838,0.998883,0.962199,81115,0.975216,0.742754,13610
0001467373,ACN,2015,2014,2015-08-31,2015-10-30,2014-10-24,0001467373-15-000457,0001467373-14-000467,0.995023,0.919767,362812,0.998408,0.953997,79257,0.963394,0.710037,10916
0001467373,ACN,2016,2015,2016-08-31,2016-10-28,2015-10-30,0001467373-16-001080,0001467373-15-000457,0.998555,0.943837,372523,0.998406,0.937860,77891,0.988648,0.899142,11443
0001467373,ACN,2017,2016,2017-08-31,2017-10-26,2016-10-28,0001467373-17-000430,0001467373-16-001080,0.999544,0.959739,361369,0.999468,0.975953,79074,0.973009,0.868534,10159
0001467373,ACN,2018,2017,2018-08-31,2018-10-24,2017-10-26,0001467373-18-000318,0001467373-17-000430,0.995274,0.929598,348179,0.998742,0.942548,80387,0.996910,0.949074,9719
0001467373,ACN,2019,2018,2019-08-31,2019-10-29,2018-10-24,0001467373-19-000339,0001467373-18-000318,0.996875,0.916888,340573,0.999582,0.982184,80945,0.839051,0.432071,3371
0001467373,ACN,2020,2019,2020-08-31,2020-10-22,2019-10-29,0001467373-20-000376,0001467373-19-000339,0.996616,0.891814,327918,0.996042,0.918624,85756,0.826222,0.353612,12425
0001467373,ACN,2021,2020,2021-08-31,2021-10-15,2020-10-22,0001467373-21-000229,0001467373-20-000376,0.998414,0.895652,328646,0.998220,0.907447,86802,0.831090,0.325714,11337
0001467373,ACN,2022,2021,2022-08-31,2022-10-12,2021-10-15,0001467373-22-000295,0001467373-21-000229,0.998892,0.905128,337399,0.995219,0.920968,83807,0.846248,0.293223,12724
0001467373,ACN,2023,2022,2023-08-31,2023-10-12,2022-10-12,0001467373-23-000324,0001467373-22-000295,0.999006,0.934806,350364,0.998062,0.957946,86518,0.958124,0.631776,9192
0001467373,ACN,2024,2023,2024-08-31,2024-10-10,2023-10-12,0001467373-24-000278,0001467373-23-000324,0.998810,0.922733,369110,0.997802,0.949179,91685,0.902060,0.602794,9950
0001467373,ACN,2025,2024,2025-08-31,2025-10-10,2024-10-10,0001467373-25-000217,0001467373-24-000278,0.998137,0.886047,357840,0.998494,0.939938,93904,0.976200,0.865772,9639
0000796343,ADBE,2008,2007,2008-11-28,2009-01-23,2008-01-24,0000796343-09-000007,0001047469-08-000497,0.997168,0.851843,435130,0.987198,0.756481,38629,0.952094,0.562363,28724
0000796343,ADBE,2009,2008,2009-11-27,2010-01-22,2009-01-23,0000796343-10-000003,0000796343-09-000007,0.976780,0.825005,514497,0.981839,0.766491,53381,0.973444,0.759241,30740
0000796343,ADBE,2010,2009,2010-12-03,2011-01-27,2010-01-22,0000796343-11-000003,0000796343-10-000003,0.994658,0.848397,554887,0.991990,0.849394,53345,0.951454,0.509886,97285
0000796343,ADBE,2011,2010,2011-12-02,2012-01-26,2011-01-27,0000796343-12-000003,0000796343-11-000003,0.994373,0.868754,522926,0.990035,0.850794,57520,0.988950,0.799769,88990
0000796343,ADBE,2012,2011,2012-11-30,2013-01-22,2012-01-26,0000796343-13-000008,0000796343-12-000003,0.992843,0.875651,523516,0.997043,0.924456,59246,0.989096,0.848652,88034
0000796343,ADBE,2013,2012,2013-11-29,2014-01-21,2013-01-22,0000796343-14-000004,0000796343-13-000008,0.977684,0.753678,417432,0.996277,0.907511,62647,0.989376,0.767236,89403
0000796343,ADBE,2014,2013,2014-11-28,2015-01-20,2014-01-21,0000796343-15-000022,0000796343-14-000004,0.999083,0.934794,432460,0.996970,0.912752,63679,0.995171,0.867372,92903
0000796343,ADBE,2015,2014,2015-11-27,2016-01-19,2015-01-20,0000796343-16-000224,0000796343-15-000022,0.998322,0.902996,425119,0.996534,0.902410,67042,0.992989,0.868193,87761
0000796343,ADBE,2016,2015,2016-12-02,2017-01-20,2016-01-19,0000796343-17-000031,0000796343-16-000224,0.997562,0.907189,412909,0.996908,0.924385,65076,0.991522,0.837324,83293
0000796343,ADBE,2017,2016,2017-12-01,2018-01-22,2017-01-20,0000796343-18-000015,0000796343-17-000031,0.997854,0.865491,399362,0.994917,0.834569,62024,0.993463,0.860671,76943
0000796343,ADBE,2018,2017,2018-11-30,2019-01-25,2018-01-22,0000796343-19-000019,0000796343-18-000015,0.992625,0.894240,417284,0.998760,0.956151,65035,0.979832,0.758883,67565
0000796343,ADBE,2019,2018,2019-11-29,2020-01-21,2019-01-25,0000796343-20-000013,0000796343-19-000019,0.996183,0.873523,434009,0.998340,0.940281,68410,0.985750,0.799202,61705
0000796343,ADBE,2020,2019,2020-11-27,2021-01-15,2020-01-21,0000796343-21-000004,0000796343-20-000013,0.997207,0.894179,446028,0.991239,0.911317,78528,0.988062,0.795828,63489
0000796343,ADBE,2021,2020,2021-12-03,2022-01-21,2021-01-15,0000796343-22-000032,0000796343-21-000004,0.996308,0.831283,379067,0.998427,0.939683,80266,0.985896,0.799870,54885
0000796343,ADBE,2022,2021,2022-12-02,2023-01-17,2022-01-21,0000796343-23-000007,0000796343-22-000032,0.998447,0.892529,371328,0.995064,0.848237,73826,0.990848,0.836820,53877
0000796343,ADBE,2023,2022,2023-12-01,2024-01-17,2023-01-17,0000796343-24-000006,0000796343-23-000007,0.995127,0.826509,366534,0.978867,0.674361,65989,0.991333,0.832973,49420
0000796343,ADBE,2024,2023,2024-11-29,2025-01-13,2024-01-17,0000796343-25-000004,0000796343-24-000006,0.996482,0.923301,377256,0.997771,0.939358,66615,0.993219,0.905530,48822
0000796343,ADBE,2025,2024,2025-11-28,2026-01-15,2025-01-13,0000796343-26-000003,0000796343-25-000004,0.990353,0.834549,345852,0.993201,0.915254,69640,0.970890,0.761628,46704
0000006951,AMAT,2008,2007,2008-10-26,2008-12-12,2007-12-14,0000950134-08-022104,0000891618-07-000682,0.997024,0.870741,350441,0.982686,0.789372,35203,0.991362,0.792727,75245
0000006951,AMAT,2009,2008,2009-10-25,2009-12-11,2008-12-12,0000950123-09-070205,0000950134-08-022104,0.994490,0.860784,360285,0.994123,0.841645,41359,0.980677,0.754020,71424
0000006951,AMAT,2010,2009,2010-10-31,2010-12-10,2009-12-11,0000950123-10-112754,0000950123-09-070205,0.996847,0.851464,378236,0.992379,0.777947,47038,0.979423,0.732515,75574
0000006951,AMAT,2011,2010,2011-10-30,2011-12-06,2010-12-10,0001193125-11-332050,0000950123-10-112754,0.997125,0.868149,405847,0.995402,0.836031,54123,0.987697,0.745598,92764
0000006951,AMAT,2012,2011,2012-10-28,2012-12-05,2011-12-06,0000006951-12-000018,0001193125-11-332050,0.995081,0.881782,407690,0.997212,0.876535,54833,0.978313,0.772973,94258
0000006951,AMAT,2013,2012,2013-10-27,2013-12-04,2012-12-05,0000006951-13-000044,0000006951-12-000018,0.997009,0.885484,378374,0.993850,0.873720,51772,0.986685,0.780000,86741
0000006951,AMAT,2014,2013,2014-10-26,2014-12-17,2013-12-04,0000006951-14-000037,0000006951-13-000044,0.998611,0.949561,366612,0.999670,0.984805,51778,0.993008,0.876289,82092
0000006951,AMAT,2015,2014,2015-10-25,2015-12-09,2014-12-17,0000006951-15-000034,0000006951-14-000037,0.994951,0.825375,338622,0.996310,0.921555,50661,0.990591,0.796123,80723
0000006951,AMAT,2016,2015,2016-10-30,2016-12-15,2015-12-09,0000006951-16-000068,0000006951-15-000034,0.995316,0.916411,324606,0.986005,0.857042,51414,0.987173,0.835779,75061
0000006951,AMAT,2017,2016,2017-10-29,2017-12-15,2016-12-15,0000006951-17-000038,0000006951-16-000068,0.998519,0.939850,314303,0.998184,0.942205,50259,0.988004,0.861091,66216
0000006951,AMAT,2018,2017,2018-10-28,2018-12-13,2017-12-15,0000006951-18-000041,0000006951-17-000038,0.998897,0.950872,311473,0.998461,0.946401,52547,0.992856,0.902019,65134
0000006951,AMAT,2019,2018,2019-10-27,2019-12-13,2018-12-13,0000006951-19-000046,0000006951-18-000041,0.998492,0.924346,326206,0.998188,0.930370,54427,0.995779,0.871439,66266
0000006951,AMAT,2020,2019,2020-10-25,2020-12-11,2019-12-13,0000006951-20-000048,0000006951-19-000046,0.996257,0.906110,339370,0.993230,0.920813,63040,0.986872,0.850591,70990
0000006951,AMAT,2021,2020,2021-10-31,2021-12-17,2020-12-11,0000006951-21-000043,0000006951-20-000048,0.998512,0.932253,337801,0.996465,0.903119,67667,0.993688,0.888504,69211
0000006951,AMAT,2022,2021,2022-10-30,2022-12-16,2021-12-17,0000006951-22-000043,0000006951-21-000043,0.998245,0.919802,338238,0.996518,0.905552,73260,0.994164,0.881119,68056
0000006951,AMAT,2023,2022,2023-10-29,2023-12-15,2022-12-16,0000006951-23-000041,0000006951-22-000043,0.958220,0.906003,317415,0.861680,0.848708,68122,0.938227,0.769784,53007
0000006951,AMAT,2024,2023,2024-10-27,2024-12-13,2023-12-15,0000006951-24-000044,0000006951-23-000041,0.996417,0.874294,295188,0.996956,0.907152,75218,0.965325,0.729084,39060
0000006951,AMAT,2025,2024,2025-10-26,2025-12-12,2024-12-13,0001628280-25-056742,0000006951-24-000044,0.997951,0.924304,292251,0.992347,0.889026,68708,0.984962,0.786480,40926
0000002488,AMD,2008,2007,2008-12-27,2009-02-24,2008-02-26,0001193125-09-036235,0001193125-08-038588,0.989462,0.842509,653791,0.934225,0.574191,77340,0.737512,0.051682,184119
0000002488,AMD,2009,2008,2009-12-26,2010-02-19,2009-02-24,0001193125-10-035218,0001193125-09-036235,0.934496,0.794076,545278,0.977308,0.788889,67120,0.554677,0.076950,6641
0000002488,AMD,2010,2009,2010-12-25,2011-02-18,2010-02-19,0001193125-11-040392,0001193125-10-035218,0.992507,0.832837,513266,0.991746,0.875579,66705,0.586437,0.082331,150715
0000002488,AMD,2011,2010,2011-12-31,2012-02-24,2011-02-18,0001193125-12-075837,0001193125-11-040392,0.995718,0.874448,467234,0.993014,0.872426,70118,0.986836,0.824742,146019
0000002488,AMD,2012,2011,2012-12-29,2013-02-21,2012-02-24,0001193125-13-069422,0001193125-12-075837,0.985620,0.871002,424644,0.994286,0.897117,75915,0.995728,0.896021,154277
0000002488,AMD,2013,2012,2013-12-28,2014-02-18,2013-02-21,0001193125-14-057240,0001193125-13-069422,0.988452,0.865578,411671,0.986836,0.829018,77954,0.988355,0.844217,151616
0000002488,AMD,2014,2013,2014-12-27,2015-02-19,2014-02-18,0001193125-15-054362,0001193125-14-057240,0.996942,0.881791,426767,0.995225,0.890770,79947,0.965463,0.734825,107229
0000002488,AMD,2015,2014,2015-12-26,2016-02-18,2015-02-19,0000002488-16-000111,0001193125-15-054362,0.994747,0.895935,437648,0.993426,0.898674,82568,0.963949,0.742814,154720
0000002488,AMD,2016,2015,2016-12-31,2017-02-21,2016-02-18,0000002488-17-000043,0000002488-16-000111,0.989980,0.899496,468002,0.995114,0.898253,88435,0.996175,0.895147,163555
0000002488,AMD,2017,2016,2017-12-30,2018-02-27,2017-02-21,0000002488-18-000042,0000002488-17-000043,0.996538,0.902057,491742,0.998384,0.951132,89849,0.994011,0.899522,172568
0000002488,AMD,2018,2017,2018-12-29,2019-02-08,2018-02-27,0000002488-19-000011,0000002488-18-000042,0.994485,0.890561,433178,0.997396,0.929400,90617,0.993794,0.897453,171097
0000002488,AMD,2019,2018,2019-12-28,2020-02-04,2019-02-08,0000002488-20-000008,0000002488-19-000011,0.995392,0.886099,361957,0.996461,0.935124,88523,0.996219,0.912180,167179
0000002488,AMD,2020,2019,2020-12-26,2021-01-29,2020-02-04,0001628280-21-001185,0000002488-20-000008,0.993564,0.870268,373574,0.988813,0.902651,109803,0.989433,0.823717,177502
0000002488,AMD,2021,2020,2021-12-25,2022-02-03,2021-01-29,0000002488-22-000016,0001628280-21-001185,0.996184,0.890594,353996,0.997722,0.935047,112326,0.994039,0.877792,170312
0000002488,AMD,2022,2021,2022-12-31,2023-02-27,2022-02-03,0000002488-23-000047,0000002488-22-000016,0.991186,0.813266,395132,0.993506,0.896953,116733,0.986340,0.832854,175472
0000002488,AMD,2023,2022,2023-12-30,2024-01-31,2023-02-27,0000002488-24-000012,0000002488-23-000047,0.992783,0.848259,394924,0.991249,0.802800,125789,0.991765,0.816672,197420
0000002488,AMD,2024,2023,2024-12-28,2025-02-05,2024-01-31,0000002488-25-000012,0000002488-24-000012,0.994876,0.898709,375409,0.996030,0.910844,126211,0.993650,0.881846,189486
0000002488,AMD,2025,2024,2025-12-27,2026-02-04,2025-02-05,0000002488-26-000018,0000002488-25-000012,0.996710,0.881159,392862,0.996794,0.885726,131981,0.995690,0.873226,197922
0000318154,AMGN,2008,2007,2008-12-31,2009-02-27,2008-02-28,0001193125-09-041091,0001193125-08-040431,0.994631,0.812034,667166,0.980379,0.668058,131932,0.990940,0.749584,98364
0000318154,AMGN,2009,2008,2009-12-31,2010-03-01,2009-02-27,0001193125-10-044311,0001193125-09-041091,0.992518,0.788176,606536,0.967746,0.575584,76041,0.987654,0.710921,91054
0000318154,AMGN,2010,2009,2010-12-31,2011-02-25,2010-03-01,0000950123-11-018800,0001193125-10-044311,0.994448,0.838528,567748,0.988643,0.777507,89389,0.978279,0.692130,63738
0000318154,AMGN,2011,2010,2011-12-31,2012-02-29,2011-02-25,0001193125-12-086670,0000950123-11-018800,0.994697,0.861066,593649,0.989180,0.792546,102815,0.980510,0.717572,69775
0000318154,AMGN,2012,2011,2012-12-31,2013-02-27,2012-02-29,0001445305-13-000364,0001193125-12-086670,0.996359,0.873654,595875,0.990361,0.835552,112031,0.988625,0.781534,71367
0000318154,AMGN,2013,2012,2013-12-31,2014-02-24,2013-02-27,0000318154-14-000004,0001445305-13-000364,0.987817,0.754248,469542,0.967896,0.707880,74915,0.990869,0.832237,70030
0000318154,AMGN,2014,2013,2014-12-31,2015-02-19,2014-02-24,0000318154-15-000005,0000318154-14-000004,0.997619,0.895683,483856,0.996982,0.912136,77525,0.990053,0.824749,75892
0000318154,AMGN,2015,2014,2015-12-31,2016-02-16,2015-02-19,0000318154-16-000031,0000318154-15-000005,0.997028,0.861249,470914,0.988209,0.771850,70187,0.993601,0.841319,74052
0000318154,AMGN,2016,2015,2016-12-31,2017-02-14,2016-02-16,0000318154-17-000004,0000318154-16-000031,0.996373,0.858803,458957,0.994830,0.881501,75537,0.992741,0.826282,65556
0000318154,AMGN,2017,2016,2017-12-31,2018-02-13,2017-02-14,0000318154-18-000004,0000318154-17-000004,0.996234,0.855870,496116,0.991929,0.831124,86209,0.988619,0.798883,70872
0000318154,AMGN,2018,2017,2018-12-31,2019-02-13,2018-02-13,0000318154-19-000008,0000318154-18-000004,0.996571,0.850075,510229,0.991436,0.807947,100939,0.990237,0.782689,68183
0000318154,AMGN,2019,2018,2019-12-31,2020-02-12,2019-02-13,0000318154-20-000017,0000318154-19-000008,0.993931,0.850053,532963,0.994460,0.850294,113231,0.990661,0.817824,66040
0000318154,AMGN,2020,2019,2020-12-31,2021-02-09,2020-02-12,0000318154-21-000010,0000318154-20-000017,0.992641,0.836460,592816,0.983465,0.821700,147871,0.977674,0.749106,73720
0000318154,AMGN,2021,2020,2021-12-31,2022-02-16,2021-02-09,0000318154-22-000010,0000318154-21-000010,0.996463,0.860294,590314,0.995955,0.836902,149548,0.989996,0.798837,75085
0000318154,AMGN,2022,2021,2022-12-31,2023-02-09,2022-02-16,0000318154-23-000017,0000318154-22-000010,0.996599,0.877915,588255,0.995358,0.857143,145533,0.993736,0.897139,78416
0000318154,AMGN,2023,2022,2023-12-31,2024-02-14,2023-02-09,0000318154-24-000011,0000318154-23-000017,0.995553,0.842736,607669,0.995398,0.858282,149391,0.988956,0.826934,77213
0000318154,AMGN,2024,2023,2024-12-31,2025-02-14,2024-02-14,0000318154-25-000010,0000318154-24-000011,0.998081,0.879520,629204,0.998392,0.904080,160765,0.991709,0.848297,76413
0000318154,AMGN,2025,2024,2025-12-31,2026-02-13,2025-02-14,0000318154-26-000010,0000318154-25-000010,0.995451,0.881253,639492,0.994148,0.834305,157397,0.993449,0.856694,79909
0001053507,AMT,2008,2007,2008-12-31,2009-02-26,2008-03-14,0001193125-09-039177,0001193125-08-057075,0.994534,0.873780,409792,0.992062,0.863148,36292,0.988243,0.722557,93089
0001053507,AMT,2009,2008,2009-12-31,2010-03-01,2009-02-26,0001193125-10-044876,0001193125-09-039177,0.996234,0.858321,405794,0.987672,0.869759,37373,0.986700,0.722259,91200
0001053507,AMT,2010,2009,2010-12-31,2011-02-28,2010-03-01,0001193125-11-050129,0001193125-10-044876,0.995250,0.830252,412754,0.967090,0.762639,34211,0.978270,0.769826,100548
0001053507,AMT,2011,2010,2011-12-31,2012-02-29,2011-02-28,0001193125-12-086162,0001193125-11-050129,0.990095,0.886064,506393,0.922969,0.731727,45128,0.985116,0.835301,115943
0001053507,AMT,2012,2011,2012-12-31,2013-02-27,2012-02-29,0001193125-13-077821,0001193125-12-086162,0.997349,0.913162,521062,0.997392,0.926582,44494,0.991581,0.860565,117714
0001053507,AMT,2013,2012,2013-12-31,2014-02-26,2013-02-27,0001193125-14-068001,0001193125-13-077821,0.970675,0.882751,526834,0.989064,0.855738,42036,0.946283,0.780876,138941
0001053507,AMT,2014,2013,2014-12-31,2015-02-24,2014-02-26,0001193125-15-059026,0001193125-14-068001,0.994270,0.925096,531291,0.990891,0.844968,41407,0.986325,0.829475,134487
0001053507,AMT,2015,2014,2015-12-31,2016-02-26,2015-02-24,0001053507-16-000018,0001193125-15-059026,0.993757,0.897734,473139,0.994456,0.905676,38664,0.973295,0.830362,109796
0001053507,AMT,2016,2015,2016-12-31,2017-02-27,2016-02-26,0001053507-17-000009,0001053507-16-000018,0.996027,0.937371,471945,0.998196,0.954894,39033,0.985238,0.881295,108168
0001053507,AMT,2017,2016,2017-12-31,2018-02-28,2017-02-27,0001053507-18-000006,0001053507-17-000009,0.998221,0.928263,485519,0.994504,0.899428,39504,0.996537,0.873604,114614
0001053507,AMT,2018,2017,2018-12-31,2019-02-27,2018-02-28,0001053507-19-000012,0001053507-18-000006,0.997911,0.926218,504962,0.997464,0.950833,40163,0.991914,0.871348,123955
0001053507,AMT,2019,2018,2019-12-31,2020-02-25,2019-02-27,0001053507-20-000028,0001053507-19-000012,0.996350,0.903851,516439,0.992894,0.921158,42254,0.991564,0.865968,126293
0001053507,AMT,2020,2019,2020-12-31,2021-02-25,2020-02-25,0001053507-21-000026,0001053507-20-000028,0.994876,0.891310,522804,0.989390,0.911565,48278,0.986558,0.845277,126727
0001053507,AMT,2021,2020,2021-12-31,2022-02-25,2021-02-25,0001053507-22-000017,0001053507-21-000026,0.984214,0.896624,557056,0.959557,0.854222,60277,0.979766,0.901486,130114
0001053507,AMT,2022,2021,2022-12-31,2023-02-23,2022-02-25,0001053507-23-000023,0001053507-22-000017,0.991537,0.911940,529204,0.987646,0.874229,62604,0.978673,0.881017,115608
0001053507,AMT,2023,2022,2023-12-31,2024-02-27,2023-02-23,0001053507-24-000011,0001053507-23-000023,0.996551,0.917539,550724,0.993250,0.881459,63285,0.990082,0.895765,121989
0001053507,AMT,2024,2023,2024-12-31,2025-02-25,2024-02-27,0001053507-25-000025,0001053507-24-000011,0.993953,0.922278,581507,0.994253,0.915484,62900,0.984573,0.880798,135331
0001053507,AMT,2025,2024,2025-12-31,2026-02-24,2025-02-25,0001053507-26-000035,0001053507-25-000025,0.996956,0.908840,550899,0.991584,0.825799,73929,0.991913,0.841042,114300
0001018724,AMZN,2008,2007,2008-12-31,2009-01-30,2008-02-11,0001193125-09-014406,0001193125-08-024707,0.996341,0.883770,256990,0.998645,0.962571,39663,0.997021,0.903943,70139
0001018724,AMZN,2009,2008,2009-12-31,2010-01-29,2009-01-30,0001193125-10-016098,0001193125-09-014406,0.994729,0.882815,228686,0.998364,0.970346,38342,0.987232,0.758744,52433
0001018724,AMZN,2010,2009,2010-12-31,2011-01-28,2010-01-29,0001193125-11-016253,0001193125-10-016098,0.994603,0.894624,220417,0.998725,0.970124,38782,0.990203,0.909248,50240
0001018724,AMZN,2011,2010,2011-12-31,2012-02-01,2011-01-28,0001193125-12-032846,0001193125-11-016253,0.998254,0.868808,241213,0.995679,0.937803,38842,0.996885,0.918777,51787
0001018724,AMZN,2012,2011,2012-12-31,2013-01-30,2012-02-01,0001193125-13-028520,0001193125-12-032846,0.997376,0.872200,251602,0.999422,0.977236,39497,0.996630,0.910513,54073
0001018724,AMZN,2013,2012,2013-12-31,2014-01-31,2013-01-30,0001018724-14-000006,0001193125-13-028520,0.996864,0.862593,254554,0.999027,0.982215,40054,0.998168,0.952880,56654
0001018724,AMZN,2014,2013,2014-12-31,2015-01-30,2014-01-31,0001018724-15-000006,0001018724-14-000006,0.998518,0.915894,272623,0.997362,0.949573,43408,0.995620,0.887903,64065
0001018724,AMZN,2015,2014,2015-12-31,2016-01-29,2015-01-30,0001018724-16-000172,0001018724-15-000006,0.997375,0.908939,267862,0.999350,0.989189,43894,0.994987,0.905976,64910
0001018724,AMZN,2016,2015,2016-12-31,2017-02-10,2016-01-29,0001018724-17-000011,0001018724-16-000172,0.999019,0.924191,268242,0.999225,0.977029,44502,0.994045,0.873344,55449
0001018724,AMZN,2017,2016,2017-12-31,2018-02-02,2017-02-10,0001018724-18-000005,0001018724-17-000011,0.996388,0.902961,281763,0.995781,0.916427,47116,0.988460,0.841167,57849
0001018724,AMZN,2018,2017,2018-12-31,2019-02-01,2018-02-02,0001018724-19-000004,0001018724-18-000005,0.997684,0.915170,264178,0.992717,0.908962,44812,0.994853,0.903752,53389
0001018724,AMZN,2019,2018,2019-12-31,2020-01-31,2019-02-01,0001018724-20-000004,0001018724-19-000004,0.997924,0.904762,267698,0.993130,0.897743,49905,0.993788,0.930412,50174
0001018724,AMZN,2020,2019,2020-12-31,2021-02-03,2020-01-31,0001018724-21-000004,0001018724-20-000004,0.996796,0.882530,254382,0.998911,0.967025,50203,0.988222,0.868595,52939
0001018724,AMZN,2021,2020,2021-12-31,2022-02-04,2021-02-03,0001018724-22-000005,0001018724-21-000004,0.997490,0.905313,253840,0.998433,0.963804,52878,0.994288,0.896639,49824
0001018724,AMZN,2022,2021,2022-12-31,2023-02-03,2022-02-04,0001018724-23-000004,0001018724-22-000005,0.998891,0.914533,268791,0.998888,0.958706,55741,0.995667,0.903979,49439
0001018724,AMZN,2023,2022,2023-12-31,2024-02-02,2023-02-03,0001018724-24-000008,0001018724-23-000004,0.998945,0.933398,283803,0.998439,0.949040,59163,0.997263,0.963458,48139
0001018724,AMZN,2024,2023,2024-12-31,2025-02-07,2024-02-02,0001018724-25-000004,0001018724-24-000008,0.999350,0.954057,280819,0.999698,0.992701,59583,0.998672,0.958259,48733
0001018724,AMZN,2025,2024,2025-12-31,2026-02-06,2025-02-07,0001018724-26-000004,0001018724-25-000004,0.998877,0.941811,283994,0.999077,0.989446,60873,0.990973,0.911917,46519
0001730168,AVGO,2019,2018,2019-11-03,2019-12-20,2018-12-21,0001730168-19-000144,0001730168-18-000084,0.992484,0.856372,509986,0.996413,0.917674,112435,0.968831,0.789905,76089
0001730168,AVGO,2020,2019,2020-11-01,2020-12-18,2019-12-20,0001730168-20-000226,0001730168-19-000144,0.997288,0.875088,477239,0.992244,0.800357,103366,0.985862,0.847661,79902
0001730168,AVGO,2021,2020,2021-10-31,2021-12-17,2020-12-18,0001730168-21-000153,0001730168-20-000226,0.995152,0.914398,419443,0.997595,0.938816,100969,0.987165,0.885550,62187
0001730168,AVGO,2022,2021,2022-10-30,2022-12-16,2021-12-17,0001730168-22-000118,0001730168-21-000153,0.996198,0.925231,393700,0.994373,0.917404,104379,0.964353,0.775266,48802
0001730168,AVGO,2023,2022,2023-10-29,2023-12-14,2022-12-16,0001730168-23-000096,0001730168-22-000118,0.998176,0.933400,383289,0.996497,0.875526,109595,0.995534,0.901976,47671
0001730168,AVGO,2024,2023,2024-11-03,2024-12-20,2023-12-14,0001730168-24-000139,0001730168-23-000096,0.990877,0.880078,382245,0.992979,0.811069,86002,0.986356,0.850980,48317
0001730168,AVGO,2025,2024,2025-11-02,2025-12-18,2024-12-20,0001730168-25-000121,0001730168-24-000139,0.995816,0.885333,364947,0.987844,0.896809,90645,0.986508,0.901899,49569
0000004962,AXP,2008,2007,2008-12-31,2009-02-27,2008-02-28,0001193125-09-041008,0001193125-08-042043,0.988325,0.733488,352157,0.967659,0.680025,59795,,,0
0000004962,AXP,2009,2008,2009-12-31,2010-02-26,2009-02-27,0001193125-10-041232,0001193125-09-041008,0.997663,0.777307,380742,0.982434,0.750277,66523,,,0
0000004962,AXP,2010,2009,2010-12-31,2011-02-28,2010-02-26,0000950123-11-019072,0001193125-10-041232,0.994695,0.774481,453328,0.918005,0.400414,363881,,,0
0000004962,AXP,2011,2010,2011-12-31,2012-02-24,2011-02-28,0001193125-12-077400,0000950123-11-019072,0.997522,0.820577,474929,0.924002,0.473657,92998,,,0
0000004962,AXP,2012,2011,2012-12-31,2013-02-22,2012-02-24,0001193125-13-070554,0001193125-12-077400,0.997316,0.842809,455504,0.990905,0.817280,97901,,,0
0000004962,AXP,2013,2012,2013-12-31,2014-02-25,2013-02-22,0001193125-14-066777,0001193125-13-070554,0.984287,0.842094,446556,0.988927,0.849457,105695,,,0
0000004962,AXP,2014,2013,2014-12-31,2015-02-24,2014-02-25,0001193125-15-059931,0001193125-14-066777,0.997261,0.879451,433196,0.992417,0.853202,103193,,,0
0000004962,AXP,2015,2014,2015-12-31,2016-02-19,2015-02-24,0001193125-16-469798,0001193125-15-059931,0.980146,0.744268,709697,0.989011,0.761836,78617,,,183235
0000004962,AXP,2016,2015,2016-12-31,2017-02-17,2016-02-19,0001193125-17-047588,0001193125-16-469798,0.997231,0.845617,610053,0.995544,0.835908,80618,0.990928,0.843206,165954
0000004962,AXP,2017,2016,2017-12-31,2018-02-16,2017-02-17,0000004962-18-000032,0001193125-17-047588,0.998957,0.915832,606594,0.997368,0.885113,83494,0.994642,0.883583,169183
0000004962,AXP,2018,2017,2018-12-31,2019-02-13,2018-02-16,0000004962-19-000018,0000004962-18-000032,0.991848,0.898758,579343,0.995832,0.865304,84830,0.989533,0.868290,151439
0000004962,AXP,2019,2018,2019-12-31,2020-02-13,2019-02-13,0000004962-20-000030,0000004962-19-000018,0.998542,0.923525,555591,0.996657,0.914316,89412,0.995439,0.886836,143453
0000004962,AXP,2020,2019,2020-12-31,2021-02-12,2020-02-13,0000004962-21-000013,0000004962-20-000030,0.997603,0.876327,575556,0.996028,0.867980,93539,0.992130,0.801266,162413
0000004962,AXP,2021,2020,2021-12-31,2022-02-11,2021-02-12,0000004962-22-000008,0000004962-21-000013,0.999040,0.914102,576630,0.997063,0.883562,94460,0.994061,0.833265,161839
0000004962,AXP,2022,2021,2022-12-31,2023-02-10,2022-02-11,0000004962-23-000006,0000004962-22-000008,0.998165,0.914548,576291,0.996693,0.897461,98105,0.991956,0.864738,160067
0000004962,AXP,2023,2022,2023-12-31,2024-02-09,2023-02-10,0000004962-24-000013,0000004962-23-000006,0.998935,0.918312,610305,0.996994,0.899180,102954,0.996624,0.904283,164536
0000004962,AXP,2024,2023,2024-12-31,2025-02-07,2024-02-09,0000004962-25-000016,0000004962-24-000013,0.999143,0.917038,624140,0.997196,0.877783,104885,0.997330,0.896943,164393
0000004962,AXP,2025,2024,2025-12-31,2026-02-06,2025-02-07,0000004962-26-000080,0000004962-25-000016,0.998799,0.911467,623977,0.993925,0.883645,113132,0.994673,0.832048,159994
0000012927,BA,2008,2007,2008-12-31,2009-02-09,2008-02-15,0001193125-09-022654,0001193125-08-032328,0.997683,0.861566,392502,0.993075,0.912099,28101,0.989434,0.761743,106750
0000012927,BA,2009,2008,2009-12-31,2010-02-08,2009-02-09,0001193125-10-024406,0001193125-09-022654,0.993454,0.802181,387919,0.981685,0.825581,28453,0.987004,0.742991,106825
0000012927,BA,2010,2009,2010-12-31,2011-02-09,2010-02-08,0001193125-11-028490,0001193125-10-024406,0.998322,0.853131,370304,0.980148,0.772890,32905,0.993181,0.757461,99971
0000012927,BA,2011,2010,2011-12-31,2012-02-09,2011-02-09,0001193125-12-048565,0001193125-11-028490,0.998440,0.879022,371170,0.985438,0.785956,33838,0.989052,0.768687,94722
0000012927,BA,2012,2011,2012-12-31,2013-02-11,2012-02-09,0000012927-13-000014,0001193125-12-048565,0.998016,0.877202,364508,0.989988,0.839793,34391,0.992389,0.795068,89804
0000012927,BA,2013,2012,2013-12-31,2014-02-14,2013-02-11,0000012927-14-000004,0000012927-13-000014,0.998434,0.911350,361002,0.996965,0.956124,35252,0.990568,0.809413,88118
0000012927,BA,2014,2013,2014-12-31,2015-02-12,2014-02-14,0000012927-15-000011,0000012927-14-000004,0.998751,0.930636,362577,0.998055,0.962025,36181,0.994222,0.860097,90257
0000012927,BA,2015,2014,2015-12-31,2016-02-10,2015-02-12,0000012927-16-000099,0000012927-15-000011,0.999005,0.948952,361181,0.999725,0.990000,36338,0.993989,0.890819,91168
0000012927,BA,2016,2015,2016-12-31,2017-02-08,2016-02-10,0000012927-17-000006,0000012927-16-000099,0.999058,0.928340,360387,0.998624,0.972949,36137,0.995456,0.903834,92834
0000012927,BA,2017,2016,2017-12-31,2018-02-12,2017-02-08,0000012927-18-000007,0000012927-17-000006,0.995876,0.921680,342360,0.996916,0.966786,36133,0.983405,0.844348,82440
0000012927,BA,2018,2017,2018-12-31,2019-02-08,2018-02-12,0000012927-19-000010,0000012927-18-000007,0.996617,0.925507,362006,0.995887,0.945407,37437,0.987675,0.885410,87593
0000012927,BA,2019,2018,2019-12-31,2020-01-31,2019-02-08,0000012927-20-000014,0000012927-19-000010,0.993113,0.900029,387517,0.966829,0.881369,44244,0.978861,0.848005,94128
0000012927,BA,2020,2019,2020-12-31,2021-02-01,2020-01-31,0000012927-21-000011,0000012927-20-000014,0.991960,0.843816,457785,0.981312,0.847212,55866,0.975323,0.734151,122585
0000012927,BA,2021,2020,2021-12-31,2022-01-31,2021-02-01,0000012927-22-000010,0000012927-21-000011,0.998071,0.912271,430407,0.994812,0.898541,59442,0.992503,0.848629,113335
0000012927,BA,2022,2021,2022-12-31,2023-01-27,2022-01-31,0000012927-23-000007,0000012927-22-000010,0.995716,0.873176,386153,0.981144,0.808609,48423,0.987098,0.809446,98312
0000012927,BA,2023,2022,2023-12-31,2024-01-31,2023-01-27,0000012927-24-000010,0000012927-23-000007,0.997661,0.894435,379473,0.993149,0.864525,49001,0.990875,0.821242,87052
0000012927,BA,2024,2023,2024-12-31,2025-02-03,2024-01-31,0000012927-25-000015,0000012927-24-000010,0.997239,0.875465,413698,0.978480,0.843215,58333,0.989844,0.820482,89972
0000012927,BA,2025,2024,2025-12-31,2026-01-30,2025-02-03,0001628280-26-004357,0000012927-25-000015,0.998017,0.899363,418338,0.992253,0.870968,57332,0.991691,0.837055,90018
0000070858,BAC,2008,2007,2008-12-31,2009-02-27,2008-02-28,0001193125-09-041126,0001193125-08-041665,0.991915,0.788240,1082907,0.952954,0.597510,42449,,,0
0000070858,BAC,2009,2008,2009-12-31,2010-02-26,2009-02-27,0001193125-10-041666,0001193125-09-041126,0.994140,0.768989,1227217,0.976778,0.674142,53364,,,0
0000070858,BAC,2010,2009,2010-12-31,2011-02-25,2010-02-26,0000950123-11-018743,0001193125-10-041666,0.993193,0.757236,1412732,0.951746,0.553977,105714,,,0
0000070858,BAC,2011,2010,2011-12-31,2012-02-23,2011-02-25,0000070858-12-000155,0000950123-11-018743,0.996903,0.817179,1480931,0.976263,0.660370,123353,,,0
0000070858,BAC,2012,2011,2012-12-31,2013-02-28,2012-02-23,0000070858-13-000097,0000070858-12-000155,0.997288,0.874444,1455559,0.990398,0.824546,116140,,,0
0000070858,BAC,2013,2012,2013-12-31,2014-02-25,2013-02-28,0000070858-14-000012,0000070858-13-000097,0.998092,0.879962,1409051,0.989971,0.775369,104980,,,0
0000070858,BAC,2014,2013,2014-12-31,2015-02-25,2014-02-25,0000070858-15-000008,0000070858-14-000012,0.998733,0.875284,1295341,0.988352,0.779724,94066,,,0
0000070858,BAC,2015,2014,2015-12-31,2016-02-24,2015-02-25,0000070858-16-000137,0000070858-15-000008,0.998558,0.864849,1195617,0.985753,0.759981,89514,,,0
0000070858,BAC,2016,2015,2016-12-31,2017-02-23,2016-02-24,0000070858-17-000013,0000070858-16-000137,0.998675,0.878284,1061024,0.993258,0.827657,84568,,,0
0000070858,BAC,2017,2016,2017-12-31,2018-02-22,2017-02-23,0000070858-18-000009,0000070858-17-000013,0.999095,0.891768,981054,0.996959,0.890526,87428,,,0
0000070858,BAC,2018,2017,2018-12-31,2019-02-26,2018-02-22,0000070858-19-000012,0000070858-18-000009,0.998958,0.898613,917160,0.996063,0.874379,98552,,,476274
0000070858,BAC,2019,2018,2019-12-31,2020-02-19,2019-02-26,0000070858-20-000011,0000070858-19-000012,0.997925,0.921872,881556,0.987370,0.853886,109990,0.995362,0.908722,457201
0000070858,BAC,2020,2019,2020-12-31,2021-02-24,2020-02-19,0000070858-21-000023,0000070858-20-000011,0.997495,0.884097,937248,0.992422,0.830531,115439,0.995085,0.858770,504311
0000070858,BAC,2021,2020,2021-12-31,2022-02-22,2021-02-24,0000070858-22-000062,0000070858-21-000023,0.998755,0.888844,905411,0.995929,0.871460,128237,0.996401,0.869608,469144
0000070858,BAC,2022,2021,2022-12-31,2023-02-22,2022-02-22,0000070858-23-000092,0000070858-22-000062,0.999396,0.917093,887414,0.994909,0.838805,115537,0.998674,0.903803,458445
0000070858,BAC,2023,2022,2023-12-31,2024-02-20,2023-02-22,0000070858-24-000122,0000070858-23-000092,0.999210,0.919086,895921,0.996150,0.893879,116487,0.997677,0.896430,459264
0000070858,BAC,2024,2023,2024-12-31,2025-02-25,2024-02-20,0000070858-25-000139,0000070858-24-000122,0.999302,0.921483,878906,0.990643,0.897941,117048,0.998078,0.909836,447632
0000070858,BAC,2025,2024,2025-12-31,2026-02-25,2025-02-25,0000070858-26-000157,0000070858-25-000139,0.999480,0.938118,880947,0.997376,0.904165,116990,0.999155,0.935374,449873
0001075531,BKNG,2008,2007,2008-12-31,2009-02-20,2008-03-03,0001104659-09-011154,0001104659-08-014464,0.997106,0.869186,491517,0.971012,0.641517,129395,0.986586,0.733645,88221
0001075531,BKNG,2009,2008,2009-12-31,2010-02-19,2009-02-20,0001104659-10-008002,0001104659-09-011154,0.994332,0.868227,586864,0.970223,0.666532,75143,0.986404,0.725327,101997
0001075531,BKNG,2010,2009,2010-12-31,2011-02-25,2010-02-19,0001104659-11-010302,0001104659-10-008002,0.971689,0.839460,470409,0.976968,0.825915,85344,0.982919,0.713807,91292
0001075531,BKNG,2011,2010,2011-12-31,2012-02-27,2011-02-25,0001075531-12-000005,0001104659-11-010302,0.992349,0.826008,449752,0.959091,0.773558,70311,0.989066,0.757475,100802
0001075531,BKNG,2012,2011,2012-12-31,2013-02-27,2012-02-27,0001075531-13-000011,0001075531-12-000005,0.991822,0.852933,480514,0.974054,0.768054,82197,0.990850,0.822501,104901
0001075531,BKNG,2013,2012,2013-12-31,2014-02-20,2013-02-27,0001075531-14-000007,0001075531-13-000011,0.979249,0.854818,506830,0.947438,0.814560,94669,0.974390,0.789198,110552
0001075531,BKNG,2014,2013,2014-12-31,2015-02-19,2014-02-20,0001075531-15-000007,0001075531-14-000007,0.986344,0.865726,508408,0.988564,0.861026,107079,0.981464,0.775942,121276
0001075531,BKNG,2015,2014,2015-12-31,2016-02-17,2015-02-19,0001075531-16-000084,0001075531-15-000007,0.993111,0.850285,511555,0.988878,0.841160,115725,0.991282,0.799298,125963
0001075531,BKNG,2016,2015,2016-12-31,2017-02-27,2016-02-17,0001075531-17-000009,0001075531-16-000084,0.996430,0.878701,479947,0.993099,0.862635,117366,0.990529,0.722555,106753
0001075531,BKNG,2017,2016,2017-12-31,2018-02-27,2017-02-27,0001075531-18-000015,0001075531-17-000009,0.996354,0.877234,511013,0.993645,0.852594,124113,0.991460,0.802972,110366
0001075531,BKNG,2018,2017,2018-12-31,2019-02-27,2018-02-27,0001075531-19-000009,0001075531-18-000015,0.995676,0.876141,491973,0.990342,0.868885,128841,0.987257,0.838692,106816
0001075531,BKNG,2019,2018,2019-12-31,2020-02-26,2019-02-27,0001075531-20-000011,0001075531-19-000009,0.993618,0.874838,450113,0.991236,0.858404,137810,0.978785,0.789957,82632
0001075531,BKNG,2020,2019,2020-12-31,2021-02-24,2020-02-26,0001075531-21-000019,0001075531-20-000011,0.984029,0.848857,572194,0.981326,0.857874,162091,0.951536,0.722736,125807
0001075531,BKNG,2021,2020,2021-12-31,2022-02-23,2021-02-24,0001075531-22-000008,0001075531-21-000019,0.997259,0.839394,514859,0.990746,0.769069,139120,0.989699,0.748399,96635
0001075531,BKNG,2022,2021,2022-12-31,2023-02-23,2022-02-23,0001075531-23-000016,0001075531-22-000008,0.997505,0.873713,475613,0.995450,0.861623,132726,0.980320,0.738478,81269
0001075531,BKNG,2023,2022,2023-12-31,2024-02-22,2023-02-23,0001075531-24-000014,0001075531-23-000016,0.995922,0.868927,429630,0.992885,0.818444,104446,0.977531,0.824716,83573
0001075531,BKNG,2024,2023,2024-12-31,2025-02-20,2024-02-22,0001075531-25-000010,0001075531-24-000014,0.997760,0.873337,379396,0.991318,0.862989,95612,0.989078,0.801213,59890
0001075531,BKNG,2025,2024,2025-12-31,2026-02-18,2025-02-20,0001075531-26-000009,0001075531-25-000010,0.998085,0.886020,358180,0.993669,0.835322,86102,0.988947,0.764372,52091
0002012383,BLK,2008,2007,2008-12-31,2009-03-02,2008-02-28,0001193125-09-041298,0001193125-08-041884,0.996486,0.818402,497967,0.982335,0.777656,27915,0.971128,0.530959,232006
0002012383,BLK,2009,2008,2009-12-31,2010-03-10,2009-03-02,0001193125-10-052764,0001193125-09-041298,0.984786,0.785415,609668,0.987395,0.861789,33052,0.971630,0.578803,168173
0002012383,BLK,2010,2009,2010-12-31,2011-02-28,2010-03-10,0001193125-11-050218,0001193125-10-052764,0.996684,0.832379,650263,0.995506,0.862581,35119,0.991352,0.781120,208520
0002012383,BLK,2011,2010,2011-12-31,2012-02-28,2011-02-28,0001193125-12-085869,0001193125-11-050218,0.997154,0.851093,588911,0.994619,0.869912,35673,0.989614,0.826693,179960
0002012383,BLK,2012,2011,2012-12-31,2013-03-01,2012-02-28,0001193125-13-084957,0001193125-12-085869,0.994860,0.866630,559816,0.983832,0.795576,49119,0.980698,0.832164,154640
0002012383,BLK,2013,2012,2013-12-31,2014-02-28,2013-03-01,0001193125-14-076587,0001193125-13-084957,0.996026,0.876337,535624,0.990277,0.803071,55416,0.985826,0.845910,140872
0002012383,BLK,2014,2013,2014-12-31,2015-02-27,2014-02-28,0001193125-15-069955,0001193125-14-076587,0.997794,0.875585,504868,0.969750,0.666873,46879,0.993740,0.868239,127918
0002012383,BLK,2015,2014,2015-12-31,2016-02-26,2015-02-27,0001564590-16-013511,0001193125-15-069955,0.996508,0.851218,512440,0.992770,0.760658,61883,0.989256,0.889710,121382
0002012383,BLK,2016,2015,2016-12-31,2017-02-28,2016-02-26,0001564590-17-002816,0001564590-16-013511,0.998582,0.906681,503467,0.994346,0.786511,64851,0.995497,0.911504,119514
0002012383,BLK,2017,2016,2017-12-31,2018-02-28,2017-02-28,0001564590-18-003744,0001564590-17-002816,0.997782,0.898296,505702,0.997614,0.848909,71011,0.993307,0.875536,120732
0002012383,BLK,2018,2017,2018-12-31,2019-02-28,2018-02-28,0001564590-19-005479,0001564590-18-003744,0.997881,0.910121,530714,0.997972,0.869941,75473,0.993247,0.829340,123104
0002012383,BLK,2019,2018,2019-12-31,2020-02-28,2019-02-28,0001564590-20-007807,0001564590-19-005479,0.997476,0.908616,520025,0.998096,0.863328,80525,0.989482,0.884254,114317
0002012383,BLK,2020,2019,2020-12-31,2021-02-25,2020-02-28,0001564590-21-008796,0001564590-20-007807,0.998097,0.870032,524339,0.992576,0.792854,88159,0.993109,0.890795,122102
0002012383,BLK,2021,2020,2021-12-31,2022-02-25,2021-02-25,0001564590-22-007117,0001564590-21-008796,0.996049,0.895701,527750,0.996520,0.833022,99124,0.982223,0.804560,112118
0002012383,BLK,2022,2021,2022-12-31,2023-02-24,2022-02-25,0000950170-23-004343,0001564590-22-007117,0.999122,0.905212,528798,0.997877,0.855411,103703,0.994580,0.872706,111827
0002012383,BLK,2023,2022,2023-12-31,2024-02-23,2023-02-24,0000950170-24-019271,0000950170-23-004343,0.998619,0.887521,550579,0.997349,0.847673,106944,0.993021,0.853444,117854
0002012383,BLK,2024,2023,2024-12-31,2025-02-25,2024-02-23,0000950170-25-026584,0000950170-24-019271,0.995259,0.910244,606534,0.998735,0.908093,107734,0.982141,0.825954,140710
0002012383,BLK,2025,2024,2025-12-31,2026-02-25,2025-02-25,0001193125-26-071966,0000950170-25-026584,0.993644,0.914099,631542,0.997133,0.875056,110264,0.988386,0.868927,146922
0000014272,BMY,2008,2007,2008-12-31,2009-02-20,2008-02-22,0001193125-09-033538,0001193125-08-035566,0.996055,0.838967,580153,0.932134,0.693267,16065,0.963215,0.732113,9388
0000014272,BMY,2009,2008,2009-12-31,2010-02-19,2009-02-20,0001193125-10-035167,0001193125-09-033538,0.978642,0.781250,554375,0.903584,0.643478,22354,0.868462,0.671733,12237
0000014272,BMY,2010,2009,2010-12-31,2011-02-18,2010-02-19,0001193125-11-040120,0001193125-10-035167,0.996525,0.843212,581468,0.967093,0.768257,27741,0.900358,0.609726,15309
0000014272,BMY,2011,2010,2011-12-31,2012-02-17,2011-02-18,0001193125-12-066416,0001193125-11-040120,0.993936,0.844055,488577,0.978729,0.845043,25984,0.929518,0.647815,11211
0000014272,BMY,2012,2011,2012-12-31,2013-02-15,2012-02-17,0001193125-13-061678,0001193125-12-066416,0.992855,0.851249,502789,0.965514,0.730000,24374,0.927217,0.666156,8742
0000014272,BMY,2013,2012,2013-12-31,2014-02-14,2013-02-15,0000014272-14-000054,0001193125-13-061678,0.994649,0.866591,499579,0.965073,0.829108,26052,0.711248,0.224439,9401
0000014272,BMY,2014,2013,2014-12-31,2015-02-13,2014-02-14,0000014272-15-000055,0000014272-14-000054,0.992129,0.859605,469301,0.982139,0.834986,27015,0.515070,0.146437,30578
0000014272,BMY,2015,2014,2015-12-31,2016-02-12,2015-02-13,0000014272-16-000288,0000014272-15-000055,0.990751,0.852283,473452,0.993498,0.933830,26925,0.772294,0.378356,18176
0000014272,BMY,2016,2015,2016-12-31,2017-02-21,2016-02-12,0000014272-17-000047,0000014272-16-000288,0.993934,0.838479,433214,0.975284,0.824034,29734,0.830155,0.481122,15682
0000014272,BMY,2017,2016,2017-12-31,2018-02-13,2017-02-21,0000014272-18-000055,0000014272-17-000047,0.994386,0.866351,436087,0.991998,0.885477,34183,0.858022,0.528809,10732
0000014272,BMY,2018,2017,2018-12-31,2019-02-25,2018-02-13,0000014272-19-000047,0000014272-18-000055,0.992169,0.859649,455267,0.841267,0.763477,48063,0.778452,0.295222,2886
0000014272,BMY,2019,2018,2019-12-31,2020-02-24,2019-02-25,0000014272-20-000082,0000014272-19-000047,0.987827,0.793273,520366,0.903564,0.704481,53863,0.614565,0.117580,16357
0000014272,BMY,2020,2019,2020-12-31,2021-02-10,2020-02-24,0000014272-21-000066,0000014272-20-000082,0.993192,0.833917,565664,0.973526,0.801078,67733,0.767997,0.253287,24937
0000014272,BMY,2021,2020,2021-12-31,2022-02-09,2021-02-10,0000014272-22-000051,0000014272-21-000066,0.996160,0.858370,561868,0.994266,0.838481,71343,0.904437,0.495994,24521
0000014272,BMY,2022,2021,2022-12-31,2023-02-14,2022-02-09,0000014272-23-000046,0000014272-22-000051,0.993547,0.839901,517905,0.984751,0.799274,57093,0.890423,0.518892,17857
0000014272,BMY,2023,2022,2023-12-31,2024-02-13,2023-02-14,0000014272-24-000044,0000014272-23-000046,0.996272,0.846006,546829,0.993985,0.874299,64471,0.699953,0.217143,3767
0000014272,BMY,2024,2023,2024-12-31,2025-02-12,2024-02-13,0000014272-25-000039,0000014272-24-000044,0.993850,0.839251,529370,0.996092,0.905978,68228,0.744209,0.472669,2726
0000014272,BMY,2025,2024,2025-12-31,2026-02-11,2025-02-12,0000014272-26-000004,0000014272-25-000039,0.996257,0.890869,527948,0.997298,0.931294,72143,0.727373,0.434211,3353
0001390777,BNY,2008,2007,2008-12-31,2009-02-27,2008-02-28,0001193125-09-041050,0001193125-08-041952,0.986667,0.809242,221592,0.979644,0.756852,50969,,,0
0001390777,BNY,2009,2008,2009-12-31,2010-02-26,2009-02-27,0001193125-10-042948,0001193125-09-041050,0.952253,0.789180,213634,0.984380,0.809171,51496,,,0
0001390777,BNY,2010,2009,2010-12-31,2011-02-28,2010-02-26,0001193125-11-049932,0001193125-10-042948,0.991576,0.807286,192749,0.989414,0.844567,50294,,,0
0001390777,BNY,2011,2010,2011-12-31,2012-02-28,2011-02-28,0001193125-12-085349,0001193125-11-049932,0.989412,0.796503,225264,0.984320,0.733333,73814,,,0
0001390777,BNY,2012,2011,2012-12-31,2013-02-28,2012-02-28,0001193125-13-084562,0001193125-12-085349,0.947103,0.456397,87163,,,0,,,0
0001390777,BNY,2013,2012,2013-12-31,2014-02-28,2013-02-28,0001445305-14-000745,0001193125-13-084562,0.997968,0.932277,83284,,,0,,,0
0001390777,BNY,2014,2013,2014-12-31,2015-02-27,2014-02-28,0001628280-15-001194,0001445305-14-000745,0.986723,0.830639,76250,,,0,,,0
0001390777,BNY,2015,2014,2015-12-31,2016-02-26,2015-02-27,0001390777-16-000204,0001628280-15-001194,0.995743,0.912072,76205,,,0,,,0
0001390777,BNY,2016,2015,2016-12-31,2017-02-28,2016-02-26,0001390777-17-000065,0001390777-16-000204,0.998784,0.935994,73289,,,0,,,0
0001390777,BNY,2017,2016,2017-12-31,2018-02-28,2017-02-28,0001390777-18-000069,0001390777-17-000065,0.993194,0.889706,73968,,,0,,,0
0001390777,BNY,2018,2017,2018-12-31,2019-02-27,2018-02-28,0001390777-19-000050,0001390777-18-000069,0.997482,0.900293,71782,,,0,,,0
0001390777,BNY,2019,2018,2019-12-31,2020-02-27,2019-02-27,0001390777-20-000044,0001390777-19-000050,0.995829,0.830533,67185,,,0,,,0
0001390777,BNY,2020,2019,2020-12-31,2021-02-25,2020-02-27,0001390777-21-000037,0001390777-20-000044,0.995001,0.899694,67519,,,0,,,0
0001390777,BNY,2021,2020,2021-12-31,2022-02-25,2021-02-25,0001390777-22-000043,0001390777-21-000037,0.997161,0.919815,63155,,,0,,,0
0001390777,BNY,2022,2021,2022-12-31,2023-02-27,2022-02-25,0001390777-23-000033,0001390777-22-000043,0.993586,0.833922,67607,,,0,,,0
0001390777,BNY,2023,2022,2023-12-31,2024-02-28,2023-02-27,0001390777-24-000051,0001390777-23-000033,0.992677,0.900138,62262,,,0,,,0
0001390777,BNY,2024,2023,2024-12-31,2025-02-27,2024-02-28,0001390777-25-000046,0001390777-24-000051,0.986752,0.920447,62006,,,0,,,0
0001390777,BNY,2025,2024,2025-12-31,2026-02-25,2025-02-27,0001390777-26-000033,0001390777-25-000046,0.994689,0.915172,64116,,,0,,,0
0001067983,BRK-B,2008,2007,2008-12-31,2009-03-02,2008-02-29,0001193125-09-042055,0000950134-08-003848,0.996937,0.873737,409004,0.982959,0.801653,11340,0.993488,0.802548,119847
0001067983,BRK-B,2009,2008,2009-12-31,2010-03-01,2009-03-02,0001193125-10-043450,0001193125-09-042055,0.977457,0.854842,423746,0.657538,0.745614,13523,0.958342,0.824929,128132
0001067983,BRK-B,2010,2009,2010-12-31,2011-02-28,2010-03-01,0001193125-11-048914,0001193125-10-043450,0.996944,0.876735,428091,0.994615,0.926756,13912,0.995306,0.837813,137406
0001067983,BRK-B,2011,2010,2011-12-31,2012-02-27,2011-02-28,0001193125-12-079022,0001193125-11-048914,0.995337,0.875435,429935,0.974497,0.848404,16570,0.995362,0.839238,144630
0001067983,BRK-B,2012,2011,2012-12-31,2013-03-01,2012-02-27,0001193125-13-087679,0001193125-12-079022,0.998257,0.896432,442279,0.974962,0.888312,16259,0.995503,0.861688,147625
0001067983,BRK-B,2013,2012,2013-12-31,2014-03-03,2013-03-01,0001193125-14-078778,0001193125-13-087679,0.997788,0.920093,452963,0.998314,0.984765,15992,0.995340,0.868526,151723
0001067983,BRK-B,2014,2013,2014-12-31,2015-03-02,2014-03-03,0001193125-15-070966,0001193125-14-078778,0.989601,0.904502,455385,0.985540,0.890166,18416,0.988251,0.843889,146309
0001067983,BRK-B,2015,2014,2015-12-31,2016-02-29,2015-03-02,0001193125-16-483023,0001193125-15-070966,0.996945,0.891495,467214,0.993384,0.953105,18545,0.994430,0.833408,144812
0001067983,BRK-B,2016,2015,2016-12-31,2017-02-27,2016-02-29,0001193125-17-056969,0001193125-16-483023,0.996194,0.894964,460166,0.997210,0.970849,18652,0.990601,0.795434,131016
0001067983,BRK-B,2017,2016,2017-12-31,2018-02-26,2017-02-27,0001193125-18-057033,0001193125-17-056969,0.997401,0.898668,452395,0.990623,0.897404,17844,0.989689,0.781311,129208
0001067983,BRK-B,2018,2017,2018-12-31,2019-02-25,2018-02-26,0001193125-19-048926,0001193125-18-057033,0.997951,0.906838,463976,0.975882,0.868227,17692,0.992259,0.843994,131913
0001067983,BRK-B,2019,2018,2019-12-31,2020-02-24,2019-02-25,0001564590-20-005874,0001193125-19-048926,0.997839,0.892497,469724,0.991508,0.922306,17818,0.994082,0.809476,132691
0001067983,BRK-B,2020,2019,2020-12-31,2021-03-01,2020-02-24,0001564590-21-009611,0001564590-20-005874,0.997492,0.913358,480975,0.995067,0.947037,18200,0.988495,0.820513,138463
0001067983,BRK-B,2021,2020,2021-12-31,2022-02-28,2021-03-01,0001564590-22-007322,0001564590-21-009611,0.998986,0.921530,480969,0.994846,0.934699,17613,0.995555,0.832255,140295
0001067983,BRK-B,2022,2021,2022-12-31,2023-02-27,2022-02-28,0000950170-23-004451,0001564590-22-007322,0.997079,0.909918,488575,0.989540,0.903750,19285,0.992985,0.830474,138568
0001067983,BRK-B,2023,2022,2023-12-31,2024-02-26,2023-02-27,0000950170-24-019719,0000950170-23-004451,0.995463,0.897387,503912,0.997772,0.972603,19868,0.989958,0.838643,131849
0001067983,BRK-B,2024,2023,2024-12-31,2025-02-24,2024-02-26,0000950170-25-025210,0000950170-24-019719,0.996022,0.920245,495268,0.996153,0.966993,21016,0.987936,0.800938,123121
0001067983,BRK-B,2025,2024,2025-12-31,2026-03-02,2025-02-24,0001193125-26-083899,0000950170-25-025210,0.995991,0.914166,492942,0.987706,0.903780,21829,0.990215,0.839452,119918
0000831001,C,2008,2007,2008-12-31,2009-02-27,2008-02-22,0001193125-09-041237,0001193125-08-036445,0.996281,0.777333,1084431,,,0,,,0
0000831001,C,2009,2008,2009-12-31,2010-02-26,2009-02-27,0001206774-10-000406,0001193125-09-041237,0.983487,0.778781,1091274,,,0,,,0
0000831001,C,2010,2009,2010-12-31,2011-02-25,2010-02-26,0001206774-11-000316,0001206774-10-000406,0.995710,0.800331,1144497,,,0,,,0
0000831001,C,2011,2010,2011-12-31,2012-02-24,2011-02-25,0001206774-12-000799,0001206774-11-000316,0.987848,0.826324,1187585,,,0,,,0
0000831001,C,2012,2011,2012-12-31,2013-03-01,2012-02-24,0001206774-13-000852,0001206774-12-000799,0.996367,0.810136,1238128,,,0,,,0
0000831001,C,2013,2012,2013-12-31,2014-03-03,2013-03-01,0001104659-14-015152,0001206774-13-000852,0.998681,0.848029,1284744,,,0,,,0
0000831001,C,2014,2013,2014-12-31,2015-02-25,2014-03-03,0000831001-15-000043,0001104659-14-015152,0.998029,0.839407,1183106,,,0,,,0
0000831001,C,2015,2014,2015-12-31,2016-02-26,2015-02-25,0000831001-16-000235,0000831001-15-000043,0.998890,0.860114,1163074,,,0,,,0
0000831001,C,2016,2015,2016-12-31,2017-02-24,2016-02-26,0000831001-17-000038,0000831001-16-000235,0.999159,0.873565,1136295,,,0,,,0
0000831001,C,2017,2016,2017-12-31,2018-02-23,2017-02-24,0000831001-18-000040,0000831001-17-000038,0.998294,0.896979,1110900,,,0,,,0
0000831001,C,2018,2017,2018-12-31,2019-02-22,2018-02-23,0000831001-19-000027,0000831001-18-000040,0.998827,0.876402,1074678,,,0,,,0
0000831001,C,2019,2018,2019-12-31,2020-02-21,2019-02-22,0000831001-20-000031,0000831001-19-000027,0.999171,0.899862,1068617,,,0,,,0
0000831001,C,2020,2019,2020-12-31,2021-02-26,2020-02-21,0000831001-21-000042,0000831001-20-000031,0.995264,0.862243,1188695,,,0,,,0
0000831001,C,2021,2020,2021-12-31,2022-02-28,2021-02-26,0000831001-22-000036,0000831001-21-000042,0.998826,0.853533,1206390,,,0,,,0
0000831001,C,2022,2021,2022-12-31,2023-02-27,2022-02-28,0000831001-23-000037,0000831001-22-000036,0.996557,0.864502,1228411,,,0,,,0
0000831001,C,2023,2022,2023-12-31,2024-02-23,2023-02-27,0000831001-24-000033,0000831001-23-000037,0.997620,0.886311,1242137,,,0,,,0
0000831001,C,2024,2023,2024-12-31,2025-02-21,2024-02-23,0000831001-25-000067,0000831001-24-000033,0.999127,0.905650,1245366,,,0,,,0
0000831001,C,2025,2024,2025-12-31,2026-02-20,2025-02-21,0000831001-26-000011,0000831001-25-000067,0.998711,0.879671,1164364,,,0,,,0
0000018230,CAT,2008,2007,2008-12-31,2009-02-20,2008-02-22,0000018230-09-000063,0000018230-08-000052,0.991930,0.769505,128738,0.932689,0.655469,37542,,,0
0000018230,CAT,2009,2008,2009-12-31,2010-02-19,2009-02-20,0000018230-10-000092,0000018230-09-000063,0.985465,0.802350,123634,0.984714,0.783333,42687,,,0
0000018230,CAT,2010,2009,2010-12-31,2011-02-22,2010-02-19,0001104659-11-008938,0000018230-10-000092,0.990475,0.805858,134390,0.981653,0.775382,50033,,,0
0000018230,CAT,2011,2010,2011-12-31,2012-02-21,2011-02-22,0001104659-12-011331,0001104659-11-008938,0.993357,0.798146,137150,0.994479,0.885735,50632,,,0
0000018230,CAT,2012,2011,2012-12-31,2013-02-19,2012-02-21,0000018230-13-000075,0001104659-12-011331,0.995754,0.894342,139544,0.993251,0.893183,51018,,,0
0000018230,CAT,2013,2012,2013-12-31,2014-02-18,2013-02-19,0000018230-14-000058,0000018230-13-000075,0.997739,0.904371,142994,0.997068,0.907703,53950,,,0
0000018230,CAT,2014,2013,2014-12-31,2015-02-17,2014-02-18,0000018230-15-000061,0000018230-14-000058,0.997960,0.911798,147921,0.997125,0.910468,54077,,,0
0000018230,CAT,2015,2014,2015-12-31,2016-02-16,2015-02-17,0000018230-16-000410,0000018230-15-000061,0.932370,0.681447,513820,0.998454,0.957797,52656,,,164849
0000018230,CAT,2016,2015,2016-12-31,2017-02-15,2016-02-16,0000018230-17-000041,0000018230-16-000410,0.996738,0.916821,535379,0.995940,0.920601,50153,0.991088,0.850123,168568
0000018230,CAT,2017,2016,2017-12-31,2018-02-15,2017-02-15,0000018230-18-000042,0000018230-17-000041,0.998452,0.924914,525422,0.999282,0.964784,50681,0.958703,0.549924,97079
0000018230,CAT,2018,2017,2018-12-31,2019-02-14,2018-02-15,0000018230-19-000034,0000018230-18-000042,0.998274,0.922505,520266,0.997447,0.943125,49946,0.983949,0.831373,91718
0000018230,CAT,2019,2018,2019-12-31,2020-02-19,2019-02-14,0000018230-20-000056,0000018230-19-000034,0.997467,0.931191,492748,0.998650,0.958303,51103,0.886945,0.283682,13898
0000018230,CAT,2020,2019,2020-12-31,2021-02-17,2020-02-19,0000018230-21-000063,0000018230-20-000056,0.996137,0.895546,465384,0.995204,0.937802,54399,0.905203,0.618785,40107
0000018230,CAT,2021,2020,2021-12-31,2022-02-16,2021-02-17,0000018230-22-000050,0000018230-21-000063,0.998644,0.945910,449306,0.996090,0.934437,57281,0.956277,0.680261,39764
0000018230,CAT,2022,2021,2022-12-31,2023-02-15,2022-02-16,0000018230-23-000011,0000018230-22-000050,0.998423,0.929943,435750,0.997631,0.922733,57356,0.929904,0.625344,29570
0000018230,CAT,2023,2022,2023-12-31,2024-02-16,2023-02-15,0000018230-24-000009,0000018230-23-000011,0.998943,0.922185,430796,0.995549,0.934555,53870,0.962975,0.692517,28596
0000018230,CAT,2024,2023,2024-12-31,2025-02-14,2024-02-16,0000018230-25-000008,0000018230-24-000009,0.999500,0.951405,434582,0.999717,0.984039,53649,0.969727,0.745814,27752
0000018230,CAT,2025,2024,2025-12-31,2026-02-13,2025-02-14,0000018230-26-000008,0000018230-25-000008,0.995988,0.954032,435176,0.999999,1.000000,53635,0.964235,0.716440,28035
0000021665,CL,2008,2007,2008-12-31,2009-02-27,2008-02-28,0001193125-09-041029,0001193125-08-041526,0.997567,0.851549,247270,0.966331,0.715458,15714,0.991749,0.776819,71885
0000021665,CL,2009,2008,2009-12-31,2010-02-25,2009-02-27,0001140361-10-008522,0001193125-09-041029,0.996181,0.855707,245973,0.987913,0.901269,15805,0.988738,0.745235,64539
0000021665,CL,2010,2009,2010-12-31,2011-02-24,2010-02-25,0001140361-11-011883,0001140361-10-008522,0.996302,0.869392,237218,0.985605,0.845144,17684,0.983841,0.769443,54512
0000021665,CL,2011,2010,2011-12-31,2012-02-23,2011-02-24,0001445305-12-000409,0001140361-11-011883,0.994044,0.896552,262367,0.992479,0.909669,18474,0.964591,0.767359,66945
0000021665,CL,2012,2011,2012-12-31,2013-02-21,2012-02-23,0001445305-13-000275,0001445305-12-000409,0.996971,0.920279,296597,0.986474,0.817980,22330,0.987860,0.831105,88495
0000021665,CL,2013,2012,2013-12-31,2014-02-20,2013-02-21,0001545547-14-000003,0001445305-13-000275,0.996228,0.908224,321554,0.981096,0.917021,24892,0.988077,0.855663,103016
0000021665,CL,2014,2013,2014-12-31,2015-02-19,2014-02-20,0001628280-15-000846,0001545547-14-000003,0.996639,0.908776,327729,0.991298,0.853246,31105,0.990836,0.883957,105243
0000021665,CL,2015,2014,2015-12-31,2016-02-18,2015-02-19,0001628280-16-011343,0001628280-15-000846,0.996520,0.907248,349911,0.990872,0.864695,31227,0.990606,0.874846,118353
0000021665,CL,2016,2015,2016-12-31,2017-02-23,2016-02-18,0000021665-17-000002,0001628280-16-011343,0.997839,0.915479,357357,0.995917,0.941989,32245,0.993655,0.849615,120645
0000021665,CL,2017,2016,2017-12-31,2018-02-15,2017-02-23,0000021665-18-000003,0000021665-17-000002,0.995945,0.917804,367679,0.995008,0.903678,33970,0.990231,0.887522,131064
0000021665,CL,2018,2017,2018-12-31,2019-02-21,2018-02-15,0000021665-19-000003,0000021665-18-000003,0.995759,0.902089,357151,0.987398,0.826087,40167,0.991471,0.871722,124069
0000021665,CL,2019,2018,2019-12-31,2020-02-21,2019-02-21,0000021665-20-000004,0000021665-19-000003,0.996037,0.901797,359619,0.993424,0.908373,40270,0.987079,0.817933,112162
0000021665,CL,2020,2019,2020-12-31,2021-02-18,2020-02-21,0000021665-21-000007,0000021665-20-000004,0.992168,0.857963,363273,0.992065,0.905518,48344,0.984534,0.767503,104618
0000021665,CL,2021,2020,2021-12-31,2022-02-17,2021-02-18,0000021665-22-000003,0000021665-21-000007,0.995507,0.894627,334996,0.995847,0.906054,54637,0.994271,0.836656,97343
0000021665,CL,2022,2021,2022-12-31,2023-02-16,2022-02-17,0000021665-23-000007,0000021665-22-000003,0.998206,0.907011,343094,0.995658,0.904319,58873,0.992744,0.826257,100927
0000021665,CL,2023,2022,2023-12-31,2024-02-15,2023-02-16,0000021665-24-000003,0000021665-23-000007,0.997661,0.878910,350759,0.991576,0.911317,58446,0.993211,0.863277,98975
0000021665,CL,2024,2023,2024-12-31,2025-02-13,2024-02-15,0000021665-25-000008,0000021665-24-000003,0.998187,0.899220,341652,0.995084,0.932622,57778,0.994680,0.876853,96251
0000021665,CL,2025,2024,2025-12-31,2026-02-23,2025-02-13,0000021665-26-000006,0000021665-25-000008,0.997343,0.899499,339502,0.992927,0.870253,59768,0.989685,0.805743,92339
0001166691,CMCSA,2008,2007,2008-12-31,2009-02-20,2008-02-20,0001193125-09-033975,0001193125-08-034239,0.991773,0.834762,343584,0.944071,0.639466,15642,0.973987,0.752281,60698
0001166691,CMCSA,2009,2008,2009-12-31,2010-02-23,2009-02-20,0001193125-10-037551,0001193125-09-033975,0.994615,0.858319,343107,0.969484,0.745050,19964,0.983217,0.772498,59310
0001166691,CMCSA,2010,2009,2010-12-31,2011-02-25,2010-02-23,0001193125-11-047243,0001193125-10-037551,0.938333,0.751077,419413,0.897771,0.552846,39360,0.904862,0.754730,64598
0001166691,CMCSA,2011,2010,2011-12-31,2012-02-23,2011-02-25,0001193125-12-073905,0001193125-11-047243,0.989563,0.841734,473553,0.963365,0.775767,38128,0.940398,0.623625,97052
0001166691,CMCSA,2012,2011,2012-12-31,2013-02-21,2012-02-23,0001193125-13-067658,0001193125-12-073905,0.998048,0.900681,450959,0.990734,0.931677,37212,0.991709,0.799510,93715
0001166691,CMCSA,2013,2012,2013-12-31,2014-02-12,2013-02-21,0001193125-14-047522,0001193125-13-067658,0.989541,0.899648,571700,0.986516,0.839869,40879,0.973373,0.793317,94843
0001166691,CMCSA,2014,2013,2014-12-31,2015-02-27,2014-02-12,0001193125-15-068526,0001193125-14-047522,0.995662,0.877844,563411,0.986112,0.820860,39543,0.981831,0.815679,106749
0001166691,CMCSA,2015,2014,2015-12-31,2016-02-05,2015-02-27,0001193125-16-452423,0001193125-15-068526,0.995743,0.897149,552085,0.991740,0.923278,37923,0.985035,0.762018,94360
0001166691,CMCSA,2016,2015,2016-12-31,2017-02-03,2016-02-05,0001193125-17-030512,0001193125-16-452423,0.995681,0.887971,531027,0.994557,0.902524,37137,0.992827,0.851135,95135
0001166691,CMCSA,2017,2016,2017-12-31,2018-01-31,2017-02-03,0001166691-18-000004,0001193125-17-030512,0.998317,0.893998,546542,0.993553,0.924825,37578,0.992329,0.838497,101501
0001166691,CMCSA,2018,2017,2018-12-31,2019-01-31,2018-01-31,0001166691-19-000005,0001166691-18-000004,0.985122,0.855491,594449,0.888576,0.880855,43847,0.969771,0.791720,103213
0001166691,CMCSA,2019,2018,2019-12-31,2020-01-30,2019-01-31,0001166691-20-000008,0001166691-19-000005,0.997268,0.883853,564414,0.984609,0.900966,42787,0.986685,0.800252,101380
0001166691,CMCSA,2020,2019,2020-12-31,2021-02-04,2020-01-30,0001166691-21-000008,0001166691-20-000008,0.987418,0.874741,439399,0.981592,0.857795,47219,0.975161,0.728522,113119
0001166691,CMCSA,2021,2020,2021-12-31,2022-02-02,2021-02-04,0001166691-22-000009,0001166691-21-000008,0.993806,0.866016,417399,0.990238,0.834923,46230,0.983346,0.722519,98974
0001166691,CMCSA,2022,2021,2022-12-31,2023-02-03,2022-02-02,0001166691-23-000010,0001166691-22-000009,0.997699,0.922322,411120,0.995810,0.932965,44476,0.985964,0.833217,88824
0001166691,CMCSA,2023,2022,2023-12-31,2024-01-31,2023-02-03,0001166691-24-000011,0001166691-23-000010,0.985940,0.858331,404775,0.950102,0.888037,45003,0.960603,0.808876,95792
0001166691,CMCSA,2024,2023,2024-12-31,2025-01-31,2024-01-31,0001166691-25-000011,0001166691-24-000011,0.997904,0.906793,386145,0.993518,0.912214,45378,0.988046,0.854369,83293
0001166691,CMCSA,2025,2024,2025-12-31,2026-02-03,2025-01-31,0001628280-26-004994,0001166691-25-000011,0.992753,0.939227,398851,0.997826,0.950420,47246,0.988549,0.870023,88460
0000927628,COF,2008,2007,2008-12-31,2009-02-26,2008-02-29,0001193125-09-039271,0001193125-08-043757,0.990658,0.770557,648537,0.951414,0.623472,36520,0.685081,0.171296,4523
0000927628,COF,2009,2008,2009-12-31,2010-02-26,2009-02-26,0001193125-10-043152,0001193125-09-039271,0.988871,0.800471,782957,0.978795,0.707787,36326,0.595899,0.149886,18891
0000927628,COF,2010,2009,2010-12-31,2011-03-01,2010-02-26,0001140361-11-012916,0001193125-10-043152,0.962923,0.715755,794250,0.971123,0.739583,32618,0.815510,0.220784,276818
0000927628,COF,2011,2010,2011-12-31,2012-02-29,2011-03-01,0001193125-12-086138,0001140361-11-012916,0.995413,0.826793,890025,0.965868,0.662994,64325,0.993218,0.794449,304515
0000927628,COF,2012,2011,2012-12-31,2013-02-28,2012-02-29,0001193125-13-084249,0001193125-12-086138,0.997162,0.860022,928489,0.993702,0.878580,64533,0.990780,0.779202,304939
0000927628,COF,2013,2012,2013-12-31,2014-02-27,2013-02-28,0001193125-14-073467,0001193125-13-084249,0.997332,0.841612,869419,0.992125,0.839499,68018,0.994213,0.733405,283608
0000927628,COF,2014,2013,2014-12-31,2015-02-24,2014-02-27,0000927628-15-000026,0001193125-14-073467,0.991553,0.883356,860302,0.990836,0.867137,70988,0.986218,0.847212,289101
0000927628,COF,2015,2014,2015-12-31,2016-02-25,2015-02-24,0000927628-16-000140,0000927628-15-000026,0.998579,0.888460,840175,0.983721,0.741489,77260,0.995708,0.895453,273276
0000927628,COF,2016,2015,2016-12-31,2017-02-23,2016-02-25,0000927628-17-000115,0000927628-16-000140,0.998792,0.912172,829401,0.997967,0.937892,81365,0.995868,0.858770,263084
0000927628,COF,2017,2016,2017-12-31,2018-02-21,2017-02-23,0000927628-18-000107,0000927628-17-000115,0.998925,0.891026,792176,0.995616,0.875132,87016,0.997265,0.879010,250394
0000927628,COF,2018,2017,2018-12-31,2019-02-20,2018-02-21,0000927628-19-000093,0000927628-18-000107,0.998654,0.900211,742008,0.996747,0.880125,86622,0.995846,0.890770,225022
0000927628,COF,2019,2018,2019-12-31,2020-02-20,2019-02-20,0000927628-20-000102,0000927628-19-000093,0.998865,0.902903,718981,0.995176,0.890276,86869,0.994814,0.842611,219527
0000927628,COF,2020,2019,2020-12-31,2021-02-25,2020-02-20,0000927628-21-000094,0000927628-20-000102,0.996220,0.886531,769124,0.995223,0.904882,99302,0.989570,0.864596,225845
0000927628,COF,2021,2020,2021-12-31,2022-02-25,2021-02-25,0000927628-22-000106,0000927628-21-000094,0.998900,0.908589,723721,0.995925,0.854236,101420,0.996098,0.865882,209880
0000927628,COF,2022,2021,2022-12-31,2023-02-24,2022-02-25,0000927628-23-000117,0000927628-22-000106,0.999030,0.938679,715191,0.997484,0.884485,101838,0.835570,0.197259,25870
0000927628,COF,2023,2022,2023-12-31,2024-02-23,2023-02-24,0000927628-24-000094,0000927628-23-000117,0.998535,0.879369,770908,0.990559,0.819881,119879,0.991599,0.814545,25567
0000927628,COF,2024,2023,2024-12-31,2025-02-20,2024-02-23,0000927628-25-000092,0000927628-24-000094,0.999652,0.939229,791585,0.997976,0.900941,133200,0.989911,0.822430,25518
0000927628,COF,2025,2024,2025-12-31,2026-02-19,2025-02-20,0000927628-26-000024,0000927628-25-000092,0.997869,0.897046,872681,0.993314,0.807332,164795,0.985067,0.829222,26133
0001163165,COP,2008,2007,2008-12-31,2009-02-25,2008-02-22,0001362310-09-002769,0000950129-08-001094,0.994328,0.805412,568278,0.949421,0.479899,9185,0.993501,0.808869,144772
0001163165,COP,2009,2008,2009-12-31,2010-02-25,2009-02-25,0000950123-10-017187,0001362310-09-002769,0.996353,0.852135,535231,0.989499,0.839479,8284,0.989704,0.802523,122219
0001163165,COP,2010,2009,2010-12-31,2011-02-23,2010-02-25,0000950123-11-016957,0000950123-10-017187,0.997808,0.880600,529657,0.944474,0.910515,9324,0.994950,0.845796,119446
0001163165,COP,2011,2010,2011-12-31,2012-02-21,2011-02-23,0001193125-12-070636,0000950123-11-016957,0.990412,0.844176,531295,0.972728,0.856582,10544,0.989313,0.844705,123781
0001163165,COP,2012,2011,2012-12-31,2013-02-19,2012-02-21,0001193125-13-065426,0001193125-12-070636,0.983015,0.769385,503136,0.956442,0.841121,10373,0.972461,0.764109,118133
0001163165,COP,2013,2012,2013-12-31,2014-02-25,2013-02-19,0001193125-14-066358,0001193125-13-065426,0.996521,0.866259,509133,0.990109,0.910816,11189,0.992406,0.857143,123810
0001163165,COP,2014,2013,2014-12-31,2015-02-24,2014-02-25,0001193125-15-059281,0001193125-14-066358,0.998077,0.902747,520120,0.993862,0.953704,11536,0.991089,0.870748,132841
0001163165,COP,2015,2014,2015-12-31,2016-02-23,2015-02-24,0001193125-16-472901,0001193125-15-059281,0.998155,0.892073,527395,0.974405,0.703166,18945,0.991570,0.843113,129637
0001163165,COP,2016,2015,2016-12-31,2017-02-21,2016-02-23,0001193125-17-050077,0001193125-16-472901,0.998495,0.893693,538097,0.994562,0.895307,21107,0.993432,0.866356,133975
0001163165,COP,2017,2016,2017-12-31,2018-02-20,2017-02-21,0001193125-18-049729,0001193125-17-050077,0.997088,0.909949,543090,0.994779,0.943991,21885,0.992657,0.882003,141536
0001163165,COP,2018,2017,2018-12-31,2019-02-19,2018-02-20,0001193125-19-043841,0001193125-18-049729,0.997624,0.876354,588369,0.977381,0.704325,32499,0.991289,0.841296,153210
0001163165,COP,2019,2018,2019-12-31,2020-02-18,2019-02-19,0001193125-20-039954,0001193125-19-043841,0.995076,0.880680,567802,0.951442,0.904470,31747,0.979879,0.809467,128591
0001163165,COP,2020,2019,2020-12-31,2021-02-16,2020-02-18,0001562762-21-000027,0001193125-20-039954,0.994987,0.808912,572468,0.963559,0.695890,44306,0.981678,0.759850,137786
0001163165,COP,2021,2020,2021-12-31,2022-02-17,2021-02-16,0001562762-22-000031,0001562762-21-000027,0.992308,0.835928,545781,0.981146,0.759176,44015,0.981111,0.793407,126155
0001163165,COP,2022,2021,2022-12-31,2023-02-16,2022-02-17,0001163165-23-000006,0001562762-22-000031,0.998098,0.865808,531293,0.988712,0.769542,41169,0.990538,0.817292,124663
0001163165,COP,2023,2022,2023-12-31,2024-02-15,2023-02-16,0001163165-24-000010,0001163165-23-000006,0.997581,0.873026,525348,0.992997,0.821127,41265,0.989804,0.870704,118982
0001163165,COP,2024,2023,2024-12-31,2025-02-18,2024-02-15,0001163165-25-000012,0001163165-24-000010,0.992286,0.890749,529843,0.959146,0.861092,46697,0.888421,0.347982,23503
0001163165,COP,2025,2024,2025-12-31,2026-02-17,2025-02-18,0001163165-26-000009,0001163165-25-000012,0.997834,0.927932,494794,0.963522,0.890909,41945,0.942532,0.724138,23278
0000909832,COST,2008,2007,2008-08-31,2008-10-16,2007-10-25,0001193125-08-211709,0001193125-07-225805,0.990744,0.824866,260503,0.983148,0.786579,24369,0.953181,0.703040,60412
0000909832,COST,2009,2008,2009-08-30,2009-10-16,2008-10-16,0001193125-09-208963,0001193125-08-211709,0.996314,0.855830,266348,0.993303,0.885774,27120,0.971494,0.771094,53567
0000909832,COST,2010,2009,2010-08-29,2010-10-18,2009-10-16,0001193125-10-230379,0001193125-09-208963,0.996920,0.886710,253035,0.996614,0.937310,28898,0.983650,0.743981,49006
0000909832,COST,2011,2010,2011-08-28,2011-10-14,2010-10-18,0001193125-11-271844,0001193125-10-230379,0.998201,0.886604,250213,0.993450,0.874882,29675,0.990314,0.862745,46997
0000909832,COST,2012,2011,2012-09-02,2012-10-19,2011-10-14,0001193125-12-428890,0001193125-11-271844,0.995079,0.861411,226891,0.990927,0.904627,31151,0.976750,0.776756,42799
0000909832,COST,2013,2012,2013-09-01,2013-10-16,2012-10-19,0001445305-13-002422,0001193125-12-428890,0.998364,0.945752,225669,0.995485,0.921698,32423,0.987873,0.865741,39652
0000909832,COST,2014,2013,2014-08-31,2014-10-15,2013-10-16,0000909832-14-000021,0001445305-13-002422,0.997870,0.926511,215804,0.998712,0.956149,32180,0.988559,0.857008,39414
0000909832,COST,2015,2014,2015-08-30,2015-10-14,2014-10-15,0000909832-15-000014,0000909832-14-000021,0.998689,0.928647,216443,0.996948,0.944653,33969,0.990828,0.863768,40453
0000909832,COST,2016,2015,2016-08-28,2016-10-12,2015-10-14,0000909832-16-000032,0000909832-15-000014,0.999188,0.951803,218725,0.996432,0.937443,34090,0.995841,0.911266,40845
0000909832,COST,2017,2016,2017-09-03,2017-10-18,2016-10-12,0000909832-17-000014,0000909832-16-000032,0.998609,0.933475,215389,0.995472,0.917796,34470,0.993457,0.914032,41848
0000909832,COST,2018,2017,2018-09-02,2018-10-26,2017-10-18,0000909832-18-000013,0000909832-17-000014,0.994195,0.872600,203054,0.996393,0.919039,35354,0.980830,0.779904,35831
0000909832,COST,2019,2018,2019-09-01,2019-10-11,2018-10-26,0000909832-19-000019,0000909832-18-000013,0.997133,0.897064,206091,0.998128,0.937112,35773,0.985438,0.836842,29775
0000909832,COST,2020,2019,2020-08-30,2020-10-07,2019-10-11,0000909832-20-000017,0000909832-19-000019,0.995484,0.842070,218242,0.984569,0.743455,42516,0.970806,0.786640,33552
0000909832,COST,2021,2020,2021-08-29,2021-10-06,2020-10-07,0000909832-21-000014,0000909832-20-000017,0.998458,0.904794,211335,0.997692,0.926275,41913,0.982888,0.793207,29467
0000909832,COST,2022,2021,2022-08-28,2022-10-05,2021-10-06,0000909832-22-000021,0000909832-21-000014,0.998492,0.920268,204130,0.998297,0.950806,40308,0.988525,0.871003,28589
0000909832,COST,2023,2022,2023-09-03,2023-10-11,2022-10-05,0000909832-23-000042,0000909832-22-000021,0.999090,0.939456,203074,0.998457,0.948739,40053,0.989332,0.908671,27675
0000909832,COST,2024,2023,2024-09-01,2024-10-09,2023-10-11,0000909832-24-000049,0000909832-23-000042,0.998124,0.877086,212288,0.998094,0.949234,40768,0.991919,0.893887,28005
0000909832,COST,2025,2024,2025-08-31,2025-10-08,2024-10-09,0000909832-25-000101,0000909832-24-000049,0.998084,0.929385,207071,0.998829,0.957278,42491,0.994056,0.929577,27163
0001108524,CRM,2008,2007,2008-01-31,2008-02-29,2007-03-09,0001193125-08-043828,0001193125-07-051045,0.997815,0.878565,285932,0.994650,0.863576,54091,0.991460,0.818773,49817
0001108524,CRM,2009,2008,2009-01-31,2009-03-09,2008-02-29,0001193125-09-048665,0001193125-08-043828,0.993416,0.881846,305213,0.988793,0.907692,58318,0.988864,0.790351,59437
0001108524,CRM,2010,2009,2010-01-31,2010-03-11,2009-03-09,0001193125-10-053838,0001193125-09-048665,0.994839,0.866279,303215,0.978797,0.813570,63722,0.993736,0.817158,53247
0001108524,CRM,2011,2010,2011-01-31,2011-03-23,2010-03-11,0001193125-11-075314,0001193125-10-053838,0.996774,0.892510,309280,0.991973,0.859504,55977,0.994126,0.823228,61366
0001108524,CRM,2012,2011,2012-01-31,2012-03-09,2011-03-23,0001193125-12-107281,0001193125-11-075314,0.994299,0.858188,343902,0.994053,0.883515,49384,0.981555,0.708049,84504
0001108524,CRM,2013,2012,2013-01-31,2013-03-08,2012-03-09,0001193125-13-098852,0001193125-12-107281,0.995815,0.882952,343459,0.997950,0.918919,53134,0.993458,0.796895,91150
0001108524,CRM,2014,2013,2014-01-31,2014-03-05,2013-03-08,0001193125-14-084762,0001193125-13-098852,0.992022,0.881921,371499,0.985630,0.856876,66648,0.989936,0.839555,92097
0001108524,CRM,2015,2014,2015-01-31,2015-03-06,2014-03-05,0001108524-15-000008,0001193125-14-084762,0.995566,0.885435,388879,0.992048,0.922604,67479,0.992521,0.833333,108403
0001108524,CRM,2016,2015,2016-01-31,2016-03-07,2015-03-06,0001108524-16-000053,0001108524-15-000008,0.998111,0.915966,400411,0.998525,0.935252,74235,0.996901,0.898578,108184
0001108524,CRM,2017,2016,2017-01-31,2017-03-06,2016-03-07,0001108524-17-000006,0001108524-16-000053,0.992755,0.873768,434766,0.997916,0.916435,82458,0.980406,0.778175,90598
0001108524,CRM,2018,2017,2018-01-31,2018-03-09,2017-03-06,0001108524-18-000011,0001108524-17-000006,0.998109,0.868024,438772,0.997693,0.892356,89416,0.994544,0.799759,92770
0001108524,CRM,2019,2018,2019-01-31,2019-03-08,2018-03-09,0001108524-19-000009,0001108524-18-000011,0.989774,0.854301,408139,0.991085,0.874059,90793,0.976395,0.765152,79493
0001108524,CRM,2020,2019,2020-01-31,2020-03-05,2019-03-08,0001108524-20-000014,0001108524-19-000009,0.990686,0.865499,396970,0.998139,0.922071,97840,0.968345,0.653781,61073
0001108524,CRM,2021,2020,2021-01-31,2021-03-17,2020-03-05,0001108524-22-000008,0001108524-20-000014,0.990817,0.829066,435315,0.983942,0.828234,133763,0.974585,0.671171,71037
0001108524,CRM,2022,2021,2022-01-31,2022-03-11,2021-03-17,0001108524-22-000013,0001108524-22-000008,0.996406,0.870442,413160,0.994483,0.864135,125997,0.986443,0.704734,58159
0001108524,CRM,2023,2022,2023-01-31,2023-03-08,2022-03-11,0001108524-23-000011,0001108524-22-000013,0.996816,0.879471,400044,0.997727,0.894670,128823,0.989879,0.785322,57684
0001108524,CRM,2024,2023,2024-01-31,2024-03-06,2023-03-08,0001108524-24-000005,0001108524-23-000011,0.998101,0.883891,400516,0.997413,0.925705,127380,0.994199,0.871642,54265
0001108524,CRM,2025,2024,2025-01-31,2025-03-05,2024-03-06,0001108524-25-000006,0001108524-24-000005,0.996523,0.879981,397218,0.996209,0.881876,119607,0.992869,0.860643,51616
0000858877,CSCO,2008,2007,2008-07-26,2008-09-15,2007-09-18,0001193125-08-195608,0001193125-07-202552,0.997465,0.908769,141521,0.968242,0.788677,84888,,,0
0000858877,CSCO,2009,2008,2009-07-25,2009-09-11,2008-09-15,0001193125-09-190326,0001193125-08-195608,0.994873,0.846780,158683,0.994400,0.912949,93000,,,0
0000858877,CSCO,2010,2009,2010-07-31,2010-09-21,2009-09-11,0001193125-10-213400,0001193125-09-190326,0.997940,0.897959,167167,0.979965,0.824266,76431,,,0
0000858877,CSCO,2011,2010,2011-07-30,2011-09-14,2010-09-21,0001193125-11-247394,0001193125-10-213400,0.941648,0.693776,486795,0.996148,0.946130,78110,,,138359
0000858877,CSCO,2012,2011,2012-07-28,2012-09-12,2011-09-14,0001193125-12-388590,0001193125-11-247394,0.997760,0.888022,488420,0.998738,0.967203,79332,0.992404,0.818418,131220
0000858877,CSCO,2013,2012,2013-07-27,2013-09-10,2012-09-12,0000858877-13-000049,0001193125-12-388590,0.997669,0.902961,507281,0.997948,0.954878,78593,0.992715,0.904868,133090
0000858877,CSCO,2014,2013,2014-07-26,2014-09-09,2013-09-10,0000858877-14-000029,0000858877-13-000049,0.998475,0.896875,502207,0.997796,0.948949,81238,0.996597,0.879339,127388
0000858877,CSCO,2015,2014,2015-07-25,2015-09-08,2014-09-09,0000858877-15-000070,0000858877-14-000029,0.998718,0.901460,500303,0.999473,0.977218,82788,0.996934,0.870843,123885
0000858877,CSCO,2016,2015,2016-07-30,2016-09-08,2015-09-08,0000858877-16-000117,0000858877-15-000070,0.996984,0.889087,508591,0.998559,0.958137,83345,0.982423,0.893387,121887
0000858877,CSCO,2017,2016,2017-07-29,2017-09-07,2016-09-08,0000858877-17-000016,0000858877-16-000117,0.998351,0.884557,499086,0.999394,0.976219,83400,0.996832,0.873979,115142
0000858877,CSCO,2018,2017,2018-07-28,2018-09-06,2017-09-07,0000858877-18-000011,0000858877-17-000016,0.988491,0.868171,470158,0.998767,0.975133,84905,0.981679,0.847839,105249
0000858877,CSCO,2019,2018,2019-07-27,2019-09-05,2018-09-06,0000858877-19-000012,0000858877-18-000011,0.996931,0.892001,428661,0.999202,0.963905,83534,0.983926,0.812308,81111
0000858877,CSCO,2020,2019,2020-07-25,2020-09-03,2019-09-05,0000858877-20-000010,0000858877-19-000012,0.997669,0.914121,418693,0.996599,0.958480,90635,0.988841,0.811481,72081
0000858877,CSCO,2021,2020,2021-07-31,2021-09-09,2020-09-03,0000858877-21-000013,0000858877-20-000010,0.996480,0.839939,411681,0.997356,0.919012,82540,0.994480,0.882274,71777
0000858877,CSCO,2022,2021,2022-07-30,2022-09-08,2021-09-09,0000858877-22-000013,0000858877-21-000013,0.998107,0.906146,414689,0.997261,0.914760,88332,0.988237,0.825274,77463
0000858877,CSCO,2023,2022,2023-07-29,2023-09-07,2022-09-08,0000858877-23-000023,0000858877-22-000013,0.998589,0.911504,393441,0.997329,0.946286,83566,0.994951,0.893981,71549
0000858877,CSCO,2024,2023,2024-07-27,2024-09-05,2023-09-07,0000858877-24-000017,0000858877-23-000023,0.990240,0.867741,413800,0.996097,0.923034,88783,0.962526,0.835513,74168
0000858877,CSCO,2025,2024,2025-07-26,2025-09-03,2024-09-05,0000858877-25-000111,0000858877-24-000017,0.996833,0.892979,399329,0.998784,0.957246,89730,0.987022,0.895084,71053
0000064803,CVS,2008,2007,2008-12-31,2009-02-27,2008-02-27,0001193125-09-041089,0001193125-08-040019,0.994545,0.856589,164803,0.985745,0.901099,19403,,,0
0000064803,CVS,2009,2008,2009-12-31,2010-02-26,2009-02-27,0001193125-10-043086,0001193125-09-041089,0.995112,0.849220,175734,0.980128,0.801258,20039,,,0
0000064803,CVS,2010,2009,2010-12-31,2011-02-18,2010-02-26,0001193125-11-040351,0001193125-10-043086,0.992732,0.880189,188695,0.974566,0.787286,19960,,,0
0000064803,CVS,2011,2010,2011-12-31,2012-02-17,2011-02-18,0001104659-12-010850,0001193125-11-040351,0.997754,0.884311,195163,0.980151,0.767361,21073,,,0
0000064803,CVS,2012,2011,2012-12-31,2013-02-15,2012-02-17,0001104659-13-011354,0001104659-12-010850,0.994770,0.897765,195980,0.984007,0.886967,22342,,,0
0000064803,CVS,2013,2012,2013-12-31,2014-02-11,2013-02-15,0000064803-14-000008,0001104659-13-011354,0.993155,0.822053,160709,0.989962,0.871711,23860,,,0
0000064803,CVS,2014,2013,2014-12-31,2015-02-10,2014-02-11,0000064803-15-000008,0000064803-14-000008,0.979877,0.779207,143732,0.985575,0.803571,30729,,,0
0000064803,CVS,2015,2014,2015-12-31,2016-02-09,2015-02-10,0000064803-16-000074,0000064803-15-000008,0.990732,0.910442,164081,0.969973,0.831837,38713,,,0
0000064803,CVS,2016,2015,2016-12-31,2017-02-09,2016-02-09,0000064803-17-000006,0000064803-16-000074,0.998320,0.917672,175323,0.993500,0.860176,47526,,,0
0000064803,CVS,2017,2016,2017-12-31,2018-02-14,2017-02-09,0001558370-18-000707,0000064803-17-000006,0.981289,0.855818,216901,0.903277,0.708779,87260,,,0
0000064803,CVS,2018,2017,2018-12-31,2019-02-28,2018-02-14,0000064803-19-000013,0001558370-18-000707,0.960002,0.652611,377968,0.922726,0.590335,176311,,,0
0000064803,CVS,2019,2018,2019-12-31,2020-02-18,2019-02-28,0000064803-20-000007,0000064803-19-000013,0.956247,0.755747,744034,0.987117,0.820777,127494,,,121785
0000064803,CVS,2020,2019,2020-12-31,2021-02-16,2020-02-18,0000064803-21-000011,0000064803-20-000007,0.994429,0.886181,786188,0.993203,0.889076,155589,0.977642,0.820825,131357
0000064803,CVS,2021,2020,2021-12-31,2022-02-09,2021-02-16,0000064803-22-000008,0000064803-21-000011,0.998364,0.909996,781483,0.998405,0.921907,155037,0.993342,0.884657,126467
0000064803,CVS,2022,2021,2022-12-31,2023-02-08,2022-02-09,0000064803-23-000009,0000064803-22-000008,0.998977,0.940081,812237,0.997898,0.931837,156082,0.995657,0.906417,132928
0000064803,CVS,2023,2022,2023-12-31,2024-02-07,2023-02-08,0000064803-24-000007,0000064803-23-000009,0.995613,0.890670,862909,0.995461,0.903498,157230,0.981643,0.771487,116669
0000064803,CVS,2024,2023,2024-12-31,2025-02-12,2024-02-07,0000064803-25-000007,0000064803-24-000007,0.999125,0.919109,830087,0.997844,0.936495,153553,0.994629,0.868957,109003
0000064803,CVS,2025,2024,2025-12-31,2026-02-10,2025-02-12,0000064803-26-000010,0000064803-25-000007,0.998867,0.912018,759269,0.997460,0.903091,134699,0.994202,0.885036,99165
0000093410,CVX,2008,2007,2008-12-31,2009-02-26,2008-02-28,0000891618-09-000054,0000950134-08-003672,0.997193,0.844444,458190,0.947637,0.655106,7102,,,0
0000093410,CVX,2009,2008,2009-12-31,2010-02-25,2009-02-26,0000950123-10-016846,0000891618-09-000054,0.997309,0.840691,471929,0.949561,0.661157,10558,,,0
0000093410,CVX,2010,2009,2010-12-31,2011-02-24,2010-02-25,0000950123-11-017688,0000950123-10-016846,0.997053,0.840844,518977,0.967892,0.791541,12279,,,0
0000093410,CVX,2011,2010,2011-12-31,2012-02-23,2011-02-24,0000950123-12-002976,0000950123-11-017688,0.997139,0.839387,460724,0.972615,0.799697,11378,,,0
0000093410,CVX,2012,2011,2012-12-31,2013-02-22,2012-02-23,0000093410-13-000003,0000950123-12-002976,0.998115,0.886020,451385,0.998438,0.979381,11571,,,0
0000093410,CVX,2013,2012,2013-12-31,2014-02-21,2013-02-22,0000093410-14-000011,0000093410-13-000003,0.998849,0.880232,437828,0.999825,0.996552,11564,,,0
0000093410,CVX,2014,2013,2014-12-31,2015-02-20,2014-02-21,0000093410-15-000010,0000093410-14-000011,0.998438,0.874754,416841,0.989893,0.907618,12089,,,0
0000093410,CVX,2015,2014,2015-12-31,2016-02-25,2015-02-20,0000093410-16-000049,0000093410-15-000010,0.998769,0.894951,409563,0.968476,0.836765,14485,,,0
0000093410,CVX,2016,2015,2016-12-31,2017-02-23,2016-02-25,0000093410-17-000013,0000093410-16-000049,0.999094,0.902781,423371,0.986302,0.816456,18515,,,0
0000093410,CVX,2017,2016,2017-12-31,2018-02-22,2017-02-23,0000093410-18-000010,0000093410-17-000013,0.981844,0.912388,419151,0.993806,0.907655,18950,,,0
0000093410,CVX,2018,2017,2018-12-31,2019-02-22,2018-02-22,0000093410-19-000008,0000093410-18-000010,0.998920,0.888181,418102,0.999159,0.987406,19172,,,0
0000093410,CVX,2019,2018,2019-12-31,2020-02-21,2019-02-22,0000093410-20-000010,0000093410-19-000008,0.997883,0.869621,413769,0.993927,0.940405,20971,,,0
0000093410,CVX,2020,2019,2020-12-31,2021-02-25,2020-02-21,0000093410-21-000009,0000093410-20-000010,0.992872,0.825090,440573,0.961670,0.771536,30013,,,0
0000093410,CVX,2021,2020,2021-12-31,2022-02-24,2021-02-25,0000093410-22-000019,0000093410-21-000009,0.996807,0.832327,431188,0.966567,0.743719,29589,,,0
0000093410,CVX,2022,2021,2022-12-31,2023-02-23,2022-02-24,0000093410-23-000009,0000093410-22-000019,0.997585,0.867792,444939,0.994114,0.902504,32877,,,0
0000093410,CVX,2023,2022,2023-12-31,2024-02-26,2023-02-23,0000093410-24-000013,0000093410-23-000009,0.991491,0.845580,470608,0.976968,0.838840,35233,,,0
0000093410,CVX,2024,2023,2024-12-31,2025-02-21,2024-02-26,0000093410-25-000009,0000093410-24-000013,0.998612,0.880523,477968,0.990793,0.889764,37972,,,0
0000093410,CVX,2025,2024,2025-12-31,2026-02-24,2025-02-21,0000093410-26-000078,0000093410-25-000009,0.997131,0.868445,487521,0.984419,0.852228,34822,,,0
0000315189,DE,2008,2007,2008-10-31,2008-12-18,2007-12-20,0001104659-08-077324,0001104659-07-090067,0.996399,0.868124,271095,0.885541,0.462738,13011,,,0
0000315189,DE,2009,2008,2009-10-31,2009-12-17,2008-12-18,0001104659-09-070344,0001104659-08-077324,0.988547,0.855249,290859,0.974776,0.819536,12206,,,0
0000315189,DE,2010,2009,2010-10-31,2010-12-17,2009-12-17,0001104659-10-063219,0001104659-09-070344,0.989698,0.884286,303612,0.538352,0.636119,18984,,,0
0000315189,DE,2011,2010,2011-10-31,2011-12-19,2010-12-17,0001104659-11-070023,0001104659-10-063219,0.998290,0.887086,323334,0.977598,0.659000,29430,,,0
0000315189,DE,2012,2011,2012-10-31,2012-12-17,2011-12-19,0001104659-12-084558,0001104659-11-070023,0.997580,0.938533,323997,0.987065,0.885047,33359,,,0
0000315189,DE,2013,2012,2013-10-31,2013-12-16,2012-12-17,0001104659-13-090354,0001104659-12-084558,0.999443,0.952050,327568,0.998688,0.947418,33630,,,0
0000315189,DE,2014,2013,2014-10-31,2014-12-19,2013-12-16,0001104659-14-087794,0001104659-13-090354,0.999256,0.949558,334618,0.999735,0.982726,33417,,,0
0000315189,DE,2015,2014,2015-10-31,2015-12-18,2014-12-19,0001047469-15-009300,0001104659-14-087794,0.998943,0.944408,335233,0.999687,0.973154,33255,,,0
0000315189,DE,2016,2015,2016-10-31,2016-12-19,2015-12-18,0001047469-16-017244,0001047469-15-009300,0.998958,0.935256,350847,0.998588,0.911269,38362,,,86509
0000315189,DE,2017,2016,2017-10-29,2017-12-18,2016-12-19,0001047469-17-007719,0001047469-16-017244,0.997750,0.924772,358686,0.999086,0.894215,39898,0.998364,0.898472,89272
0000315189,DE,2018,2017,2018-10-28,2018-12-17,2017-12-18,0001047469-18-007694,0001047469-17-007719,0.998215,0.910202,376473,0.999858,0.973019,39949,0.998917,0.906444,90617
0000315189,DE,2019,2018,2019-11-03,2019-12-19,2018-12-17,0001558370-19-011614,0001047469-18-007694,0.996824,0.912849,382221,0.997924,0.913078,42761,0.998730,0.921661,92474
0000315189,DE,2020,2019,2020-11-01,2020-12-17,2019-12-19,0001558370-20-014436,0001558370-19-011614,0.997218,0.902411,417026,0.993859,0.871480,52918,0.996469,0.889238,104753
0000315189,DE,2021,2020,2021-10-31,2021-12-16,2020-12-17,0001558370-21-016864,0001558370-20-014436,0.994092,0.853646,439759,0.990490,0.815116,61829,0.992273,0.803937,125003
0000315189,DE,2022,2021,2022-10-30,2022-12-15,2021-12-16,0001558370-22-018703,0001558370-21-016864,0.997041,0.822779,413350,0.997104,0.739810,62248,0.997438,0.773992,129708
0000315189,DE,2023,2022,2023-10-29,2023-12-15,2022-12-15,0001558370-23-019812,0001558370-22-018703,0.937563,0.808983,356554,0.446650,0.774102,58716,0.650552,0.769361,122083
0000315189,DE,2024,2023,2024-10-27,2024-12-12,2023-12-15,0001558370-24-016169,0001558370-23-019812,0.998069,0.860185,367181,0.988636,0.750139,58944,0.992211,0.798960,118788
0000315189,DE,2025,2024,2025-11-02,2025-12-18,2024-12-12,0001104659-25-122321,0001558370-24-016169,0.995770,0.845050,373979,0.986294,0.722222,60561,0.988627,0.784314,126513
0000313616,DHR,2008,2007,2008-12-31,2009-02-25,2008-02-21,0001193125-09-037468,0001193125-08-034637,0.997522,0.871043,390563,0.986948,0.737805,37560,0.995128,0.795918,139590
0000313616,DHR,2009,2008,2009-12-31,2010-02-24,2009-02-25,0001193125-10-038977,0001193125-09-037468,0.997171,0.852587,387969,0.993191,0.815235,39951,0.993558,0.745540,130094
0000313616,DHR,2010,2009,2010-12-31,2011-02-24,2010-02-24,0001193125-11-044412,0001193125-10-038977,0.994993,0.881384,407386,0.994074,0.857028,43258,0.991684,0.783972,128937
0000313616,DHR,2011,2010,2011-12-31,2012-02-24,2011-02-24,0001193125-12-076756,0001193125-11-044412,0.993031,0.844135,454833,0.975792,0.708642,67132,0.989267,0.817773,138434
0000313616,DHR,2012,2011,2012-12-31,2013-02-22,2012-02-24,0000313616-13-000026,0001193125-12-076756,0.999174,0.918432,455631,0.982210,0.759563,52322,0.997012,0.882085,142134
0000313616,DHR,2013,2012,2013-12-31,2014-02-21,2013-02-22,0000313616-14-000023,0000313616-13-000026,0.997714,0.940470,433716,0.996575,0.926301,55420,0.993011,0.818406,128533
0000313616,DHR,2014,2013,2014-12-31,2015-02-25,2014-02-21,0000313616-15-000038,0000313616-14-000023,0.993863,0.928052,452002,0.995220,0.918381,59429,0.989695,0.846851,132289
0000313616,DHR,2015,2014,2015-12-31,2016-02-24,2015-02-25,0000313616-16-000145,0000313616-15-000038,0.990028,0.909182,474179,0.995834,0.950617,58301,0.987868,0.783505,128837
0000313616,DHR,2016,2015,2016-12-31,2017-02-22,2016-02-24,0000313616-17-000066,0000313616-16-000145,0.991479,0.884130,465106,0.993830,0.866246,69143,0.991277,0.808108,112331
0000313616,DHR,2017,2016,2017-12-31,2018-02-21,2017-02-22,0000313616-18-000038,0000313616-17-000066,0.996292,0.936661,486938,0.996222,0.902410,74559,0.989319,0.860950,120907
0000313616,DHR,2018,2017,2018-12-31,2019-02-21,2018-02-21,0000313616-19-000035,0000313616-18-000038,0.997563,0.926835,509208,0.993264,0.905464,83901,0.994427,0.857851,123807
0000313616,DHR,2019,2018,2019-12-31,2020-02-21,2019-02-21,0000313616-20-000041,0000313616-19-000035,0.980138,0.879077,548993,0.983446,0.858859,96887,0.979543,0.840872,112806
0000313616,DHR,2020,2019,2020-12-31,2021-02-25,2020-02-21,0000313616-21-000045,0000313616-20-000041,0.989320,0.892304,543202,0.987673,0.882638,99785,0.961798,0.746723,104429
0000313616,DHR,2021,2020,2021-12-31,2022-02-23,2021-02-25,0000313616-22-000061,0000313616-21-000045,0.996351,0.925079,521092,0.997840,0.917387,102200,0.988814,0.786849,94363
0000313616,DHR,2022,2021,2022-12-31,2023-02-22,2022-02-23,0000313616-23-000087,0000313616-22-000061,0.997142,0.935740,520722,0.996526,0.886076,100308,0.994439,0.871962,101586
0000313616,DHR,2023,2022,2023-12-31,2024-02-21,2023-02-22,0000313616-24-000052,0000313616-23-000087,0.993272,0.917846,503718,0.996021,0.919903,97297,0.981386,0.819219,89791
0000313616,DHR,2024,2023,2024-12-31,2025-02-20,2024-02-21,0000313616-25-000043,0000313616-24-000052,0.998975,0.937247,473205,0.998962,0.960282,98783,0.995376,0.895958,77869
0000313616,DHR,2025,2024,2025-12-31,2026-02-24,2025-02-20,0000313616-26-000062,0000313616-25-000043,0.999147,0.939933,486130,0.998825,0.939439,101366,0.995909,0.870513,85134
0001744489,DIS,2008,2007,2008-09-27,2008-11-20,2007-11-21,0001193125-08-240242,0001193125-07-252227,0.997158,0.875711,350626,0.981795,0.833918,20830,0.990691,0.838645,83294
0001744489,DIS,2009,2008,2009-10-03,2009-12-02,2008-11-20,0001193125-09-245848,0001193125-08-240242,0.995507,0.874708,366728,0.984538,0.863318,23690,0.986172,0.788723,84879
0001744489,DIS,2010,2009,2010-10-02,2010-11-24,2009-12-02,0001193125-10-268910,0001193125-09-245848,0.992383,0.872445,371170,0.996656,0.929966,24730,0.975626,0.840803,89312
0001744489,DIS,2011,2010,2011-10-01,2011-11-23,2010-11-24,0001193125-11-321340,0001193125-10-268910,0.994667,0.884818,372154,0.988375,0.827021,27415,0.990124,0.847099,89706
0001744489,DIS,2012,2011,2012-09-29,2012-11-21,2011-11-23,0001193125-12-479027,0001193125-11-321340,0.996103,0.877368,373348,0.993483,0.919797,28335,0.992677,0.853399,87886
0001744489,DIS,2013,2012,2013-09-28,2013-11-20,2012-11-21,0001001039-13-000164,0001193125-12-479027,0.996718,0.891762,363304,0.997411,0.939940,29561,0.990308,0.847810,90284
0001744489,DIS,2014,2013,2014-09-27,2014-11-19,2013-11-20,0001001039-14-000228,0001001039-13-000164,0.998146,0.904877,378016,0.991962,0.848546,25958,0.991867,0.881974,98220
0001744489,DIS,2015,2014,2015-10-03,2015-11-25,2014-11-19,0001001039-15-000255,0001001039-14-000228,0.997537,0.905229,368551,0.998263,0.982798,25972,0.989477,0.842547,97547
0001744489,DIS,2016,2015,2016-10-01,2016-11-23,2015-11-25,0001001039-16-000516,0001001039-15-000255,0.995916,0.901786,362712,0.999550,0.988545,26509,0.980891,0.833333,92788
0001744489,DIS,2017,2016,2017-09-30,2017-11-22,2016-11-23,0001001039-17-000198,0001001039-16-000516,0.996239,0.921098,364990,0.999209,0.984145,27371,0.990740,0.878254,87561
0001744489,DIS,2018,2017,2018-09-29,2018-11-21,2017-11-22,0001001039-18-000187,0001001039-17-000198,0.996604,0.884205,399713,0.950691,0.709677,42215,0.988185,0.859492,94014
0001744489,DIS,2019,2018,2019-09-28,2019-11-20,2018-11-21,0001744489-19-000225,0001001039-18-000187,0.948918,0.856769,468497,0.916871,0.754601,37859,0.933620,0.810924,104591
0001744489,DIS,2020,2019,2020-10-03,2020-11-25,2019-11-20,0001744489-20-000197,0001744489-19-000225,0.988053,0.837999,497664,0.940035,0.711853,54248,0.953783,0.632000,100688
0001744489,DIS,2021,2020,2021-10-02,2021-11-24,2020-11-25,0001744489-21-000220,0001744489-20-000197,0.987880,0.877023,442760,0.989145,0.847742,55650,0.964571,0.795038,88566
0001744489,DIS,2022,2021,2022-10-01,2022-11-29,2021-11-24,0001744489-22-000213,0001744489-21-000220,0.995936,0.858769,418385,0.988219,0.780779,56004,0.979672,0.751816,80992
0001744489,DIS,2023,2022,2023-09-30,2023-11-21,2022-11-29,0001744489-23-000216,0001744489-22-000213,0.989644,0.883884,459545,0.988116,0.831143,58006,0.970253,0.795189,121582
0001744489,DIS,2024,2023,2024-09-28,2024-11-14,2023-11-21,0001744489-24-000276,0001744489-23-000216,0.995767,0.862716,447447,0.994923,0.865271,60553,0.980753,0.793618,83054
0001744489,DIS,2025,2024,2025-09-27,2025-11-13,2024-11-14,0001744489-25-000155,0001744489-24-000276,0.997133,0.906650,441906,0.991192,0.857326,62923,0.988507,0.840611,78857
0001326160,DUK,2008,2007,2008-12-31,2009-02-27,2008-02-29,0001193125-09-041096,0001193125-08-043884,0.991296,0.791300,1078335,0.999614,0.943590,33699,0.990121,0.727804,210307
0001326160,DUK,2009,2008,2009-12-31,2010-02-26,2009-02-27,0001193125-10-043083,0001193125-09-041096,0.993298,0.798675,829123,0.999135,0.914830,32782,0.994073,0.743376,201545
0001326160,DUK,2010,2009,2010-12-31,2011-02-25,2010-02-26,0001193125-11-047229,0001193125-10-043083,0.980377,0.846472,1159426,0.901842,0.847948,43691,0.991010,0.761099,240550
0001326160,DUK,2011,2010,2011-12-31,2012-02-28,2011-02-25,0001193125-12-085533,0001193125-11-047229,0.998533,0.868214,1115733,0.996127,0.797716,50083,0.993949,0.766867,223525
0001326160,DUK,2012,2011,2012-12-31,2013-03-01,2012-02-28,0001326160-13-000009,0001193125-12-085533,0.976202,0.784340,1306281,0.982924,0.777948,45053,0.985705,0.761049,226280
0001326160,DUK,2013,2012,2013-12-31,2014-02-28,2013-03-01,0001326160-14-000003,0001326160-13-000009,0.979091,0.794118,940441,0.992381,0.785657,37367,0.986271,0.705743,163572
0001326160,DUK,2014,2013,2014-12-31,2015-03-02,2014-02-28,0001326160-15-000008,0001326160-14-000003,0.998559,0.854363,1001431,0.997365,0.921671,38445,0.987675,0.746232,197958
0001326160,DUK,2015,2014,2015-12-31,2016-02-25,2015-03-02,0001326160-16-000221,0001326160-15-000008,0.998317,0.864854,1008801,0.994471,0.887550,44532,0.988485,0.788507,211520
0001326160,DUK,2016,2015,2016-12-31,2017-02-24,2016-02-25,0001326160-17-000016,0001326160-16-000221,0.998114,0.837696,1025422,0.992718,0.850746,46477,0.988004,0.734234,198259
0001326160,DUK,2017,2016,2017-12-31,2018-02-21,2017-02-24,0001326160-18-000034,0001326160-17-000016,0.995386,0.879895,1103734,0.998828,0.926292,48810,0.990528,0.804549,208550
0001326160,DUK,2018,2017,2018-12-31,2019-02-28,2018-02-21,0001326160-19-000057,0001326160-18-000034,0.992000,0.856917,1060416,0.997983,0.868272,53937,0.990852,0.735294,195565
0001326160,DUK,2019,2018,2019-12-31,2020-02-20,2019-02-28,0001326160-20-000034,0001326160-19-000057,0.998648,0.866319,995609,0.998943,0.954545,54288,0.985108,0.811948,157864
0001326160,DUK,2020,2019,2020-12-31,2021-02-25,2020-02-20,0001326160-21-000063,0001326160-20-000034,0.997872,0.844790,1027420,0.998850,0.934183,54568,0.991595,0.791268,148397
0001326160,DUK,2021,2020,2021-12-31,2022-02-24,2021-02-25,0001326160-22-000072,0001326160-21-000063,0.999059,0.871871,993354,0.998094,0.906523,60032,0.992549,0.761272,143813
0001326160,DUK,2022,2021,2022-12-31,2023-02-27,2022-02-24,0001326160-23-000073,0001326160-22-000072,0.998539,0.872336,967483,0.999727,0.973136,61919,0.994986,0.773085,136726
0001326160,DUK,2023,2022,2023-12-31,2024-02-23,2023-02-27,0001326160-24-000037,0001326160-23-000073,0.999505,0.908741,1008423,0.999687,0.984032,63540,0.996091,0.835052,145409
0001326160,DUK,2024,2023,2024-12-31,2025-02-27,2024-02-23,0001326160-25-000072,0001326160-24-000037,0.999281,0.894779,1033290,0.998153,0.924396,67245,0.994338,0.782231,141017
0001326160,DUK,2025,2024,2025-12-31,2026-02-26,2025-02-27,0001326160-26-000014,0001326160-25-000072,0.998855,0.903367,1033598,0.997727,0.899325,70703,0.995089,0.811321,150519
0000032604,EMR,2008,2007,2008-09-30,2008-11-25,2007-11-19,0001144204-08-066523,0001144204-07-063041,0.998177,0.956545,71023,0.999624,0.997494,7512,0.982713,0.852941,5247
0000032604,EMR,2009,2008,2009-09-30,2009-11-23,2008-11-25,0001144204-09-061535,0001144204-08-066523,0.996491,0.924449,72679,0.982458,0.897959,8642,0.987617,0.891304,5211
0000032604,EMR,2010,2009,2010-09-30,2010-11-23,2009-11-23,0001144204-10-063258,0001144204-09-061535,0.997871,0.941487,72235,0.997256,0.966887,8855,0.965114,0.845324,4875
0000032604,EMR,2011,2010,2011-09-30,2011-11-22,2010-11-23,0001144204-11-066373,0001144204-10-063258,0.995804,0.941238,74667,0.996070,0.951271,9321,0.974828,0.783505,5180
0000032604,EMR,2012,2011,2012-09-30,2012-11-20,2011-11-22,0000032604-12-000012,0001144204-11-066373,0.997831,0.938240,78076,0.994167,0.932406,10091,0.911440,0.603306,5910
0000032604,EMR,2013,2012,2013-09-30,2013-11-19,2012-11-20,0000032604-13-000044,0000032604-12-000012,0.998778,0.944217,79724,0.999957,1.000000,10077,0.953676,0.694595,6011
0000032604,EMR,2014,2013,2014-09-30,2014-11-19,2013-11-19,0000032604-14-000048,0000032604-13-000044,0.996357,0.882883,76496,0.988960,0.885455,10907,0.942915,0.707937,4444
0000032604,EMR,2015,2014,2015-09-30,2015-11-18,2014-11-19,0000032604-15-000051,0000032604-14-000048,0.994132,0.924392,80334,0.965849,0.871237,12575,0.986447,0.957082,4577
0000032604,EMR,2016,2015,2016-09-30,2016-11-16,2015-11-18,0000032604-16-000105,0000032604-15-000051,0.919847,0.654624,234391,0.967558,0.880383,13012,0.701454,0.180599,68883
0000032604,EMR,2017,2016,2017-09-30,2017-11-20,2016-11-16,0000032604-17-000046,0000032604-16-000105,0.995625,0.889237,228922,0.987972,0.934747,12869,0.981976,0.841599,64475
0000032604,EMR,2018,2017,2018-09-30,2018-11-19,2017-11-20,0000032604-18-000044,0000032604-17-000046,0.996670,0.896479,233342,0.969323,0.736495,17211,0.988482,0.823964,63690
0000032604,EMR,2019,2018,2019-09-30,2019-11-18,2018-11-19,0000032604-19-000048,0000032604-18-000044,0.997665,0.914729,235681,0.995292,0.917969,18081,0.992413,0.844892,60231
0000032604,EMR,2020,2019,2020-09-30,2020-11-16,2019-11-18,0000032604-20-000041,0000032604-19-000048,0.995665,0.892821,247365,0.983085,0.844215,22220,0.973212,0.830028,64613
0000032604,EMR,2021,2020,2021-09-30,2021-11-15,2020-11-16,0000032604-21-000038,0000032604-20-000041,0.995821,0.922600,243107,0.987836,0.895899,25250,0.989679,0.811242,58179
0000032604,EMR,2022,2021,2022-09-30,2022-11-14,2021-11-15,0000032604-22-000041,0000032604-21-000038,0.961902,0.891352,281836,0.988272,0.894059,26901,0.945102,0.808690,70672
0000032604,EMR,2023,2022,2023-09-30,2023-11-13,2022-11-14,0000032604-23-000044,0000032604-22-000041,0.991217,0.840235,276101,0.992649,0.917566,26738,0.971111,0.857245,69964
0000032604,EMR,2024,2023,2024-09-30,2024-11-12,2023-11-13,0000032604-24-000041,0000032604-23-000044,0.995998,0.912160,293034,0.990394,0.903846,26913,0.988230,0.913011,69091
0000032604,EMR,2025,2024,2025-09-30,2025-11-10,2024-11-12,0000032604-25-000087,0000032604-24-000041,0.990850,0.922321,271274,0.992612,0.935078,28007,0.986362,0.881369,63431
0001048911,FDX,2008,2007,2008-05-31,2008-07-16,2007-07-13,0001362310-08-003669,0000950144-07-006556,0.995295,0.846655,396569,,,0,,,0
0001048911,FDX,2009,2008,2009-05-31,2009-07-15,2008-07-16,0000950123-09-022417,0001362310-08-003669,0.998417,0.855678,426080,,,0,,,0
0001048911,FDX,2010,2009,2010-05-31,2010-07-15,2009-07-15,0000950123-10-065730,0000950123-09-022417,0.997916,0.874384,400545,,,0,,,0
0001048911,FDX,2011,2010,2011-05-31,2011-07-12,2010-07-15,0000950123-11-065246,0000950123-10-065730,0.998851,0.883500,398281,,,0,,,0
0001048911,FDX,2012,2011,2012-05-31,2012-07-16,2011-07-12,0001193125-12-303558,0000950123-11-065246,0.998533,0.902433,405220,,,0,,,0
0001048911,FDX,2013,2012,2013-05-31,2013-07-15,2012-07-16,0001193125-13-290858,0001193125-12-303558,0.998425,0.884103,428882,,,0,,,0
0001048911,FDX,2014,2013,2014-05-31,2014-07-14,2013-07-15,0001193125-14-267851,0001193125-13-290858,0.999071,0.907119,424297,,,0,,,0
0001048911,FDX,2015,2014,2015-05-31,2015-07-14,2014-07-14,0001193125-15-252494,0001193125-14-267851,0.997719,0.902531,462921,,,0,,,0
0001048911,FDX,2016,2015,2016-05-31,2016-07-18,2015-07-14,0001193125-16-650267,0001193125-15-252494,0.994297,0.858770,495582,,,0,,,0
0001048911,FDX,2017,2016,2017-05-31,2017-07-17,2016-07-18,0000950123-17-006152,0001193125-16-650267,0.996045,0.871112,514756,,,0,,,0
0001048911,FDX,2018,2017,2018-05-31,2018-07-16,2017-07-17,0001564590-18-016877,0000950123-17-006152,0.996544,0.882700,538656,,,0,,,0
0001048911,FDX,2019,2018,2019-05-31,2019-07-16,2018-07-16,0001564590-19-025065,0001564590-18-016877,0.995581,0.865271,563213,,,0,,,0
0001048911,FDX,2020,2019,2020-05-31,2020-07-20,2019-07-16,0001564590-20-032775,0001564590-19-025065,0.996151,0.884777,576058,,,59313,,,120184
0001048911,FDX,2021,2020,2021-05-31,2021-07-19,2020-07-20,0001564590-21-037031,0001564590-20-032775,0.991446,0.851638,516573,0.609137,0.328470,68347,0.922661,0.544272,93848
0001048911,FDX,2022,2021,2022-05-31,2022-07-18,2021-07-19,0000950170-22-012762,0001564590-21-037031,0.998678,0.881352,500477,0.995869,0.862977,71353,0.988289,0.746097,66986
0001048911,FDX,2023,2022,2023-05-31,2023-07-17,2022-07-18,0000950170-23-033201,0000950170-22-012762,0.998235,0.885175,518211,0.985491,0.861810,75838,0.990945,0.755271,100490
0001048911,FDX,2024,2023,2024-05-31,2024-07-15,2023-07-17,0000950170-24-083577,0000950170-23-033201,0.988648,0.865553,535481,0.968927,0.874935,83514,0.940586,0.688641,125370
0001048911,FDX,2025,2024,2025-05-31,2025-07-21,2024-07-15,0001048911-25-000011,0000950170-24-083577,0.993218,0.894956,531314,0.994057,0.916329,89077,0.983134,0.731815,168071
0000040533,GD,2008,2007,2008-12-31,2009-02-20,2008-02-22,0001193125-09-033556,0001193125-08-035841,0.968235,0.838665,306633,0.906395,0.919804,12310,0.962273,0.739155,88682
0000040533,GD,2009,2008,2009-12-31,2010-02-19,2009-02-20,0001193125-10-034883,0001193125-09-033556,0.996563,0.839900,307611,0.989919,0.926789,11483,0.989172,0.729759,88024
0000040533,GD,2010,2009,2010-12-31,2011-02-18,2010-02-19,0001193125-11-039769,0001193125-10-034883,0.997743,0.834778,303390,0.986599,0.851682,13905,0.991688,0.744044,82838
0000040533,GD,2011,2010,2011-12-31,2012-02-17,2011-02-18,0001193125-12-066385,0001193125-11-039769,0.997203,0.840102,303447,0.985208,0.835949,14021,0.986945,0.715093,84080
0000040533,GD,2012,2011,2012-12-31,2013-02-08,2012-02-17,0000040533-13-000005,0001193125-12-066385,0.995405,0.854339,296433,0.970147,0.843220,14751,0.987394,0.716871,76894
0000040533,GD,2013,2012,2013-12-31,2014-02-07,2013-02-08,0000040533-14-000002,0000040533-13-000005,0.997018,0.871139,278557,0.968451,0.829499,15903,0.988309,0.751434,67463
0000040533,GD,2014,2013,2014-12-31,2015-02-09,2014-02-07,0000040533-15-000009,0000040533-14-000002,0.998140,0.864051,270990,0.993582,0.918256,16946,0.992699,0.788006,68004
0000040533,GD,2015,2014,2015-12-31,2016-02-08,2015-02-09,0000040533-16-000056,0000040533-15-000009,0.995494,0.852660,281056,0.994400,0.956757,17256,0.980585,0.757555,68679
0000040533,GD,2016,2015,2016-12-31,2017-02-06,2016-02-08,0000040533-17-000006,0000040533-16-000056,0.997827,0.894083,300705,0.998285,0.961487,17649,0.992391,0.812374,72066
0000040533,GD,2017,2016,2017-12-31,2018-02-12,2017-02-06,0000040533-18-000008,0000040533-17-000006,0.997409,0.881252,314177,0.999116,0.985353,17411,0.990026,0.764903,68485
0000040533,GD,2018,2017,2018-12-31,2019-02-13,2018-02-12,0000040533-19-000010,0000040533-18-000008,0.989188,0.831470,337540,0.981730,0.914392,19201,0.972076,0.797003,77093
0000040533,GD,2019,2018,2019-12-31,2020-02-10,2019-02-13,0000040533-20-000015,0000040533-19-000010,0.995945,0.837676,323230,0.983764,0.946584,18175,0.988219,0.817241,63163
0000040533,GD,2020,2019,2020-12-31,2021-02-09,2020-02-10,0000040533-21-000010,0000040533-20-000015,0.994029,0.759633,312200,0.994170,0.943210,20060,0.969644,0.674766,65864
0000040533,GD,2021,2020,2021-12-31,2022-02-09,2021-02-09,0000040533-22-000007,0000040533-21-000010,0.997328,0.902650,283369,0.997234,0.957245,21429,0.988364,0.723203,56429
0000040533,GD,2022,2021,2022-12-31,2023-02-07,2022-02-09,0000040533-23-000014,0000040533-22-000007,0.998910,0.895934,285574,0.993282,0.911308,23976,0.991295,0.782253,55639
0000040533,GD,2023,2022,2023-12-31,2024-02-08,2023-02-07,0000040533-24-000007,0000040533-23-000014,0.998958,0.917991,286804,0.998007,0.960541,23086,0.991388,0.790730,53560
0000040533,GD,2024,2023,2024-12-31,2025-02-07,2024-02-08,0000040533-25-000008,0000040533-24-000007,0.999120,0.911410,290017,0.999898,0.998832,23145,0.993130,0.827710,54540
0000040533,GD,2025,2024,2025-12-31,2026-01-30,2025-02-07,0000040533-26-000006,0000040533-25-000008,0.998331,0.894737,284356,0.999959,0.998833,23202,0.981762,0.746550,46923
0000040545,GE,2008,2007,2008-12-31,2009-02-18,2008-02-20,0000040545-09-000012,0000040545-08-000011,0.922475,0.495537,513230,0.812240,0.424769,22118,,,9147
0000040545,GE,2009,2008,2009-12-31,2010-02-19,2009-02-18,0000040545-10-000010,0000040545-09-000012,0.996211,0.832414,588832,0.972404,0.650140,25373,0.931829,0.592267,10277
0000040545,GE,2010,2009,2010-12-31,2011-02-25,2010-02-19,0001193125-11-047479,0000040545-10-000010,0.995204,0.872021,678077,0.986165,0.777670,25574,0.968109,0.713262,11884
0000040545,GE,2011,2010,2011-12-31,2012-02-24,2011-02-25,0000040545-12-000016,0001193125-11-047479,0.997285,0.888049,667014,0.990056,0.894845,26919,0.830472,0.238693,25212
0000040545,GE,2012,2011,2012-12-31,2013-02-26,2012-02-24,0000040545-13-000036,0000040545-12-000016,0.971552,0.916368,676135,0.997543,0.946885,28198,0.974704,0.808099,28848
0000040545,GE,2013,2012,2013-12-31,2014-02-27,2013-02-26,0000040554-14-000023,0000040545-13-000036,0.998605,0.904015,679718,0.975715,0.861321,27799,0.983938,0.819791,32608
0000040545,GE,2016,2015,2016-12-31,2017-02-24,2016-02-26,0000040545-17-000010,0000040545-16-000145,0.996823,0.827764,669761,,,0,,,0
0000040545,GE,2017,2016,2017-12-31,2018-02-23,2017-02-24,0000040545-18-000014,0000040545-17-000010,0.992196,0.813040,732855,,,0,,,0
0000040545,GE,2018,2017,2018-12-31,2019-02-26,2018-02-23,0000040545-19-000014,0000040545-18-000014,0.995397,0.792924,728483,,,0,,,0
0000040545,GE,2019,2018,2019-12-31,2020-02-24,2019-02-26,0000040545-20-000009,0000040545-19-000014,0.993115,0.774405,595920,,,0,,,0
0000040545,GE,2020,2019,2020-12-31,2021-02-12,2020-02-24,0000040545-21-000011,0000040545-20-000009,0.993189,0.829583,555011,,,0,,,0
0000040545,GE,2021,2020,2021-12-31,2022-02-11,2021-02-12,0000040545-22-000008,0000040545-21-000011,0.948819,0.814952,482250,,,0,,,0
0000040545,GE,2022,2021,2022-12-31,2023-02-10,2022-02-11,0000040545-23-000023,0000040545-22-000008,0.992010,0.839418,455924,,,0,,,0
0000040545,GE,2023,2022,2023-12-31,2024-02-02,2023-02-10,0000040545-24-000027,0000040545-23-000023,0.994801,0.833008,444311,,,0,,,0
0000040545,GE,2024,2023,2024-12-31,2025-02-03,2024-02-02,0000040545-25-000015,0000040545-24-000027,0.989446,0.777234,417731,,,0,,,0
0000040545,GE,2025,2024,2025-12-31,2026-01-29,2025-02-03,0000040545-26-000008,0000040545-25-000015,0.995420,0.909626,394804,,,0,,,0
0001996810,GEV,2025,2024,2025-12-31,2026-01-29,2025-02-06,0001996810-26-000015,0001996810-25-000011,0.992197,0.782302,391351,0.924999,0.557880,74228,0.931303,0.512781,72734
0000882095,GILD,2008,2007,2008-12-31,2009-02-27,2008-02-27,0001193125-09-040769,0001193125-08-040255,0.994721,0.862437,473863,0.979701,0.797157,69558,0.989687,0.732999,89155
0000882095,GILD,2009,2008,2009-12-31,2010-03-01,2009-02-27,0001193125-10-044753,0001193125-09-040769,0.987556,0.861488,473492,0.962257,0.819590,66904,0.974135,0.698913,77879
0000882095,GILD,2010,2009,2010-12-31,2011-02-28,2010-03-01,0001193125-11-050041,0001193125-10-044753,0.995903,0.881373,504766,0.981298,0.835208,78314,0.986118,0.736872,79196
0000882095,GILD,2011,2010,2011-12-31,2012-02-23,2011-02-28,0001193125-12-075335,0001193125-11-050041,0.992542,0.886481,554018,0.984444,0.869707,84345,0.978818,0.707847,82176
0000882095,GILD,2012,2011,2012-12-31,2013-02-27,2012-02-23,0000882095-13-000015,0001193125-12-075335,0.987752,0.863299,526701,0.932076,0.841407,82339,0.975229,0.651308,62445
0000882095,GILD,2013,2012,2013-12-31,2014-02-25,2013-02-27,0000882095-14-000013,0000882095-13-000015,0.979069,0.888080,591456,0.956640,0.810163,91305,0.981863,0.738985,72506
0000882095,GILD,2014,2013,2014-12-31,2015-02-25,2014-02-25,0000882095-15-000008,0000882095-14-000013,0.988240,0.873740,552166,0.965647,0.796525,96621,0.975830,0.732809,66531
0000882095,GILD,2015,2014,2015-12-31,2016-02-24,2015-02-25,0000882095-16-000039,0000882095-15-000008,0.987732,0.863171,482439,0.987111,0.854648,92536,0.975012,0.752401,62817
0000882095,GILD,2016,2015,2016-12-31,2017-02-27,2016-02-24,0000882095-17-000006,0000882095-16-000039,0.990564,0.876060,493143,0.980434,0.813559,95341,0.980044,0.740793,60269
0000882095,GILD,2017,2016,2017-12-31,2018-02-27,2017-02-27,0000882095-18-000008,0000882095-17-000006,0.981552,0.825472,502278,0.953181,0.722597,95500,0.966577,0.709740,76935
0000882095,GILD,2018,2017,2018-12-31,2019-02-26,2018-02-27,0000882095-19-000006,0000882095-18-000008,0.990493,0.802086,406117,0.956920,0.732062,68810,0.971979,0.684273,70316
0000882095,GILD,2019,2018,2019-12-31,2020-02-25,2019-02-26,0000882095-20-000006,0000882095-19-000006,0.994598,0.833459,406021,0.984509,0.796306,77748,0.975460,0.643576,59451
0000882095,GILD,2020,2019,2020-12-31,2021-02-25,2020-02-25,0000882095-21-000008,0000882095-20-000006,0.982878,0.793882,454924,0.973818,0.731051,64606,0.935375,0.624051,67733
0000882095,GILD,2021,2020,2021-12-31,2022-02-23,2021-02-25,0000882095-22-000007,0000882095-21-000008,0.995678,0.867790,435403,0.989520,0.844232,68849,0.963219,0.690833,57856
0000882095,GILD,2022,2021,2022-12-31,2023-02-22,2022-02-23,0000882095-23-000007,0000882095-22-000007,0.995350,0.878715,399817,0.992199,0.864301,69683,0.934839,0.505882,34165
0000882095,GILD,2023,2022,2023-12-31,2024-02-23,2023-02-22,0000882095-24-000007,0000882095-23-000007,0.995106,0.867284,407771,0.993782,0.882501,79474,0.946542,0.607143,38570
0000882095,GILD,2024,2023,2024-12-31,2025-02-28,2024-02-23,0000882095-25-000006,0000882095-24-000007,0.996688,0.896601,415842,0.994220,0.892390,81421,0.956202,0.634286,44192
0000882095,GILD,2025,2024,2025-12-31,2026-02-24,2025-02-28,0000882095-26-000006,0000882095-25-000006,0.997457,0.893462,411388,0.991972,0.846369,83521,0.976061,0.739756,47599
0001467858,GM,2010,2009,2010-12-31,2011-03-01,2010-04-07,0001193125-11-051462,0001193125-10-078119,0.968679,0.750855,1113903,0.955376,0.674760,66821,0.971283,0.686707,309441
0001467858,GM,2011,2010,2011-12-31,2012-02-27,2011-03-01,0001467858-12-000014,0001193125-11-051462,0.995458,0.784992,762179,0.970796,0.650227,43681,0.982457,0.722123,201911
0001467858,GM,2012,2011,2012-12-31,2013-02-15,2012-02-27,0001467858-13-000025,0001467858-12-000014,0.988427,0.852206,666860,0.979765,0.790287,32805,0.977037,0.736094,166060
0001467858,GM,2013,2012,2013-12-31,2014-02-06,2013-02-15,0001467858-14-000043,0001467858-13-000025,0.995469,0.842675,521663,0.990117,0.896460,30797,0.982669,0.701950,117334
0001467858,GM,2014,2013,2014-12-31,2015-02-04,2014-02-06,0001467858-15-000036,0001467858-14-000043,0.991326,0.795519,469072,0.976317,0.742857,27374,0.950409,0.618721,117850
0001467858,GM,2015,2014,2015-12-31,2016-02-03,2015-02-04,0001467858-16-000255,0001467858-15-000036,0.996312,0.799422,423485,0.972493,0.665060,31832,0.983378,0.671691,102568
0001467858,GM,2016,2015,2016-12-31,2017-02-07,2016-02-03,0001467858-17-000028,0001467858-16-000255,0.995705,0.856342,398159,0.994790,0.908933,32529,0.986494,0.724333,98436
0001467858,GM,2017,2016,2017-12-31,2018-02-06,2017-02-07,0001467858-18-000022,0001467858-17-000028,0.993580,0.845229,407974,0.982707,0.783077,37933,0.985578,0.752773,96315
0001467858,GM,2018,2017,2018-12-31,2019-02-06,2018-02-06,0001467858-19-000033,0001467858-18-000022,0.985538,0.861554,431901,0.981259,0.802469,41724,0.965210,0.807798,97205
0001467858,GM,2019,2018,2019-12-31,2020-02-05,2019-02-06,0001467858-20-000028,0001467858-19-000033,0.994725,0.880866,413402,0.992409,0.890975,46042,0.981701,0.795119,82147
0001467858,GM,2020,2019,2020-12-31,2021-02-10,2020-02-05,0001467858-21-000037,0001467858-20-000028,0.996961,0.847943,429302,0.986884,0.878518,50616,0.983706,0.764129,87877
0001467858,GM,2021,2020,2021-12-31,2022-02-02,2021-02-10,0001467858-22-000034,0001467858-21-000037,0.995977,0.858928,417780,0.962603,0.851517,57300,0.989840,0.822049,82676
0001467858,GM,2022,2021,2022-12-31,2023-01-31,2022-02-02,0001467858-23-000029,0001467858-22-000034,0.998697,0.892070,426543,0.996187,0.906512,58121,0.991775,0.808899,89939
0001467858,GM,2023,2022,2023-12-31,2024-01-30,2023-01-31,0001467858-24-000031,0001467858-23-000029,0.998251,0.858168,435462,0.994580,0.869188,61804,0.991971,0.776994,88698
0001467858,GM,2024,2023,2024-12-31,2025-01-28,2024-01-30,0001467858-25-000032,0001467858-24-000031,0.998614,0.887187,450677,0.995243,0.888687,66864,0.991110,0.809249,85092
0001467858,GM,2025,2024,2025-12-31,2026-01-27,2025-01-28,0001467858-26-000013,0001467858-25-000032,0.998029,0.883171,452700,0.995217,0.896096,67319,0.989671,0.826610,84498
0001652044,GOOGL,2008,2007,2008-12-31,2009-02-13,2008-02-15,0001193125-09-029448,0001193125-08-032690,0.997239,0.875504,374826,0.997133,0.909542,62191,0.991166,0.766028,88523
0001652044,GOOGL,2009,2008,2009-12-31,2010-02-12,2009-02-13,0001193125-10-030774,0001193125-09-029448,0.997249,0.847212,351369,0.988952,0.834783,49810,0.989061,0.764228,78349
0001652044,GOOGL,2010,2009,2010-12-31,2011-02-11,2010-02-12,0001193125-11-032930,0001193125-10-030774,0.977789,0.718111,277596,0.982046,0.807487,47383,0.958467,0.745583,68334
0001652044,GOOGL,2011,2010,2011-12-31,2012-01-26,2011-02-11,0001193125-12-025336,0001193125-11-032930,0.998555,0.865014,286410,0.997593,0.932852,50557,0.995968,0.856485,73066
0001652044,GOOGL,2012,2011,2012-12-31,2013-01-29,2012-01-26,0001193125-13-028362,0001193125-12-025336,0.991587,0.835458,316154,0.984768,0.818462,63092,0.969879,0.744868,70278
0001652044,GOOGL,2013,2012,2013-12-31,2014-02-12,2013-01-29,0001288776-14-000020,0001193125-13-028362,0.997466,0.864233,320204,0.996529,0.964552,61102,0.979704,0.830733,72128
0001652044,GOOGL,2014,2013,2014-12-31,2015-02-09,2014-02-12,0001288776-15-000008,0001288776-14-000020,0.992918,0.813783,308645,0.995953,0.899633,59031,0.978641,0.713246,65836
0001652044,GOOGL,2015,2014,2015-12-31,2016-02-11,2015-02-09,0001652044-16-000012,0001288776-15-000008,0.918049,0.884956,380707,0.982856,0.923598,62308,0.953644,0.782543,75324
0001652044,GOOGL,2016,2015,2016-12-31,2017-02-03,2016-02-11,0001652044-17-000008,0001652044-16-000012,0.989714,0.865022,325301,0.996818,0.945831,64263,0.977091,0.849688,64273
0001652044,GOOGL,2017,2016,2017-12-31,2018-02-06,2017-02-03,0001652044-18-000007,0001652044-17-000008,0.996843,0.889232,326807,0.996894,0.928404,69350,0.984081,0.856019,67237
0001652044,GOOGL,2018,2017,2018-12-31,2019-02-05,2018-02-06,0001652044-19-000004,0001652044-18-000007,0.997694,0.896744,326675,0.994990,0.875278,71140,0.987393,0.801396,62086
0001652044,GOOGL,2019,2018,2019-12-31,2020-02-04,2019-02-05,0001652044-20-000008,0001652044-19-000004,0.997597,0.854724,323863,0.991903,0.827586,69696,0.983235,0.833067,59707
0001652044,GOOGL,2020,2019,2020-12-31,2021-02-03,2020-02-04,0001652044-21-000010,0001652044-20-000008,0.997022,0.875204,346157,0.994239,0.890625,77143,0.983232,0.778090,71427
0001652044,GOOGL,2021,2020,2021-12-31,2022-02-02,2021-02-03,0001652044-22-000019,0001652044-21-000010,0.998231,0.886364,330398,0.994118,0.867866,78122,0.987876,0.721154,54447
0001652044,GOOGL,2022,2021,2022-12-31,2023-02-03,2022-02-02,0001652044-23-000016,0001652044-22-000019,0.998371,0.874726,318667,0.994454,0.847237,72829,0.992882,0.833333,56402
0001652044,GOOGL,2023,2022,2023-12-31,2024-01-31,2023-02-03,0001652044-24-000022,0001652044-23-000016,0.995574,0.878301,340238,0.994138,0.914301,76162,0.991352,0.867243,59735
0001652044,GOOGL,2024,2023,2024-12-31,2025-02-05,2024-01-31,0001652044-25-000014,0001652044-24-000022,0.998549,0.891240,350412,0.997456,0.900728,83485,0.994873,0.912763,58066
0001652044,GOOGL,2025,2024,2025-12-31,2026-02-05,2025-02-05,0001652044-26-000018,0001652044-25-000014,0.997798,0.883019,343979,0.996507,0.894342,85247,0.984892,0.741051,52523
0000886982,GS,2008,2007,2008-11-28,2009-01-27,2008-01-29,0000950123-09-001278,0000950123-08-000857,0.991161,0.854216,748391,0.973763,0.706529,59414,0.991139,0.797683,240488
0000886982,GS,2009,2008,2009-12-31,2010-03-01,2009-01-27,0000950123-10-018464,0000950123-09-001278,0.994962,0.871468,756657,0.991056,0.816764,57393,0.991043,0.805470,216120
0000886982,GS,2010,2009,2010-12-31,2011-03-01,2010-03-01,0000950123-11-020067,0000950123-10-018464,0.993889,0.812294,785358,0.995177,0.907534,56856,0.972561,0.674612,227753
0000886982,GS,2011,2010,2011-12-31,2012-02-28,2011-03-01,0001193125-12-085822,0000950123-11-020067,0.991743,0.902906,842846,0.984907,0.942177,61538,0.976170,0.879151,255108
0000886982,GS,2012,2011,2012-12-31,2013-03-01,2012-02-28,0001193125-13-085474,0001193125-12-085822,0.999119,0.887612,895836,0.998670,0.957011,64253,0.996725,0.874860,270526
0000886982,GS,2013,2012,2013-12-31,2014-02-28,2013-03-01,0001193125-14-073792,0001193125-13-085474,0.998459,0.894092,911972,0.997411,0.909373,72327,0.995515,0.875501,287342
0000886982,GS,2014,2013,2014-12-31,2015-02-23,2014-02-28,0001193125-15-056785,0001193125-14-073792,0.998859,0.913602,921891,0.996611,0.898383,80204,0.992358,0.874504,271468
0000886982,GS,2015,2014,2015-12-31,2016-02-22,2015-02-23,0001193125-16-470289,0001193125-15-056785,0.999083,0.907212,945250,0.995218,0.894680,89365,0.996794,0.873132,277871
0000886982,GS,2016,2015,2016-12-31,2017-02-27,2016-02-22,0001193125-17-056804,0001193125-16-470289,0.999155,0.910699,955810,0.995625,0.930032,92081,0.997907,0.889054,279047
0000886982,GS,2017,2016,2017-12-31,2018-02-26,2017-02-27,0001193125-18-056383,0001193125-17-056804,0.998473,0.920536,953289,0.995801,0.908857,101195,0.996348,0.890923,270067
0000886982,GS,2018,2017,2018-12-31,2019-02-26,2018-02-26,0001193125-19-050198,0001193125-18-056383,0.998963,0.915658,960073,0.997451,0.930370,109808,0.995913,0.871738,272062
0000886982,GS,2019,2018,2019-12-31,2020-02-21,2019-02-26,0001193125-20-043853,0001193125-19-050198,0.998305,0.893013,975772,0.998479,0.942898,114228,0.994708,0.838456,261617
0000886982,GS,2020,2019,2020-12-31,2021-02-22,2020-02-21,0001193125-21-049380,0001193125-20-043853,0.998563,0.890141,1042576,0.997469,0.911525,129839,0.994021,0.854210,278857
0000886982,GS,2021,2020,2021-12-31,2022-02-25,2021-02-22,0001193125-22-052682,0001193125-21-049380,0.999259,0.896256,1067510,0.998547,0.920107,133930,0.997302,0.835846,278633
0000886982,GS,2022,2021,2022-12-31,2023-02-24,2022-02-25,0000886982-23-000003,0001193125-22-052682,0.998832,0.922063,1089807,0.996777,0.910917,142139,0.995972,0.887513,286507
0000886982,GS,2023,2022,2023-12-31,2024-02-23,2023-02-24,0000886982-24-000006,0000886982-23-000003,0.999230,0.932323,1115453,0.996708,0.915328,141991,0.995287,0.881834,291319
0000886982,GS,2024,2023,2024-12-31,2025-02-27,2024-02-23,0000886982-25-000005,0000886982-24-000006,0.999713,0.940703,1110412,0.999421,0.957333,144590,0.998655,0.934121,294755
0000886982,GS,2025,2024,2025-12-31,2026-02-25,2025-02-27,0000886982-26-000091,0000886982-25-000005,0.999563,0.939029,1094228,0.999484,0.955516,142171,0.996494,0.924232,310745
0000354950,HD,2008,2007,2008-02-03,2008-04-03,2007-03-29,0001047469-08-004077,0001047469-07-002295,0.994446,0.778477,214802,0.987772,0.863866,12436,0.977032,0.605049,38869
0000354950,HD,2009,2008,2009-02-01,2009-04-02,2008-04-03,0000950144-09-002875,0001047469-08-004077,0.996653,0.845230,203122,0.886384,0.434155,31163,0.988365,0.767483,39234
0000354950,HD,2010,2009,2010-01-31,2010-03-25,2009-04-02,0001193125-10-067178,0000950144-09-002875,0.996554,0.819575,200723,0.875281,0.457447,15248,0.987128,0.688623,42331
0000354950,HD,2011,2010,2011-01-30,2011-03-24,2010-03-25,0001193125-11-076501,0001193125-10-067178,0.998126,0.884824,204832,0.991710,0.896450,16520,0.993949,0.824337,45285
0000354950,HD,2012,2011,2012-01-29,2012-03-22,2011-03-24,0000354950-12-000003,0001193125-11-076501,0.996774,0.853541,208082,0.995128,0.930736,17389,0.991169,0.844843,42453
0000354950,HD,2013,2012,2013-02-03,2013-03-28,2012-03-22,0000354950-13-000008,0000354950-12-000003,0.995636,0.868358,203460,0.996298,0.949081,17851,0.982620,0.761618,41204
0000354950,HD,2014,2013,2014-02-02,2014-03-27,2013-03-28,0000354950-14-000008,0000354950-13-000008,0.997902,0.865483,210428,0.996044,0.941497,19757,0.992196,0.803763,41119
0000354950,HD,2015,2014,2015-02-01,2015-03-26,2014-03-27,0000354950-15-000008,0000354950-14-000008,0.995224,0.840850,240222,0.974494,0.718686,28929,0.971945,0.681677,49513
0000354950,HD,2016,2015,2016-01-31,2016-03-24,2015-03-26,0000354950-16-000060,0000354950-15-000008,0.994378,0.853829,257430,0.988497,0.879921,30342,0.985433,0.717231,50529
0000354950,HD,2017,2016,2017-01-29,2017-03-23,2016-03-24,0000354950-17-000005,0000354950-16-000060,0.997638,0.884566,245197,0.995790,0.894072,30800,0.987002,0.733280,42650
0000354950,HD,2018,2017,2018-01-28,2018-03-22,2017-03-23,0000354950-18-000019,0000354950-17-000005,0.982452,0.812212,231620,0.990473,0.827525,35654,0.958321,0.595455,30273
0000354950,HD,2019,2018,2019-02-03,2019-03-28,2018-03-22,0000354950-19-000010,0000354950-18-000019,0.997674,0.870592,247158,0.993744,0.853288,39810,0.989931,0.853892,32560
0000354950,HD,2020,2019,2020-02-02,2020-03-25,2019-03-28,0000354950-20-000015,0000354950-19-000010,0.996692,0.861565,265461,0.992875,0.900561,45866,0.976067,0.745708,30190
0000354950,HD,2021,2020,2021-01-31,2021-03-24,2020-03-25,0000354950-21-000089,0000354950-20-000015,0.994099,0.775716,298442,0.985762,0.756895,63336,0.975389,0.683664,33998
0000354950,HD,2022,2021,2022-01-30,2022-03-23,2021-03-24,0000354950-22-000070,0000354950-21-000089,0.997447,0.891817,284649,0.993497,0.851169,68191,0.978500,0.712476,28874
0000354950,HD,2023,2022,2023-01-29,2023-03-15,2022-03-23,0000354950-23-000059,0000354950-22-000070,0.998245,0.910339,285466,0.995068,0.909784,68471,0.980206,0.720000,25171
0000354950,HD,2024,2023,2024-01-28,2024-03-13,2023-03-15,0000354950-24-000062,0000354950-23-000059,0.998221,0.882653,296947,0.995263,0.881546,68249,0.989004,0.820352,24091
0000354950,HD,2025,2024,2025-02-02,2025-03-21,2024-03-13,0000354950-25-000085,0000354950-24-000062,0.983937,0.883874,323498,0.996976,0.926179,72678,0.931342,0.737201,31332
0000051143,IBM,2008,2007,2008-12-31,2009-02-24,2008-02-26,0001047469-09-001737,0001047469-08-001731,0.982771,0.753317,76920,0.967454,0.669501,17915,,,0
0000051143,IBM,2009,2008,2009-12-31,2010-02-23,2009-02-24,0001047469-10-001151,0001047469-09-001737,0.992933,0.787141,89694,0.998087,0.954039,18596,,,0
0000051143,IBM,2010,2009,2010-12-31,2011-02-22,2010-02-23,0001047469-11-001117,0001047469-10-001151,0.998114,0.899029,93550,0.997883,0.934667,19832,,,0
0000051143,IBM,2011,2010,2011-12-31,2012-02-28,2011-02-22,0001047469-12-001742,0001047469-11-001117,0.997489,0.866697,96242,0.999349,0.986613,20147,,,0
0000051143,IBM,2012,2011,2012-12-31,2013-02-26,2012-02-28,0001047469-13-001698,0001047469-12-001742,0.997580,0.878626,103069,0.999721,0.989333,20287,,,0
0000051143,IBM,2013,2012,2013-12-31,2014-02-25,2013-02-26,0001047469-14-001302,0001047469-13-001698,0.989443,0.763578,107985,0.993892,0.872941,24047,,,0
0000051143,IBM,2014,2013,2014-12-31,2015-02-24,2014-02-25,0001047469-15-001106,0001047469-14-001302,0.989902,0.737145,112729,0.998417,0.974566,24419,,,0
0000051143,IBM,2015,2014,2015-12-31,2016-02-23,2015-02-24,0001047469-16-010329,0001047469-15-001106,0.995490,0.839868,111711,0.997742,0.976190,25508,,,0
0000051143,IBM,2016,2015,2016-12-31,2017-02-28,2016-02-23,0001047469-17-001061,0001047469-16-010329,0.993318,0.773539,109887,0.997581,0.933190,26670,,,0
0000051143,IBM,2017,2016,2017-12-31,2018-02-27,2017-02-28,0001047469-18-001117,0001047469-17-001061,0.992533,0.811037,111716,0.998290,0.945946,28315,,,0
0000051143,IBM,2018,2017,2018-12-31,2019-02-26,2018-02-27,0001047469-19-000712,0001047469-18-001117,0.994666,0.786568,109890,0.995850,0.885714,30238,,,0
0000051143,IBM,2019,2018,2019-12-31,2020-02-25,2019-02-26,0001558370-20-001334,0001047469-19-000712,0.989903,0.775112,116904,0.996939,0.921788,31598,,,0
0000051143,IBM,2020,2019,2020-12-31,2021-02-23,2020-02-25,0001558370-21-001489,0001558370-20-001334,0.979857,0.761946,96945,0.990438,0.893450,36388,,,0
0000051143,IBM,2021,2020,2021-12-31,2022-02-22,2021-02-23,0001558370-22-001584,0001558370-21-001489,0.995927,0.884014,95506,0.993800,0.903308,35973,,,0
0000051143,IBM,2022,2021,2022-12-31,2023-02-28,2022-02-22,0001558370-23-002376,0001558370-22-001584,0.998460,0.936550,93763,0.998239,0.980357,35315,,,0
0000051143,IBM,2023,2022,2023-12-31,2024-02-26,2023-02-28,0000051143-24-000012,0001558370-23-002376,0.996380,0.929708,102511,0.998103,0.994565,35342,,,0
0000051143,IBM,2024,2023,2024-12-31,2025-02-25,2024-02-26,0000051143-25-000015,0000051143-24-000012,0.998406,0.959091,105293,0.990080,0.925569,36703,,,0
0000051143,IBM,2025,2024,2025-12-31,2026-02-24,2025-02-25,0000051143-26-000010,0000051143-25-000015,0.997680,0.948006,102889,0.998403,0.987307,36483,,,0
0000050863,INTC,2008,2007,2008-12-27,2009-02-23,2008-02-20,0000891618-09-000047,0000891618-08-000106,0.992986,0.802135,451347,0.991949,0.859000,31566,0.974178,0.718280,109024
0000050863,INTC,2009,2008,2009-12-26,2010-02-22,2009-02-23,0000950123-10-015237,0000891618-09-000047,0.995137,0.825255,436802,0.993921,0.878963,31695,0.988333,0.750000,84684
0000050863,INTC,2010,2009,2010-12-25,2011-02-18,2010-02-22,0000950123-11-015783,0000950123-10-015237,0.997557,0.846450,435422,0.995706,0.899719,33670,0.990256,0.743284,85968
0000050863,INTC,2011,2010,2011-12-31,2012-02-23,2011-02-18,0001193125-12-075534,0000950123-11-015783,0.994901,0.830877,401654,0.976269,0.767624,28496,0.980129,0.694530,71233
0000050863,INTC,2012,2011,2012-12-29,2013-02-19,2012-02-23,0001193125-13-065416,0001193125-12-075534,0.997834,0.854545,397153,0.991548,0.858550,31992,0.992676,0.815920,70227
0000050863,INTC,2013,2012,2013-12-28,2014-02-14,2013-02-19,0000050863-14-000020,0001193125-13-065416,0.997235,0.900541,413999,0.995231,0.899153,34721,0.985782,0.806383,70541
0000050863,INTC,2014,2013,2014-12-27,2015-02-13,2014-02-14,0000050863-15-000015,0000050863-14-000020,0.997104,0.865450,417963,0.983751,0.728603,38243,0.987567,0.824838,70804
0000050863,INTC,2015,2014,2015-12-26,2016-02-12,2015-02-13,0000050863-16-000105,0000050863-15-000015,0.994550,0.895479,443325,0.999402,0.973878,38378,0.970299,0.838664,82332
0000050863,INTC,2016,2015,2016-12-31,2017-02-17,2016-02-12,0000050863-17-000012,0000050863-16-000105,0.993137,0.830582,390667,0.997294,0.914418,42266,0.951160,0.539962,51545
0000050863,INTC,2017,2016,2017-12-30,2018-02-16,2017-02-17,0000050863-18-000007,0000050863-17-000012,0.990960,0.764331,356402,,,0,,,0
0000050863,INTC,2018,2017,2018-12-29,2019-02-01,2018-02-16,0000050863-19-000007,0000050863-18-000007,0.992927,0.786832,408049,,,0,,,0
0000050863,INTC,2019,2018,2019-12-28,2020-01-24,2019-02-01,0000050863-20-000011,0000050863-19-000007,0.994913,0.792829,408513,,,0,,,0
0000050863,INTC,2020,2019,2020-12-26,2021-01-22,2020-01-24,0000050863-21-000010,0000050863-20-000011,0.992446,0.782837,443929,,,0,,,0
0000050863,INTC,2021,2020,2021-12-25,2022-01-27,2021-01-22,0000050863-22-000007,0000050863-21-000010,0.994447,0.795514,451842,,,0,,,0
0000050863,INTC,2022,2021,2022-12-31,2023-01-27,2022-01-27,0000050863-23-000006,0000050863-22-000007,0.991247,0.784768,474691,,,0,,,0
0000050863,INTC,2023,2022,2023-12-30,2024-01-26,2023-01-27,0000050863-24-000010,0000050863-23-000006,0.997430,0.840040,477588,,,0,,,0
0000050863,INTC,2024,2023,2024-12-28,2025-01-31,2024-01-26,0000050863-25-000009,0000050863-24-000010,0.993418,0.832613,468968,,,0,,,0
0000050863,INTC,2025,2024,2025-12-27,2026-01-23,2025-01-31,0000050863-26-000011,0000050863-25-000009,0.992987,0.785831,516667,,,0,,,0
0000896878,INTU,2008,2007,2008-07-31,2008-09-12,2007-09-14,0000950134-08-016540,0000950134-07-020001,0.995922,0.852860,404873,0.995165,0.871824,71114,0.987328,0.777857,82015
0000896878,INTU,2009,2008,2009-07-31,2009-09-15,2008-09-12,0000950123-09-043307,0000950134-08-016540,0.996184,0.883888,382116,0.975485,0.779738,51383,0.988007,0.800860,85348
0000896878,INTU,2010,2009,2010-07-31,2010-09-16,2009-09-15,0000950123-10-086635,0000950123-09-043307,0.995795,0.873630,370826,0.987029,0.773163,46956,0.987672,0.787879,88655
0000896878,INTU,2011,2010,2011-07-31,2011-09-14,2010-09-16,0000896878-11-000093,0000950123-10-086635,0.997544,0.915839,378463,0.996293,0.920250,53914,0.993485,0.862345,85373
0000896878,INTU,2012,2011,2012-07-31,2012-09-13,2011-09-14,0000896878-12-000146,0000896878-11-000093,0.998207,0.939138,396180,0.999229,0.976808,55707,0.996317,0.891192,89194
0000896878,INTU,2013,2012,2013-07-31,2013-09-13,2012-09-13,0000896878-13-000149,0000896878-12-000146,0.997541,0.921323,397816,0.997826,0.938392,59395,0.993843,0.855226,83493
0000896878,INTU,2014,2013,2014-07-31,2014-09-12,2013-09-13,0000896878-14-000163,0000896878-13-000149,0.998155,0.932587,375328,0.998074,0.943299,56915,0.988404,0.810541,70488
0000896878,INTU,2015,2014,2015-07-31,2015-09-01,2014-09-12,0000896878-15-000116,0000896878-14-000163,0.998421,0.943572,376371,0.997724,0.945525,59370,0.994940,0.880713,71938
0000896878,INTU,2016,2015,2016-07-31,2016-09-01,2015-09-01,0000896878-16-000286,0000896878-15-000116,0.996561,0.953869,378814,0.998161,0.949521,61328,0.989645,0.881528,71946
0000896878,INTU,2017,2016,2017-07-31,2017-09-01,2016-09-01,0000896878-17-000130,0000896878-16-000286,0.997268,0.928204,362164,0.995505,0.878585,63068,0.996770,0.940066,65985
0000896878,INTU,2018,2017,2018-07-31,2018-08-31,2017-09-01,0000896878-18-000171,0000896878-17-000130,0.994536,0.897315,371220,0.994540,0.897543,68524,0.989720,0.854618,61831
0000896878,INTU,2019,2018,2019-07-31,2019-08-30,2018-08-31,0000896878-19-000132,0000896878-18-000171,0.997823,0.901160,368751,0.998646,0.964393,68856,0.992667,0.841283,60923
0000896878,INTU,2020,2019,2020-07-31,2020-08-31,2019-08-30,0000896878-20-000148,0000896878-19-000132,0.996623,0.919879,387972,0.988106,0.905639,82993,0.988767,0.858995,58463
0000896878,INTU,2021,2020,2021-07-31,2021-09-08,2020-08-31,0000896878-21-000233,0000896878-20-000148,0.991047,0.888430,411835,0.997237,0.936147,82527,0.983354,0.857254,64283
0000896878,INTU,2022,2021,2022-07-31,2022-09-02,2021-09-08,0000896878-22-000028,0000896878-21-000233,0.994534,0.874844,405862,0.996125,0.881462,81555,0.983026,0.898974,66410
0000896878,INTU,2023,2022,2023-07-31,2023-09-01,2022-09-02,0000896878-23-000034,0000896878-22-000028,0.997952,0.930627,411081,0.995736,0.921301,86030,0.994527,0.905556,66836
0000896878,INTU,2024,2023,2024-07-31,2024-09-04,2023-09-01,0000896878-24-000039,0000896878-23-000034,0.997180,0.898664,426526,0.998671,0.938647,86488,0.984455,0.872894,70018
0000896878,INTU,2025,2024,2025-07-31,2025-09-03,2024-09-04,0000896878-25-000035,0000896878-24-000039,0.997437,0.912866,418015,0.997496,0.927225,86152,0.990051,0.895260,68064
0001035267,ISRG,2008,2007,2008-12-31,2009-02-06,2008-02-14,0001193125-09-021360,0001193125-08-031448,0.992101,0.835905,355310,0.986977,0.813620,44344,0.979764,0.696325,39153
0001035267,ISRG,2009,2008,2009-12-31,2010-01-29,2009-02-06,0001193125-10-016932,0001193125-09-021360,0.982200,0.753033,301141,0.991114,0.817927,51428,0.977714,0.741153,40400
0001035267,ISRG,2010,2009,2010-12-31,2011-02-01,2010-01-29,0001193125-11-020229,0001193125-10-016932,0.997295,0.892587,315837,0.989409,0.838095,60596,0.991883,0.710363,45686
0001035267,ISRG,2011,2010,2011-12-31,2012-02-06,2011-02-01,0001193125-12-039226,0001193125-11-020229,0.994971,0.817972,311961,0.995264,0.873117,68803,0.982739,0.659770,48220
0001035267,ISRG,2012,2011,2012-12-31,2013-02-04,2012-02-06,0001193125-13-036675,0001193125-12-039226,0.997948,0.914484,333009,0.997435,0.925439,74376,0.986345,0.765625,51377
0001035267,ISRG,2013,2012,2013-12-31,2014-02-03,2013-02-04,0001035267-14-000009,0001193125-13-036675,0.997177,0.893209,380764,0.994943,0.884910,79092,0.971922,0.684176,64963
0001035267,ISRG,2014,2013,2014-12-31,2015-02-06,2014-02-03,0001035267-15-000014,0001035267-14-000009,0.996780,0.887374,407016,0.997274,0.930138,82301,0.972460,0.713738,83734
0001035267,ISRG,2015,2014,2015-12-31,2016-02-02,2015-02-06,0001035267-16-000130,0001035267-15-000014,0.997204,0.909586,405592,0.992627,0.879732,90801,0.979237,0.742392,77779
0001035267,ISRG,2016,2015,2016-12-31,2017-02-06,2016-02-02,0001035267-17-000021,0001035267-16-000130,0.998012,0.909925,413608,0.997136,0.898734,95511,0.984247,0.667044,57882
0001035267,ISRG,2017,2016,2017-12-31,2018-02-02,2017-02-06,0001035267-18-000013,0001035267-17-000021,0.998568,0.944656,434807,0.998188,0.941839,100819,0.966921,0.735168,76002
0001035267,ISRG,2018,2017,2018-12-31,2019-02-04,2018-02-02,0001035267-19-000012,0001035267-18-000013,0.996370,0.881531,447316,0.997458,0.922291,111899,0.983582,0.756788,82877
0001035267,ISRG,2019,2018,2019-12-31,2020-02-07,2019-02-04,0001035267-20-000032,0001035267-19-000012,0.998044,0.915487,482415,0.997233,0.927013,122865,0.987908,0.807628,87430
0001035267,ISRG,2020,2019,2020-12-31,2021-02-10,2020-02-07,0001035267-21-000028,0001035267-20-000032,0.995360,0.868360,534667,0.996998,0.902391,140155,0.976639,0.781655,108285
0001035267,ISRG,2021,2020,2021-12-31,2022-02-03,2021-02-10,0001035267-22-000014,0001035267-21-000028,0.996494,0.849532,570369,0.991681,0.834975,158176,0.989283,0.849566,112606
0001035267,ISRG,2022,2021,2022-12-31,2023-02-10,2022-02-03,0001035267-23-000019,0001035267-22-000014,0.998513,0.887178,594273,0.995843,0.866577,167334,0.993580,0.837068,114120
0001035267,ISRG,2023,2022,2023-12-31,2024-01-31,2023-02-10,0001035267-24-000021,0001035267-23-000019,0.998495,0.910776,618709,0.996917,0.896641,190295,0.991224,0.814918,110008
0001035267,ISRG,2024,2023,2024-12-31,2025-01-31,2024-01-31,0001035267-25-000017,0001035267-24-000021,0.997750,0.905978,611434,0.997349,0.880811,187938,0.985804,0.832606,105076
0001035267,ISRG,2025,2024,2025-12-31,2026-02-03,2025-01-31,0001035267-26-000010,0001035267-25-000017,0.998833,0.924532,597087,0.997179,0.904516,186429,0.989096,0.824284,96698
0000200406,JNJ,2008,2007,2008-12-28,2009-02-20,2008-02-26,0000950123-09-003187,0000950123-08-002130,0.996041,0.942136,58957,,,0,,,0
0000200406,JNJ,2009,2008,2010-01-03,2010-03-01,2009-02-20,0000950123-10-019392,0000950123-09-003187,0.993854,0.891399,56334,,,0,,,0
0000200406,JNJ,2010,2009,2011-01-02,2011-02-25,2010-03-01,0000950123-11-018128,0000950123-10-019392,0.994745,0.893664,56451,,,0,,,0
0000200406,JNJ,2011,2010,2012-01-01,2012-02-23,2011-02-25,0001193125-12-075565,0000950123-11-018128,0.995873,0.856646,56414,,,0,,,0
0000200406,JNJ,2012,2011,2012-12-30,2013-02-22,2012-02-23,0000200406-13-000038,0001193125-12-075565,0.986986,0.829071,55246,,,0,,,0
0000200406,JNJ,2013,2012,2013-12-29,2014-02-21,2013-02-22,0000200406-14-000033,0000200406-13-000038,0.995834,0.887664,56304,,,0,,,0
0000200406,JNJ,2014,2013,2014-12-28,2015-02-24,2014-02-21,0000200406-15-000004,0000200406-14-000033,0.995676,0.848822,59014,,,0,,,0
0000200406,JNJ,2015,2014,2016-01-03,2016-02-24,2015-02-24,0000200406-16-000071,0000200406-15-000004,0.942253,0.411455,337636,,,0,,,81669
0000200406,JNJ,2016,2015,2017-01-01,2017-02-27,2016-02-24,0000200406-17-000006,0000200406-16-000071,0.994667,0.809353,374651,,,23518,0.994120,0.798724,80168
0000200406,JNJ,2017,2016,2017-12-31,2018-02-21,2017-02-27,0000200406-18-000005,0000200406-17-000006,0.994328,0.834541,376020,0.986982,0.923077,24364,0.986735,0.756455,73262
0000200406,JNJ,2018,2017,2018-12-30,2019-02-20,2018-02-21,0000200406-19-000009,0000200406-18-000005,0.997797,0.863636,412171,0.986377,0.884462,26273,0.994452,0.803805,75608
0000200406,JNJ,2019,2018,2019-12-29,2020-02-18,2019-02-20,0000200406-20-000010,0000200406-19-000009,0.996889,0.853733,442796,0.990622,0.891013,27228,0.989037,0.826344,65356
0000200406,JNJ,2020,2019,2021-01-03,2021-02-22,2020-02-18,0000200406-21-000008,0000200406-20-000010,0.994833,0.828094,437121,0.979503,0.797725,35955,0.982532,0.788342,69783
0000200406,JNJ,2021,2020,2022-01-02,2022-02-17,2021-02-22,0000200406-22-000022,0000200406-21-000008,0.997292,0.862349,450693,0.986773,0.892938,41351,0.991923,0.819058,67591
0000200406,JNJ,2022,2021,2023-01-01,2023-02-16,2022-02-17,0000200406-23-000016,0000200406-22-000022,0.994646,0.865318,457052,0.986861,0.909548,46143,0.985102,0.779302,66659
0000200406,JNJ,2023,2022,2023-12-31,2024-02-16,2023-02-16,0000200406-24-000013,0000200406-23-000016,0.986785,0.814662,416630,0.983742,0.844983,42376,0.977144,0.777908,65159
0000200406,JNJ,2024,2023,2024-12-29,2025-02-13,2024-02-16,0000200406-25-000038,0000200406-24-000013,0.997952,0.892315,421669,0.992669,0.906528,41412,0.991161,0.867278,67767
0000200406,JNJ,2025,2024,2025-12-28,2026-02-11,2025-02-13,0000200406-26-000016,0000200406-25-000038,0.997573,0.898612,418215,0.993274,0.962006,43489,0.985302,0.846995,66041
0000019617,JPM,2008,2007,2008-12-31,2009-03-02,2008-02-29,0000950123-09-003840,0001193125-08-043536,0.992680,0.806516,1148267,0.646664,0.671561,42177,,,0
0000019617,JPM,2009,2008,2009-12-31,2010-02-24,2009-03-02,0000950123-10-016029,0000950123-09-003840,0.998058,0.835608,1222444,0.991546,0.834213,41707,,,0
0000019617,JPM,2010,2009,2010-12-31,2011-02-28,2010-02-24,0000950123-11-019773,0000950123-10-016029,0.996564,0.828539,1352859,0.672336,0.725260,46969,,,0
0000019617,JPM,2011,2010,2011-12-31,2012-02-29,2011-02-28,0000019617-12-000163,0000950123-11-019773,0.997219,0.844236,1316791,0.988063,0.684211,66694,,,0
0000019617,JPM,2012,2011,2012-12-31,2013-02-28,2012-02-29,0000019617-13-000221,0000019617-12-000163,0.995476,0.842048,1394609,0.992576,0.793011,83479,,,0
0000019617,JPM,2013,2012,2013-12-31,2014-02-20,2013-02-28,0000019617-14-000289,0000019617-13-000221,0.998548,0.848518,1355798,0.986123,0.700475,58402,,,0
0000019617,JPM,2014,2013,2014-12-31,2015-02-24,2014-02-20,0000019617-15-000272,0000019617-14-000289,0.998506,0.865694,1257468,0.995219,0.779245,60137,,,0
0000019617,JPM,2015,2014,2015-12-31,2016-02-23,2015-02-24,0000019617-16-000902,0000019617-15-000272,0.999223,0.898900,1222093,0.996192,0.862821,67863,,,0
0000019617,JPM,2016,2015,2016-12-31,2017-02-28,2016-02-23,0000019617-17-000314,0000019617-16-000902,0.998946,0.883349,1194319,0.996169,0.801471,80796,,,0
0000019617,JPM,2017,2016,2017-12-31,2018-02-27,2017-02-28,0000019617-18-000057,0000019617-17-000314,0.996715,0.868883,1193734,0.565980,0.737024,96343,,,0
0000019617,JPM,2018,2017,2018-12-31,2019-02-26,2018-02-27,0000019617-19-000054,0000019617-18-000057,0.998451,0.885714,1219951,0.997852,0.831992,116528,,,0
0000019617,JPM,2019,2018,2019-12-31,2020-02-25,2019-02-26,0000019617-20-000257,0000019617-19-000054,0.999095,0.912777,1158821,0.999290,0.909729,114554,,,0
0000019617,JPM,2020,2019,2020-12-31,2021-02-23,2020-02-25,0000019617-21-000236,0000019617-20-000257,0.996224,0.884144,1255831,0.998413,0.865393,131298,,,0
0000019617,JPM,2021,2020,2021-12-31,2022-02-22,2021-02-23,0000019617-22-000272,0000019617-21-000236,0.998367,0.911206,1158283,0.999268,0.897905,128855,,,0
0000019617,JPM,2022,2021,2022-12-31,2023-02-21,2022-02-22,0000019617-23-000231,0000019617-22-000272,0.999323,0.940449,1152351,0.999204,0.925926,124844,,,0
0000019617,JPM,2023,2022,2023-12-31,2024-02-16,2023-02-21,0000019617-24-000225,0000019617-23-000231,0.998244,0.926743,1237222,0.999493,0.907978,132947,,,0
0000019617,JPM,2024,2023,2024-12-31,2025-02-14,2024-02-16,0000019617-25-000270,0000019617-24-000225,0.964553,0.938320,1212648,0.252452,0.931738,137111,,,0
0000019617,JPM,2025,2024,2025-12-31,2026-02-13,2025-02-14,0001628280-26-008131,0000019617-25-000270,0.998845,0.912425,1180910,0.996528,0.769815,113413,,,0
0000021344,KO,2008,2007,2008-12-31,2009-02-26,2008-02-28,0001047469-09-001875,0001193125-08-041768,0.997122,0.880306,566790,0.991339,0.885996,36786,0.992519,0.849569,44721
0000021344,KO,2009,2008,2009-12-31,2010-02-26,2009-02-26,0001047469-10-001476,0001047469-09-001875,0.993793,0.869650,551554,0.993218,0.869205,40111,,,0
0000021344,KO,2010,2009,2010-12-31,2011-02-28,2010-02-26,0001047469-11-001506,0001047469-10-001476,0.983173,0.836715,684783,0.979970,0.798375,46776,,,128238
0000021344,KO,2011,2010,2011-12-31,2012-02-23,2011-02-28,0000021344-12-000007,0001047469-11-001506,0.997944,0.903373,696287,0.982395,0.833448,50956,0.990761,0.852264,126457
0000021344,KO,2012,2011,2012-12-31,2013-02-27,2012-02-23,0000021344-13-000007,0000021344-12-000007,0.997180,0.910770,733741,0.983930,0.852304,49242,0.995286,0.866142,127078
0000021344,KO,2013,2012,2013-12-31,2014-02-27,2013-02-27,0000021344-14-000008,0000021344-13-000007,0.988838,0.879990,648535,0.996648,0.908711,52903,0.994642,0.856762,123114
0000021344,KO,2014,2013,2014-12-31,2015-02-25,2014-02-27,0000021344-15-000005,0000021344-14-000008,0.997961,0.923020,645091,0.994180,0.899800,56381,0.814677,0.405904,33752
0000021344,KO,2015,2014,2015-12-31,2016-02-25,2015-02-25,0000021344-16-000050,0000021344-15-000005,0.996408,0.902653,693738,0.994582,0.901266,62701,0.990048,0.843404,38053
0000021344,KO,2016,2015,2016-12-31,2017-02-24,2016-02-25,0000021344-17-000009,0000021344-16-000050,0.997325,0.928397,697359,0.997413,0.916870,64646,0.558212,0.239678,46133
0000021344,KO,2017,2016,2017-12-31,2018-02-23,2017-02-24,0000021344-18-000008,0000021344-17-000009,0.997353,0.936047,692823,0.995399,0.895320,62251,0.984853,0.717748,36197
0000021344,KO,2018,2017,2018-12-31,2019-02-21,2018-02-23,0000021344-19-000014,0000021344-18-000008,0.998461,0.913525,705624,0.995338,0.902633,69476,0.891261,0.330248,61233
0000021344,KO,2019,2018,2019-12-31,2020-02-24,2019-02-21,0000021344-20-000006,0000021344-19-000014,0.998508,0.914626,665379,0.995420,0.912442,75304,0.995837,0.929183,64144
0000021344,KO,2020,2019,2020-12-31,2021-02-25,2020-02-24,0000021344-21-000008,0000021344-20-000006,0.995788,0.866430,642916,0.992568,0.847186,84633,0.964468,0.576689,155234
0000021344,KO,2021,2020,2021-12-31,2022-02-22,2021-02-25,0000021344-22-000009,0000021344-21-000008,0.998472,0.890200,610006,0.994792,0.822233,86433,0.997355,0.864676,157159
0000021344,KO,2022,2021,2022-12-31,2023-02-21,2022-02-22,0000021344-23-000011,0000021344-22-000009,0.999432,0.936328,606694,0.994740,0.903658,87060,0.997942,0.928013,162576
0000021344,KO,2023,2022,2023-12-31,2024-02-20,2023-02-21,0000021344-24-000009,0000021344-23-000011,0.999158,0.927114,602616,0.997685,0.913486,89400,0.996190,0.901603,172670
0000021344,KO,2024,2023,2024-12-31,2025-02-20,2024-02-20,0000021344-25-000011,0000021344-24-000009,0.999342,0.944956,604578,0.998512,0.954082,90857,0.998865,0.936257,176310
0000021344,KO,2025,2024,2025-12-31,2026-02-20,2025-02-20,0001628280-26-010047,0000021344-25-000011,0.999522,0.960657,602696,0.999203,0.965341,92462,0.584539,0.075797,3236
0001707925,LIN,2018,2017,2018-12-31,2019-03-18,2018-03-23,0001628280-19-003050,0001707925-18-000004,0.940401,0.416895,432572,0.884722,0.363526,29343,0.758578,0.148008,107398
0001707925,LIN,2019,2018,2019-12-31,2020-03-02,2019-03-18,0001707925-20-000015,0001628280-19-003050,0.997190,0.898775,448318,0.999907,0.993103,29215,0.946471,0.814988,130276
0001707925,LIN,2020,2019,2020-12-31,2021-03-01,2020-03-02,0001628280-21-003574,0001707925-20-000015,0.992925,0.891001,349653,0.996358,0.877934,27844,0.928784,0.792544,75529
0001707925,LIN,2021,2020,2021-12-31,2022-02-28,2021-03-01,0001628280-22-004180,0001628280-21-003574,0.998458,0.940830,335960,0.999630,0.978066,28370,0.995384,0.925798,75907
0001707925,LIN,2022,2021,2022-12-31,2023-02-28,2022-02-28,0001628280-23-005434,0001628280-22-004180,0.998984,0.935223,328893,0.994546,0.918426,28050,0.994515,0.943515,75814
0001707925,LIN,2023,2022,2023-12-31,2024-02-28,2023-02-28,0001628280-24-007424,0001628280-23-005434,0.998919,0.942822,337248,0.996054,0.937316,26896,0.994263,0.958538,74267
0001707925,LIN,2024,2023,2024-12-31,2025-02-26,2024-02-28,0001628280-25-007990,0001628280-24-007424,0.999013,0.940055,337926,0.999725,0.979508,26430,0.997474,0.956860,72696
0001707925,LIN,2025,2024,2025-12-31,2026-02-25,2025-02-26,0001628280-26-011430,0001628280-25-007990,0.999700,0.956105,338079,0.999874,0.988648,26787,0.998044,0.920280,72615
0000059478,LLY,2008,2007,2008-12-31,2009-02-27,2008-02-29,0000950152-09-001897,0000950137-08-003028,0.994486,0.824759,333027,0.975352,0.802980,12658,0.993689,0.780000,134603
0000059478,LLY,2009,2008,2009-12-31,2010-02-22,2009-02-27,0000950123-10-014958,0000950152-09-001897,0.997010,0.841039,354738,0.978825,0.850467,13606,0.982557,0.601121,85284
0000059478,LLY,2010,2009,2010-12-31,2011-02-22,2010-02-22,0001193125-11-041620,0000950123-10-014958,0.996303,0.838198,350476,0.987851,0.919431,13819,0.975771,0.564648,140889
0000059478,LLY,2011,2010,2011-12-31,2012-02-24,2011-02-22,0001193125-12-078393,0001193125-11-041620,0.995566,0.843047,327658,0.980279,0.848752,14406,0.976156,0.581286,78587
0000059478,LLY,2012,2011,2012-12-31,2013-02-21,2012-02-24,0000059478-13-000007,0001193125-12-078393,0.997045,0.881207,318077,0.965842,0.783083,15424,0.984168,0.697444,67100
0000059478,LLY,2013,2012,2013-12-31,2014-02-19,2013-02-21,0000059478-14-000078,0000059478-13-000007,0.997270,0.860673,323077,0.955550,0.652608,21405,0.970369,0.582126,48408
0000059478,LLY,2014,2013,2014-12-31,2015-02-19,2014-02-19,0000059478-15-000100,0000059478-14-000078,0.995628,0.876136,352397,0.978288,0.776316,25064,0.961624,0.547646,73965
0000059478,LLY,2015,2014,2015-12-31,2016-02-19,2015-02-19,0000059478-16-000321,0000059478-15-000100,0.996353,0.869927,376856,0.987398,0.867126,26264,0.986662,0.805246,82403
0000059478,LLY,2016,2015,2016-12-31,2017-02-21,2016-02-19,0000059478-17-000098,0000059478-16-000321,0.997201,0.881245,375038,0.969609,0.733587,22719,0.989609,0.845218,82190
0000059478,LLY,2017,2016,2017-12-31,2018-02-20,2017-02-21,0000059478-18-000089,0000059478-17-000098,0.996561,0.899174,392751,0.995274,0.950000,23344,0.989719,0.845943,85852
0000059478,LLY,2018,2017,2018-12-31,2019-02-19,2018-02-20,0000059478-19-000082,0000059478-18-000089,0.993024,0.876334,393667,0.989677,0.934283,25725,0.987727,0.783554,84199
0000059478,LLY,2019,2018,2019-12-31,2020-02-19,2019-02-19,0000059478-20-000057,0000059478-19-000082,0.992494,0.841140,382035,0.986721,0.886694,26184,0.988095,0.803922,80038
0000059478,LLY,2020,2019,2020-12-31,2021-02-17,2020-02-19,0000059478-21-000083,0000059478-20-000057,0.989727,0.816355,416984,0.961625,0.776492,34604,0.962632,0.700342,80377
0000059478,LLY,2021,2020,2021-12-31,2022-02-23,2021-02-17,0000059478-22-000068,0000059478-21-000083,0.996612,0.857688,417478,0.987262,0.773188,40852,0.758117,0.317723,43608
0000059478,LLY,2022,2021,2022-12-31,2023-02-22,2022-02-23,0000059478-23-000082,0000059478-22-000068,0.996131,0.859294,408239,0.986446,0.769930,50325,0.988289,0.850717,42139
0000059478,LLY,2023,2022,2023-12-31,2024-02-21,2023-02-22,0000059478-24-000065,0000059478-23-000082,0.995346,0.835409,414107,0.981929,0.738975,62874,0.969152,0.678832,38966
0000059478,LLY,2024,2023,2024-12-31,2025-02-19,2024-02-21,0000059478-25-000067,0000059478-24-000065,0.997588,0.886667,411185,0.994622,0.867251,68778,0.977803,0.769285,30180
0000059478,LLY,2025,2024,2025-12-31,2026-02-12,2025-02-19,0000059478-26-000013,0000059478-25-000067,0.996066,0.867828,367329,0.995789,0.860542,77540,0.990852,0.901749,30531
0000936468,LMT,2008,2007,2008-12-31,2009-02-26,2008-02-28,0001193125-09-038670,0001193125-08-041793,0.998018,0.821700,416724,0.995365,0.931004,33183,0.994438,0.783576,132859
0000936468,LMT,2009,2008,2009-12-31,2010-02-25,2009-02-26,0001193125-10-040520,0001193125-09-038670,0.996561,0.802297,387015,0.996564,0.948602,33911,0.995200,0.856150,136510
0000936468,LMT,2010,2009,2010-12-31,2011-02-25,2010-02-25,0001193125-11-045739,0001193125-10-040520,0.995529,0.803305,364346,0.970006,0.633383,34047,0.989707,0.692754,125177
0000936468,LMT,2011,2010,2011-12-31,2012-02-23,2011-02-25,0001193125-12-074929,0001193125-11-045739,0.995433,0.828414,381058,0.986755,0.851911,38666,0.986964,0.734649,132518
0000936468,LMT,2012,2011,2012-12-31,2013-02-28,2012-02-23,0001193125-13-082873,0001193125-12-074929,0.991729,0.851534,411254,0.982633,0.809038,43896,0.981854,0.765475,149755
0000936468,LMT,2013,2012,2013-12-31,2014-02-14,2013-02-28,0001193125-14-055034,0001193125-13-082873,0.997064,0.873315,416714,0.985805,0.844193,49180,0.992445,0.823370,151515
0000936468,LMT,2014,2013,2014-12-31,2015-02-09,2014-02-14,0001193125-15-038681,0001193125-14-055034,0.997342,0.897924,422905,0.981226,0.828903,49797,0.994049,0.844764,154946
0000936468,LMT,2015,2014,2015-12-31,2016-02-24,2015-02-09,0001193125-16-476010,0001193125-15-038681,0.988898,0.875819,491041,0.975304,0.832031,56238,0.986027,0.842481,171682
0000936468,LMT,2016,2015,2016-12-31,2017-02-09,2016-02-24,0001193125-17-036192,0001193125-16-476010,0.991999,0.858245,488866,0.982785,0.788544,56519,0.985617,0.792197,157619
0000936468,LMT,2017,2016,2017-12-31,2018-02-06,2017-02-09,0000936468-18-000009,0001193125-17-036192,0.998107,0.884740,494571,0.990413,0.837612,51883,0.995692,0.825000,170336
0000936468,LMT,2018,2017,2018-12-31,2019-02-08,2018-02-06,0000936468-19-000009,0000936468-18-000009,0.996234,0.873110,490311,0.988792,0.844828,56955,0.991010,0.806759,154932
0000936468,LMT,2019,2018,2019-12-31,2020-02-07,2019-02-08,0000936468-20-000016,0000936468-19-000009,0.995970,0.881075,470452,0.987923,0.830389,68326,,,0
0000936468,LMT,2020,2019,2020-12-31,2021-01-28,2020-02-07,0000936468-21-000013,0000936468-20-000016,0.996152,0.875164,498393,0.983021,0.837009,84117,,,0
0000936468,LMT,2021,2020,2021-12-31,2022-01-25,2021-01-28,0000936468-22-000008,0000936468-21-000013,0.997801,0.866650,493665,0.990813,0.781871,88676,,,0
0000936468,LMT,2022,2021,2022-12-31,2023-01-26,2022-01-25,0000936468-23-000009,0000936468-22-000008,0.997180,0.865423,481911,0.986302,0.780842,82415,,,0
0000936468,LMT,2023,2022,2023-12-31,2024-01-23,2023-01-26,0000936468-24-000010,0000936468-23-000009,0.998355,0.893472,450520,0.996285,0.858724,74693,,,0
0000936468,LMT,2024,2023,2024-12-31,2025-01-28,2024-01-23,0000936468-25-000009,0000936468-24-000010,0.999095,0.908025,450707,0.998809,0.960458,75505,,,0
0000936468,LMT,2025,2024,2025-12-31,2026-01-29,2025-01-28,0001628280-26-004195,0000936468-25-000009,0.998068,0.895325,435997,0.996681,0.921199,78784,,,0
0000060667,LOW,2008,2007,2008-02-01,2008-04-01,2007-04-03,0000060667-08-000067,0000060667-07-000052,0.993745,0.832131,73151,0.986717,0.873823,10296,,,0
0000060667,LOW,2009,2008,2009-01-30,2009-03-31,2008-04-01,0000060667-09-000036,0000060667-08-000067,0.993176,0.798073,73222,0.976340,0.850352,11586,,,0
0000060667,LOW,2010,2009,2010-01-29,2010-03-30,2009-03-31,0000060667-10-000059,0000060667-09-000036,0.979056,0.683440,68015,0.982886,0.827372,14038,,,0
0000060667,LOW,2011,2010,2011-01-28,2011-03-29,2010-03-30,0000060667-11-000061,0000060667-10-000059,0.985414,0.753566,73667,0.910290,0.499445,15643,,,28778
0000060667,LOW,2012,2011,2012-02-03,2012-04-02,2011-03-29,0000060667-12-000096,0000060667-11-000061,0.933570,0.574141,236715,0.979838,0.810513,16746,0.796366,0.285993,62415
0000060667,LOW,2013,2012,2013-02-01,2013-04-02,2012-04-02,0000060667-13-000045,0000060667-12-000096,0.997326,0.843535,232981,0.996482,0.958069,17404,0.981438,0.684584,57900
0000060667,LOW,2014,2013,2014-01-31,2014-03-31,2013-04-02,0000060667-14-000054,0000060667-13-000045,0.995093,0.852941,244104,0.980495,0.813115,21441,0.985698,0.734324,56064
0000060667,LOW,2015,2014,2015-01-30,2015-03-31,2014-03-31,0000060667-15-000057,0000060667-14-000054,0.996780,0.863693,236233,0.983776,0.820988,22223,0.991368,0.753888,52395
0000060667,LOW,2016,2015,2016-01-29,2016-03-29,2015-03-31,0000060667-16-000276,0000060667-15-000057,0.996914,0.864699,267033,0.973214,0.721981,31971,0.981462,0.709720,61174
0000060667,LOW,2017,2016,2017-02-03,2017-04-04,2016-03-29,0000060667-17-000076,0000060667-16-000276,0.995699,0.869256,285273,0.993624,0.912343,31378,0.986500,0.731647,66905
0000060667,LOW,2018,2017,2018-02-02,2018-04-02,2017-04-04,0000060667-18-000051,0000060667-17-000076,0.998139,0.862522,286515,0.994559,0.887083,36324,0.986638,0.712693,66096
0000060667,LOW,2019,2018,2019-02-01,2019-04-02,2018-04-02,0000060667-19-000042,0000060667-18-000051,0.996703,0.868481,323575,0.992690,0.905780,40210,0.981379,0.734029,74039
0000060667,LOW,2020,2019,2020-01-31,2020-03-23,2019-04-02,0000060667-20-000036,0000060667-19-000042,0.995391,0.838575,300402,0.989099,0.838855,39086,0.974715,0.683108,54239
0000060667,LOW,2021,2020,2021-01-29,2021-03-22,2020-03-23,0000060667-21-000026,0000060667-20-000036,0.994345,0.832452,290444,0.991248,0.828658,41565,0.972792,0.696862,54667
0000060667,LOW,2022,2021,2022-01-28,2022-03-21,2021-03-22,0000060667-22-000038,0000060667-21-000026,0.997356,0.845004,279948,0.990567,0.861314,48125,0.926921,0.407547,19092
0000060667,LOW,2023,2022,2023-02-03,2023-03-27,2022-03-21,0000060667-23-000034,0000060667-22-000038,0.995617,0.837177,292516,0.996985,0.879298,49837,0.946245,0.633858,19406
0000060667,LOW,2024,2023,2024-02-02,2024-03-25,2023-03-27,0000060667-24-000033,0000060667-23-000034,0.997532,0.889546,289406,0.997156,0.926690,50790,0.967152,0.692982,17507
0000060667,LOW,2025,2024,2025-01-31,2025-03-24,2024-03-25,0000060667-25-000049,0000060667-24-000033,0.997948,0.934962,281926,0.996898,0.951271,53781,0.981817,0.762440,16230
0000707549,LRCX,2008,2007,2008-06-29,2008-08-28,2008-03-31,0000950134-08-015947,0000891618-08-000189,0.974313,0.750133,335948,0.996084,0.951915,40699,0.949189,0.674973,69370
0000707549,LRCX,2009,2008,2009-06-28,2009-08-27,2008-08-28,0001193125-09-182356,0000950134-08-015947,0.994166,0.868045,340941,0.988076,0.849673,35553,0.988521,0.790971,76681
0000707549,LRCX,2010,2009,2010-06-27,2010-08-23,2009-08-27,0001193125-10-194304,0001193125-09-182356,0.994607,0.881084,319902,0.987026,0.843384,36857,0.978778,0.725935,60888
0000707549,LRCX,2011,2010,2011-06-26,2011-08-19,2010-08-23,0001193125-11-227691,0001193125-10-194304,0.996841,0.905443,325325,0.994626,0.904443,38732,0.994119,0.842105,56669
0000707549,LRCX,2012,2011,2012-06-24,2012-08-22,2011-08-19,0001193125-12-365446,0001193125-11-227691,0.987895,0.840683,363212,0.994356,0.910328,42764,0.989884,0.863326,51885
0000707549,LRCX,2013,2012,2013-06-30,2013-08-27,2012-08-22,0001193125-13-348269,0001193125-12-365446,0.997103,0.837794,353790,0.995264,0.858586,48328,0.995095,0.849961,52107
0000707549,LRCX,2014,2013,2014-06-29,2014-08-26,2013-08-27,0001193125-14-321759,0001193125-13-348269,0.997014,0.911705,339339,0.994539,0.894884,48894,0.995119,0.823575,52170
0000707549,LRCX,2015,2014,2015-06-28,2015-08-13,2014-08-26,0001193125-15-290023,0001193125-14-321759,0.997302,0.924839,322222,0.996266,0.910292,52032,0.992811,0.876078,51806
0000707549,LRCX,2016,2015,2016-06-26,2016-08-17,2015-08-13,0000707549-16-000050,0001193125-15-290023,0.984272,0.915083,376107,0.888357,0.858567,69440,0.975717,0.788648,57907
0000707549,LRCX,2017,2016,2017-06-25,2017-08-15,2016-08-17,0000707549-17-000100,0000707549-16-000050,0.993241,0.900642,358260,0.900997,0.839879,55859,0.993504,0.822948,52840
0000707549,LRCX,2018,2017,2018-06-24,2018-08-14,2017-08-15,0000707549-18-000115,0000707549-17-000100,0.996795,0.869435,378624,0.998422,0.946837,56744,0.989614,0.832340,55656
0000707549,LRCX,2019,2018,2019-06-30,2019-08-20,2018-08-14,0000707549-19-000124,0000707549-18-000115,0.998947,0.930454,373525,0.999169,0.980874,57363,0.992743,0.827790,51544
0000707549,LRCX,2020,2019,2020-06-28,2020-08-18,2019-08-20,0000707549-20-000138,0000707549-19-000124,0.998313,0.919355,368449,0.990461,0.912214,65172,0.994598,0.885514,52354
0000707549,LRCX,2021,2020,2021-06-27,2021-08-17,2020-08-18,0000707549-21-000136,0000707549-20-000138,0.996640,0.909364,346850,0.995226,0.931349,69507,0.992168,0.861348,50879
0000707549,LRCX,2022,2021,2022-06-26,2022-08-24,2021-08-17,0000707549-22-000107,0000707549-21-000136,0.998753,0.958806,338981,0.997106,0.961516,74426,0.976415,0.779743,37514
0000707549,LRCX,2023,2022,2023-06-25,2023-08-15,2022-08-24,0000707549-23-000102,0000707549-22-000107,0.999077,0.917271,349017,0.996158,0.925140,78821,0.993137,0.854073,39230
0000707549,LRCX,2024,2023,2024-06-30,2024-08-29,2023-08-15,0000707549-24-000106,0000707549-23-000102,0.998091,0.938024,338196,0.999193,0.976457,79669,0.976898,0.793327,30949
0000707549,LRCX,2025,2024,2025-06-29,2025-08-11,2024-08-29,0000707549-25-000075,0000707549-24-000106,0.998735,0.951886,331596,0.998627,0.963475,81480,0.990881,0.844512,32182
0001141391,MA,2008,2007,2008-12-31,2009-02-19,2008-02-21,0001193125-09-033062,0001193125-08-034694,0.998139,0.876012,517465,0.991336,0.815492,81983,0.988422,0.761442,95506
0001141391,MA,2009,2008,2009-12-31,2010-02-18,2009-02-19,0001193125-10-034065,0001193125-09-033062,0.997769,0.840010,498595,0.957195,0.585928,168590,0.984472,0.693333,80156
0001141391,MA,2010,2009,2010-12-31,2011-02-24,2010-02-18,0001193125-11-044721,0001193125-10-034065,0.997559,0.872845,515985,0.946211,0.560714,72411,0.992161,0.803289,96111
0001141391,MA,2011,2010,2011-12-31,2012-02-16,2011-02-24,0001141391-12-000003,0001193125-11-044721,0.998534,0.889356,511369,0.996003,0.860828,76890,0.985655,0.762752,84151
0001141391,MA,2012,2011,2012-12-31,2013-02-14,2012-02-16,0001141391-13-000003,0001141391-12-000003,0.994823,0.840654,468931,0.986205,0.797245,82385,0.987828,0.726807,61834
0001141391,MA,2013,2012,2013-12-31,2014-02-14,2013-02-14,0001141391-14-000003,0001141391-13-000003,0.997826,0.834111,383615,0.994165,0.852376,78026,0.994030,0.858006,55411
0001141391,MA,2014,2013,2014-12-31,2015-02-13,2014-02-14,0001141391-15-000011,0001141391-14-000003,0.998409,0.879750,353923,0.993743,0.872825,69599,0.996152,0.892380,58080
0001141391,MA,2015,2014,2015-12-31,2016-02-12,2015-02-13,0001141391-16-000085,0001141391-15-000011,0.998335,0.895729,340738,0.993884,0.890655,64213,0.986078,0.816327,59649
0001141391,MA,2016,2015,2016-12-31,2017-02-15,2016-02-12,0001141391-17-000014,0001141391-16-000085,0.998795,0.929082,364825,0.997610,0.929129,68037,0.989756,0.911526,62249
0001141391,MA,2017,2016,2017-12-31,2018-02-14,2017-02-15,0001141391-18-000009,0001141391-17-000014,0.994429,0.854560,417206,0.985992,0.822711,75794,0.963692,0.822190,72806
0001141391,MA,2018,2017,2018-12-31,2019-02-13,2018-02-14,0001141391-19-000013,0001141391-18-000009,0.998147,0.869705,412804,0.995519,0.864437,69388,0.986600,0.787390,61825
0001141391,MA,2019,2018,2019-12-31,2020-02-14,2019-02-13,0001141391-20-000032,0001141391-19-000013,0.995608,0.867090,409644,0.997490,0.955261,70633,0.979102,0.756464,51533
0001141391,MA,2020,2019,2020-12-31,2021-02-12,2020-02-14,0001141391-21-000018,0001141391-20-000032,0.998284,0.887419,415453,0.996412,0.906440,73197,0.986967,0.799458,51460
0001141391,MA,2021,2020,2021-12-31,2022-02-11,2021-02-12,0001141391-22-000023,0001141391-21-000018,0.998714,0.878477,433687,0.998361,0.945088,76603,0.993721,0.830896,51562
0001141391,MA,2022,2021,2022-12-31,2023-02-14,2022-02-11,0001141391-23-000020,0001141391-22-000023,0.999011,0.898980,452164,0.997423,0.909936,82185,0.988745,0.820215,60388
0001141391,MA,2023,2022,2023-12-31,2024-02-13,2023-02-14,0001141391-24-000022,0001141391-23-000020,0.998988,0.905079,459291,0.995669,0.861993,82979,0.993521,0.836331,54545
0001141391,MA,2024,2023,2024-12-31,2025-02-12,2024-02-13,0001141391-25-000011,0001141391-24-000022,0.998956,0.884915,451041,0.997686,0.920993,81703,0.995209,0.886973,52233
0001141391,MA,2025,2024,2025-12-31,2026-02-11,2025-02-12,0001141391-26-000013,0001141391-25-000011,0.999380,0.922525,448900,0.999374,0.966161,83264,0.997009,0.908821,50002
0000063908,MCD,2008,2007,2008-12-31,2009-02-25,2008-02-25,0001193125-09-037008,0001193125-08-037220,0.997925,0.877510,269638,0.992103,0.891332,17064,0.994335,0.815748,111651
0000063908,MCD,2009,2008,2009-12-31,2010-02-26,2009-02-25,0001193125-10-042025,0001193125-09-037008,0.994658,0.848584,268591,0.983231,0.823600,18151,0.993130,0.806604,105657
0000063908,MCD,2010,2009,2010-12-31,2011-02-25,2010-02-26,0001193125-11-046701,0001193125-10-042025,0.993971,0.853854,240294,0.981920,0.816133,17332,0.986344,0.788305,89710
0000063908,MCD,2011,2010,2011-12-31,2012-02-24,2011-02-25,0001193125-12-077317,0001193125-11-046701,0.996818,0.902071,238492,0.988983,0.839178,18716,0.994671,0.843182,89161
0000063908,MCD,2012,2011,2012-12-31,2013-02-25,2012-02-24,0000063908-13-000010,0001193125-12-077317,0.997580,0.888158,239989,0.988899,0.861340,19884,0.993202,0.800992,91579
0000063908,MCD,2013,2012,2013-12-31,2014-02-24,2013-02-25,0000063908-14-000019,0000063908-13-000010,0.998289,0.868858,226369,0.986939,0.822099,20430,0.993021,0.763158,80301
0000063908,MCD,2014,2013,2014-12-31,2015-02-24,2014-02-24,0000063908-15-000016,0000063908-14-000019,0.996479,0.846932,247646,0.932823,0.640420,31225,0.991702,0.787185,87571
0000063908,MCD,2015,2014,2015-12-31,2016-02-25,2015-02-24,0000063908-16-000103,0000063908-15-000016,0.993120,0.846054,259215,0.995334,0.907931,33327,0.971575,0.700159,88871
0000063908,MCD,2016,2015,2016-12-31,2017-03-01,2016-02-25,0000063908-17-000017,0000063908-16-000103,0.997557,0.852941,256840,0.994843,0.870322,35231,0.990548,0.723428,80309
0000063908,MCD,2017,2016,2017-12-31,2018-02-23,2017-03-01,0000063908-18-000010,0000063908-17-000017,0.998045,0.897757,260921,0.996314,0.923144,36443,0.992301,0.792597,82688
0000063908,MCD,2018,2017,2018-12-31,2019-02-22,2018-02-23,0000063908-19-000010,0000063908-18-000010,0.998672,0.873360,258872,0.994840,0.905417,36621,0.994650,0.767671,80769
0000063908,MCD,2019,2018,2019-12-31,2020-02-26,2019-02-22,0000063908-20-000022,0000063908-19-000010,0.996789,0.888445,255873,,,0,,,0
0000063908,MCD,2020,2019,2020-12-31,2021-02-23,2020-02-26,0000063908-21-000013,0000063908-20-000022,0.994607,0.822840,269381,,,0,,,0
0000063908,MCD,2021,2020,2021-12-31,2022-02-24,2021-02-23,0000063908-22-000011,0000063908-21-000013,0.997905,0.889776,268821,,,0,,,0
0000063908,MCD,2022,2021,2022-12-31,2023-02-24,2022-02-24,0000063908-23-000012,0000063908-22-000011,0.998482,0.896731,267473,,,0,,,0
0000063908,MCD,2023,2022,2023-12-31,2024-02-22,2023-02-24,0000063908-24-000072,0000063908-23-000012,0.998361,0.899970,275033,,,0,,,0
0000063908,MCD,2024,2023,2024-12-31,2025-02-25,2024-02-22,0000063908-25-000012,0000063908-24-000072,0.998763,0.903730,282900,,,0,,,0
0000063908,MCD,2025,2024,2025-12-31,2026-02-24,2025-02-25,0000063908-26-000035,0000063908-25-000012,0.999449,0.950062,275771,,,0,,,0
0001103982,MDLZ,2008,2007,2008-12-31,2009-02-27,2008-02-25,0001193125-09-040798,0001193125-08-037590,0.988936,0.854635,343753,0.978887,0.812139,15767,0.977717,0.769149,111708
0001103982,MDLZ,2009,2008,2009-12-31,2010-02-25,2009-02-27,0001193125-10-040106,0001193125-09-040798,0.973004,0.830751,387189,0.981211,0.826613,16414,0.967322,0.732029,141275
0001103982,MDLZ,2010,2009,2010-12-31,2011-02-28,2010-02-25,0001193125-11-048979,0001193125-10-040106,0.989248,0.814889,384533,0.962233,0.690372,24783,0.980830,0.761738,133580
0001103982,MDLZ,2011,2010,2011-12-31,2012-02-27,2011-02-28,0001193125-12-080318,0001193125-11-048979,0.993371,0.845777,377551,0.977180,0.790291,29571,0.982017,0.770439,125774
0001103982,MDLZ,2012,2011,2012-12-31,2013-02-25,2012-02-27,0001193125-13-073227,0001193125-12-080318,0.978111,0.739350,393494,0.977546,0.777778,30119,0.958191,0.716201,126014
0001103982,MDLZ,2013,2012,2013-12-31,2014-03-03,2013-02-25,0001193125-14-079175,0001193125-13-073227,0.988553,0.838757,456750,0.990051,0.793469,36707,0.983729,0.754550,157909
0001103982,MDLZ,2014,2013,2014-12-31,2015-02-20,2014-03-03,0001193125-15-055355,0001193125-14-079175,0.992258,0.842971,402040,0.993791,0.859799,40219,0.962848,0.613361,103030
0001103982,MDLZ,2015,2014,2015-12-31,2016-02-19,2015-02-20,0001193125-16-469394,0001193125-15-055355,0.984406,0.849433,462743,0.995143,0.885800,41464,0.960889,0.797203,129726
0001103982,MDLZ,2016,2015,2016-12-31,2017-02-24,2016-02-19,0001193125-17-055858,0001193125-16-469394,0.989809,0.843599,487638,0.995271,0.881417,43857,0.980523,0.775852,147837
0001103982,MDLZ,2017,2016,2017-12-31,2018-02-09,2017-02-24,0001193125-18-037332,0001193125-17-055858,0.994020,0.869127,480633,0.992315,0.839838,49138,0.979392,0.778674,141783
0001103982,MDLZ,2018,2017,2018-12-31,2019-02-08,2018-02-09,0001103982-19-000005,0001193125-18-037332,0.987549,0.874737,469184,0.995498,0.890039,54979,0.965611,0.820160,128014
0001103982,MDLZ,2019,2018,2019-12-31,2020-02-07,2019-02-08,0001103982-20-000003,0001103982-19-000005,0.997987,0.891645,471491,0.995522,0.890036,60266,0.991483,0.868728,125449
0001103982,MDLZ,2020,2019,2020-12-31,2021-02-05,2020-02-07,0001103982-21-000004,0001103982-20-000003,0.988906,0.851676,485282,0.990025,0.895677,67575,0.971400,0.786288,141316
0001103982,MDLZ,2021,2020,2021-12-31,2022-02-04,2021-02-05,0001103982-22-000003,0001103982-21-000004,0.996918,0.883548,501337,0.994671,0.877772,75210,0.987824,0.810909,147073
0001103982,MDLZ,2022,2021,2022-12-31,2023-02-03,2022-02-04,0001103982-23-000006,0001103982-22-000003,0.994001,0.859329,475754,0.994655,0.860453,81471,0.978881,0.703742,125420
0001103982,MDLZ,2023,2022,2023-12-31,2024-02-02,2023-02-03,0001103982-24-000019,0001103982-23-000006,0.996294,0.896835,460234,0.997512,0.920290,83029,0.986289,0.844042,110987
0001103982,MDLZ,2024,2023,2024-12-31,2025-02-05,2024-02-02,0001103982-25-000030,0001103982-24-000019,0.997730,0.922340,452459,0.997714,0.911988,84468,0.988468,0.871975,116494
0001103982,MDLZ,2025,2024,2025-12-31,2026-02-04,2025-02-05,0001628280-26-005345,0001103982-25-000030,0.996405,0.913968,413166,0.996839,0.898041,81421,0.978767,0.802885,86267
0001613103,MDT,2008,2007,2008-04-25,2008-06-24,2007-06-25,0000897101-08-001392,0000897101-07-001326,0.990697,0.762581,189798,0.987246,0.873460,25736,,,0
0001613103,MDT,2009,2008,2009-04-24,2009-06-23,2008-06-24,0000897101-09-001266,0000897101-08-001392,0.990751,0.794335,195415,0.987011,0.877320,26976,,,0
0001613103,MDT,2010,2009,2010-04-30,2010-06-29,2009-06-23,0000897101-10-001328,0000897101-09-001266,0.967838,0.617010,129126,0.990815,0.852507,27710,,,0
0001613103,MDT,2011,2010,2011-04-29,2011-06-28,2010-06-29,0000897101-11-001132,0000897101-10-001328,0.992369,0.845757,138464,0.973751,0.856215,33687,,,0
0001613103,MDT,2012,2011,2012-04-27,2012-06-26,2011-06-28,0000897101-12-001054,0000897101-11-001132,0.926772,0.634963,510840,0.961856,0.629898,70810,,,0
0001613103,MDT,2013,2012,2013-04-26,2013-06-24,2012-06-26,0000064670-13-000006,0000897101-12-001054,0.997211,0.888631,497965,0.962525,0.670879,45473,,,0
0001613103,MDT,2014,2013,2014-04-25,2014-06-20,2013-06-24,0000064670-14-000010,0000064670-13-000006,0.994136,0.887305,537647,0.983746,0.911290,52629,,,0
0001613103,MDT,2015,2014,2015-04-24,2015-06-23,2014-06-20,0001613103-15-000028,0000064670-14-000010,0.972921,0.738483,626091,0.939493,0.646878,88972,,,2261
0001613103,MDT,2016,2015,2016-04-29,2016-06-28,2015-06-23,0001613103-16-000093,0001613103-15-000028,0.997183,0.891628,628724,0.971430,0.884827,89071,,,0
0001613103,MDT,2017,2016,2017-04-28,2017-06-27,2016-06-28,0001613103-17-000018,0001613103-16-000093,0.996258,0.896397,612986,0.997609,0.920753,94059,,,2565
0001613103,MDT,2018,2017,2018-04-27,2018-06-22,2017-06-27,0001613103-18-000024,0001613103-17-000018,0.993974,0.832785,533671,0.982553,0.733366,61895,,,0
0001613103,MDT,2019,2018,2019-04-26,2019-06-21,2018-06-22,0001613103-19-000028,0001613103-18-000024,0.998065,0.908400,524141,0.999121,0.972171,62455,,,0
0001613103,MDT,2020,2019,2020-04-24,2020-06-19,2019-06-21,0001613103-20-000021,0001613103-19-000028,0.993531,0.888355,497191,0.987494,0.885552,72030,,,0
0001613103,MDT,2021,2020,2021-04-30,2021-06-25,2020-06-19,0001613103-21-000027,0001613103-20-000021,0.996861,0.856722,478835,0.997955,0.914488,72915,,,0
0001613103,MDT,2022,2021,2022-04-29,2022-06-23,2021-06-25,0001613103-22-000023,0001613103-21-000027,0.998685,0.893939,462306,0.997398,0.885255,71377,,,0
0001613103,MDT,2023,2022,2023-04-28,2023-06-22,2022-06-23,0001613103-23-000040,0001613103-22-000023,0.998678,0.900971,460580,0.997686,0.918490,73392,,,0
0001613103,MDT,2024,2023,2024-04-26,2024-06-20,2023-06-22,0001613103-24-000072,0001613103-23-000040,0.998668,0.912825,466790,0.995831,0.887114,72855,,,0
0001613103,MDT,2025,2024,2025-04-25,2025-06-20,2024-06-20,0001613103-25-000091,0001613103-24-000072,0.998668,0.933304,461480,0.998915,0.968316,73211,,,0
0001326801,META,2013,2012,2013-12-31,2014-01-31,2013-02-01,0001326801-14-000007,0001326801-13-000003,0.996824,0.876171,320523,0.992908,0.891304,92917,0.990768,0.944690,7048
0001326801,META,2014,2013,2014-12-31,2015-01-29,2014-01-31,0001326801-15-000006,0001326801-14-000007,0.993587,0.842887,296835,0.992496,0.890367,93158,0.984572,0.944325,7546
0001326801,META,2015,2014,2015-12-31,2016-01-28,2015-01-29,0001326801-16-000043,0001326801-15-000006,0.997737,0.891425,296599,0.996582,0.917460,98781,0.967569,0.824950,7225
0001326801,META,2016,2015,2016-12-31,2017-02-03,2016-01-28,0001326801-17-000007,0001326801-16-000043,0.996184,0.907539,320877,0.996427,0.908127,105682,0.985196,0.915254,7802
0001326801,META,2017,2016,2017-12-31,2018-02-01,2017-02-03,0001326801-18-000009,0001326801-17-000007,0.997685,0.902501,313671,0.995855,0.909763,109749,0.997226,0.959488,7670
0001326801,META,2018,2017,2018-12-31,2019-01-31,2018-02-01,0001326801-19-000009,0001326801-18-000009,0.998315,0.903267,321115,0.995927,0.913827,116526,,,0
0001326801,META,2019,2018,2019-12-31,2020-01-30,2019-01-31,0001326801-20-000013,0001326801-19-000009,0.995825,0.888413,367389,0.995681,0.910524,140104,,,18196
0001326801,META,2020,2019,2020-12-31,2021-01-28,2020-01-30,0001326801-21-000014,0001326801-20-000013,0.997407,0.887385,419015,0.995331,0.896299,162520,0.989654,0.830961,19049
0001326801,META,2021,2020,2021-12-31,2022-02-03,2021-01-28,0001326801-22-000018,0001326801-21-000014,0.996446,0.925999,424229,0.997617,0.937606,170480,0.858671,0.417391,9987
0001326801,META,2022,2021,2022-12-31,2023-02-02,2022-02-03,0001326801-23-000013,0001326801-22-000018,0.998322,0.878462,462418,0.998493,0.926931,169004,0.915668,0.627976,6572
0001326801,META,2023,2022,2023-12-31,2024-02-02,2023-02-02,0001326801-24-000012,0001326801-23-000013,0.997976,0.880370,487560,0.997342,0.917071,182385,0.979404,0.757895,6185
0001326801,META,2024,2023,2024-12-31,2025-01-30,2024-02-02,0001326801-25-000017,0001326801-24-000012,0.998189,0.920102,500235,0.998639,0.937947,189112,0.928893,0.837945,5641
0001326801,META,2025,2024,2025-12-31,2026-01-29,2025-01-30,0001628280-26-003942,0001326801-25-000017,0.998620,0.924837,516044,0.999063,0.958747,196032,0.984231,0.854902,5889
0000066740,MMM,2008,2007,2008-12-31,2009-02-17,2008-02-15,0001104659-09-009669,0001104659-08-011226,0.994882,0.831063,430133,0.962764,0.756962,7666,0.985137,0.721288,130567
0000066740,MMM,2009,2008,2009-12-31,2010-02-16,2009-02-17,0001104659-10-007295,0001104659-09-009669,0.996045,0.822943,483730,0.999670,0.997449,7664,0.991763,0.774387,131242
0000066740,MMM,2010,2009,2010-12-31,2011-02-16,2010-02-16,0001104659-11-007845,0001104659-10-007295,0.996307,0.825794,468552,0.988082,0.883212,7366,0.988504,0.716032,109445
0000066740,MMM,2011,2010,2011-12-31,2012-02-16,2011-02-16,0001104659-12-010566,0001104659-11-007845,0.998411,0.861777,484738,0.983849,0.845133,8931,0.991871,0.826660,118326
0000066740,MMM,2012,2011,2012-12-31,2013-02-14,2012-02-16,0001104659-13-010881,0001104659-12-010566,0.997666,0.894620,467888,0.995678,0.963675,9274,0.988465,0.845175,112712
0000066740,MMM,2013,2012,2013-12-31,2014-02-13,2013-02-14,0001104659-14-009773,0001104659-13-010881,0.997657,0.897358,457066,0.995021,0.935484,9830,0.990056,0.819475,111519
0000066740,MMM,2014,2013,2014-12-31,2015-02-12,2014-02-13,0001104659-15-009560,0001104659-14-009773,0.998353,0.887529,453741,0.996357,0.953216,10291,0.993360,0.806889,109471
0000066740,MMM,2015,2014,2015-12-31,2016-02-11,2015-02-12,0001558370-16-003162,0001104659-15-009560,0.997499,0.890135,450058,0.988488,0.898396,11672,0.992613,0.844444,107662
0000066740,MMM,2016,2015,2016-12-31,2017-02-09,2016-02-11,0001558370-17-000479,0001558370-16-003162,0.998264,0.900322,484879,0.997474,0.970280,12035,0.991605,0.877419,118876
0000066740,MMM,2017,2016,2017-12-31,2018-02-08,2017-02-09,0001558370-18-000535,0001558370-17-000479,0.994265,0.876912,506883,0.995714,0.947826,11578,0.961209,0.770799,124499
0000066740,MMM,2018,2017,2018-12-31,2019-02-07,2018-02-08,0001558370-19-000470,0001558370-18-000535,0.996798,0.850736,505427,0.996395,0.947826,11950,0.987134,0.836522,132132
0000066740,MMM,2019,2018,2019-12-31,2020-02-06,2019-02-07,0001558370-20-000581,0001558370-19-000470,0.993995,0.842045,531672,0.939320,0.726115,17091,0.979202,0.798989,126802
0000066740,MMM,2020,2019,2020-12-31,2021-02-04,2020-02-06,0001558370-21-000737,0001558370-20-000581,0.996761,0.829750,544904,0.972757,0.784599,22819,0.983735,0.809189,128035
0000066740,MMM,2021,2020,2021-12-31,2022-02-09,2021-02-04,0000066740-22-000010,0001558370-21-000737,0.997323,0.877232,506110,0.997779,0.946597,22702,0.985680,0.770285,88712
0000066740,MMM,2022,2021,2022-12-31,2023-02-08,2022-02-09,0000066740-23-000014,0000066740-22-000010,0.994372,0.849265,512923,0.963045,0.671300,34699,0.971716,0.778116,87479
0000066740,MMM,2023,2022,2023-12-31,2024-02-07,2023-02-08,0000066740-24-000016,0000066740-23-000014,0.990297,0.845495,503801,0.948225,0.779279,40310,0.986195,0.846557,88410
0000066740,MMM,2024,2023,2024-12-31,2025-02-05,2024-02-07,0000066740-25-000006,0000066740-24-000016,0.976012,0.850325,523701,0.967221,0.849602,44706,0.962231,0.798408,87023
0000066740,MMM,2025,2024,2025-12-31,2026-02-03,2025-02-05,0000066740-26-000014,0000066740-25-000006,0.996218,0.852401,468974,0.995846,0.900144,48417,0.959190,0.792980,63293
0000764180,MO,2008,2007,2008-12-31,2009-02-27,2008-02-28,0001193125-09-041005,0001193125-08-041586,0.935074,0.720253,196421,0.898530,0.595146,16176,,,0
0000764180,MO,2009,2008,2009-12-31,2010-02-24,2009-02-27,0001193125-10-039027,0001193125-09-041005,0.995272,0.834333,215222,0.985881,0.902036,19037,,,0
0000764180,MO,2010,2009,2010-12-31,2011-02-25,2010-02-24,0001193125-11-045778,0001193125-10-039027,0.996400,0.873518,229194,0.994717,0.939099,20474,,,0
0000764180,MO,2011,2010,2011-12-31,2012-02-16,2011-02-25,0001193125-12-064660,0001193125-11-045778,0.996705,0.853573,232210,0.993376,0.922108,22204,,,0
0000764180,MO,2012,2011,2012-12-31,2013-02-27,2012-02-16,0000764180-13-000024,0001193125-12-064660,0.969885,0.679064,526897,0.992811,0.953620,21583,,,153710
0000764180,MO,2013,2012,2013-12-31,2014-02-26,2013-02-27,0000764180-14-000025,0000764180-13-000024,0.996245,0.893669,522347,0.996140,0.931868,23550,0.992438,0.851695,142756
0000764180,MO,2014,2013,2014-12-31,2015-02-25,2014-02-26,0000764180-15-000022,0000764180-14-000025,0.998065,0.894867,504917,0.987339,0.913276,26620,0.992972,0.827571,129383
0000764180,MO,2015,2014,2015-12-31,2016-02-25,2015-02-25,0000764180-16-000128,0000764180-15-000022,0.996525,0.910084,544465,0.968868,0.850630,33697,0.998132,0.904064,128590
0000764180,MO,2016,2015,2016-12-31,2017-02-27,2016-02-25,0000764180-17-000028,0000764180-16-000128,0.995802,0.916174,565357,0.972082,0.885553,32059,0.993560,0.897412,133580
0000764180,MO,2017,2016,2017-12-31,2018-02-27,2017-02-27,0000764180-18-000028,0000764180-17-000028,0.993671,0.865962,528821,0.997759,0.916667,32591,0.993397,0.865535,134932
0000764180,MO,2018,2017,2018-12-31,2019-02-26,2018-02-27,0000764180-19-000023,0000764180-18-000028,0.964738,0.871814,474373,0.923273,0.874023,40152,0.977473,0.850068,139709
0000764180,MO,2019,2018,2019-12-31,2020-02-25,2019-02-26,0000764180-20-000018,0000764180-19-000023,0.967009,0.867365,504955,0.934349,0.874404,46064,0.972823,0.834215,149895
0000764180,MO,2020,2019,2020-12-31,2021-02-26,2020-02-25,0000764180-21-000037,0000764180-20-000018,0.994085,0.833091,539524,0.988378,0.806429,55924,0.978415,0.752993,178607
0000764180,MO,2021,2020,2021-12-31,2022-02-25,2021-02-26,0000764180-22-000019,0000764180-21-000037,0.997883,0.880514,515073,0.980454,0.882519,56431,0.993982,0.805645,160321
0000764180,MO,2022,2021,2022-12-31,2023-02-27,2022-02-25,0000764180-23-000020,0000764180-22-000019,0.897962,0.859223,485421,0.865195,0.696695,49607,0.896491,0.820513,150209
0000764180,MO,2023,2022,2023-12-31,2024-02-27,2023-02-27,0000764180-24-000018,0000764180-23-000020,0.979883,0.855419,487579,0.973840,0.845346,51794,0.981815,0.844013,149780
0000764180,MO,2024,2023,2024-12-31,2025-02-26,2024-02-27,0000764180-25-000019,0000764180-24-000018,0.996811,0.898519,517870,0.986962,0.876083,65410,0.994690,0.864142,160282
0000764180,MO,2025,2024,2025-12-31,2026-02-25,2025-02-26,0000764180-26-000017,0000764180-25-000019,0.991528,0.884383,505337,0.932866,0.932345,68914,0.985280,0.817370,149840
0000310158,MRK,2008,2007,2008-12-31,2009-02-27,2008-02-29,0000950123-09-003694,0000950123-08-002339,0.999006,0.870091,466702,0.996812,0.843028,39336,0.985949,0.667152,46803
0000310158,MRK,2009,2008,2009-12-31,2010-03-01,2009-02-27,0000950123-10-018679,0000950123-09-003694,0.756561,0.546579,887748,0.452048,0.469565,66565,0.667614,0.297703,209484
0000310158,MRK,2010,2009,2010-12-31,2011-02-28,2010-03-01,0000950123-11-019286,0000950123-10-018679,0.992817,0.827541,712002,0.988968,0.814494,67065,0.991325,0.770574,201336
0000310158,MRK,2011,2010,2011-12-31,2012-02-28,2011-02-28,0001193125-12-084319,0000950123-11-019286,0.989406,0.835756,656114,0.984920,0.848415,59616,0.989615,0.785692,188807
0000310158,MRK,2012,2011,2012-12-31,2013-02-28,2012-02-28,0001193125-13-084618,0001193125-12-084319,0.994733,0.852506,608917,0.992507,0.865204,53489,0.991484,0.811746,187170
0000310158,MRK,2013,2012,2013-12-31,2014-02-27,2013-02-28,0000310158-14-000009,0001193125-13-084618,0.997240,0.871158,611429,0.993448,0.914513,53736,0.993357,0.824003,187816
0000310158,MRK,2014,2013,2014-12-31,2015-02-27,2014-02-27,0000310158-15-000005,0000310158-14-000009,0.992802,0.835210,618131,0.987013,0.861164,53075,0.990281,0.792703,201529
0000310158,MRK,2015,2014,2015-12-31,2016-02-26,2015-02-27,0000310158-16-000063,0000310158-15-000005,0.996341,0.882834,618916,0.981820,0.854473,46750,0.994275,0.816003,199852
0000310158,MRK,2016,2015,2016-12-31,2017-02-28,2016-02-26,0000310158-17-000010,0000310158-16-000063,0.996303,0.849186,577969,0.996005,0.900862,47652,0.990637,0.747566,172347
0000310158,MRK,2017,2016,2017-12-31,2018-02-27,2017-02-28,0000310158-18-000005,0000310158-17-000010,0.995110,0.873359,576411,0.994678,0.905647,54570,0.986702,0.760553,162499
0000310158,MRK,2018,2017,2018-12-31,2019-02-27,2018-02-27,0000310158-19-000014,0000310158-18-000005,0.994636,0.854735,585251,0.996371,0.911706,53721,0.987543,0.760090,159356
0000310158,MRK,2019,2018,2019-12-31,2020-02-26,2019-02-27,0000310158-20-000005,0000310158-19-000014,0.995126,0.848080,546098,0.984258,0.843692,63114,0.987399,0.793449,143213
0000310158,MRK,2020,2019,2020-12-31,2021-02-25,2020-02-26,0000310158-21-000004,0000310158-20-000005,0.994529,0.826996,583661,0.988985,0.849046,71246,0.982594,0.782592,144118
0000310158,MRK,2021,2020,2021-12-31,2022-02-25,2021-02-25,0000310158-22-000003,0000310158-21-000004,0.994177,0.841386,610010,0.984099,0.811659,71956,0.987020,0.764977,141421
0000310158,MRK,2022,2021,2022-12-31,2023-02-24,2022-02-25,0001628280-23-005061,0000310158-22-000003,0.994353,0.859231,596818,0.995902,0.885831,73441,0.983985,0.781447,134756
0000310158,MRK,2023,2022,2023-12-31,2024-02-26,2023-02-24,0001628280-24-006850,0001628280-23-005061,0.996468,0.853092,596382,0.994316,0.886121,69905,0.988429,0.819399,131224
0000310158,MRK,2024,2023,2024-12-31,2025-02-25,2024-02-26,0001628280-25-007732,0001628280-24-006850,0.996561,0.901518,604772,0.995232,0.925391,74985,0.988963,0.833882,135003
0000310158,MRK,2025,2024,2025-12-31,2026-02-24,2025-02-25,0000310158-26-000063,0001628280-25-007732,0.995508,0.870269,628415,0.996337,0.914336,77913,0.985477,0.798118,141432
0000895421,MS,2008,2007,2008-11-30,2009-01-29,2008-01-29,0001193125-09-013429,0001193125-08-013719,0.995403,0.812612,771529,0.972664,0.765539,41070,0.984975,0.686579,189860
0000895421,MS,2009,2008,2009-12-31,2010-02-26,2009-01-29,0001193125-10-042763,0001193125-09-013429,0.991824,0.826380,849117,0.984686,0.775134,36827,0.979306,0.720842,189408
0000895421,MS,2010,2009,2010-12-31,2011-02-28,2010-02-26,0001193125-11-050049,0001193125-10-042763,0.993418,0.823034,943119,0.989298,0.889530,41151,0.990386,0.722628,192897
0000895421,MS,2011,2010,2011-12-31,2012-02-27,2011-02-28,0001193125-12-081807,0001193125-11-050049,0.997903,0.880837,968453,0.984351,0.868976,50033,0.991072,0.783199,202030
0000895421,MS,2012,2011,2012-12-31,2013-02-26,2012-02-27,0001193125-13-077191,0001193125-12-081807,0.998327,0.879543,1026075,0.996111,0.931902,50731,0.992322,0.800000,208720
0000895421,MS,2013,2012,2013-12-31,2014-02-25,2013-02-26,0001193125-14-067354,0001193125-13-077191,0.998640,0.886745,1054958,0.994661,0.906407,51537,0.994148,0.805071,210091
0000895421,MS,2014,2013,2014-12-31,2015-03-02,2014-02-25,0001193125-15-071980,0001193125-14-067354,0.998414,0.887206,1108132,0.993062,0.886207,51468,0.988276,0.759984,242108
0000895421,MS,2015,2014,2015-12-31,2016-02-23,2015-03-02,0001193125-16-473553,0001193125-15-071980,0.997348,0.864327,925990,0.988142,0.869184,50295,0.986346,0.762353,194855
0000895421,MS,2016,2015,2016-12-31,2017-02-27,2016-02-23,0001193125-17-059212,0001193125-16-473553,0.982844,0.880635,886434,0.992168,0.876323,57168,0.963812,0.802296,189428
0000895421,MS,2017,2016,2017-12-31,2018-02-27,2017-02-27,0001193125-18-060831,0001193125-17-059212,0.997441,0.901571,833773,,,0,,,0
0000895421,MS,2018,2017,2018-12-31,2019-02-26,2018-02-27,0001193125-19-051943,0001193125-18-060831,0.998714,0.918022,800617,,,0,,,0
0000895421,MS,2019,2018,2019-12-31,2020-02-27,2019-02-26,0000895421-20-000265,0001193125-19-051943,0.999158,0.918409,772550,,,0,,,0
0000895421,MS,2020,2019,2020-12-31,2021-02-26,2020-02-27,0000895421-21-000286,0000895421-20-000265,0.996680,0.890429,809560,,,0,,,0
0000895421,MS,2021,2020,2021-12-31,2022-02-24,2021-02-26,0000895421-22-000400,0000895421-21-000286,0.998646,0.891915,761855,,,0,,,0
0000895421,MS,2022,2021,2022-12-31,2023-02-24,2022-02-24,0000895421-23-000284,0000895421-22-000400,0.999266,0.929832,758992,,,0,,,0
0000895421,MS,2023,2022,2023-12-31,2024-02-22,2023-02-24,0000895421-24-000300,0000895421-23-000284,0.998946,0.925614,767324,,,0,,,0
0000895421,MS,2024,2023,2024-12-31,2025-02-21,2024-02-22,0000895421-25-000304,0000895421-24-000300,0.999614,0.944034,768812,,,0,,,0
0000895421,MS,2025,2024,2025-12-31,2026-02-19,2025-02-21,0000895421-26-000086,0000895421-25-000304,0.999706,0.958749,768505,,,0,,,0
0000789019,MSFT,2008,2007,2008-06-30,2008-07-31,2007-08-03,0001193125-08-162768,0001193125-07-170817,0.995947,0.868706,278413,0.986261,0.850195,24161,0.980052,0.806167,78473
0000789019,MSFT,2009,2008,2009-06-30,2009-07-30,2008-07-31,0001193125-09-158735,0001193125-08-162768,0.995458,0.833727,306455,0.996062,0.930830,25968,0.986065,0.758261,90142
0000789019,MSFT,2010,2009,2010-06-30,2010-07-30,2009-07-30,0001193125-10-171791,0001193125-09-158735,0.993710,0.861453,291897,0.982174,0.884335,28647,0.982427,0.804245,80047
0000789019,MSFT,2011,2010,2011-06-30,2011-07-28,2010-07-30,0001193125-11-200680,0001193125-10-171791,0.996663,0.859854,296179,0.993812,0.906277,32077,0.986622,0.688579,78265
0000789019,MSFT,2012,2011,2012-06-30,2012-07-26,2011-07-28,0001193125-12-316848,0001193125-11-200680,0.996747,0.872365,307088,0.986081,0.844682,39819,0.993483,0.846526,77752
0000789019,MSFT,2013,2012,2013-06-30,2013-07-30,2012-07-26,0001193125-13-310206,0001193125-12-316848,0.996998,0.900378,311170,0.995224,0.912879,39004,0.988772,0.774230,84828
0000789019,MSFT,2014,2013,2014-06-30,2014-07-31,2013-07-30,0001193125-14-289961,0001193125-13-310206,0.988347,0.836578,334625,0.987596,0.796503,41471,0.972749,0.760263,85457
0000789019,MSFT,2015,2014,2015-06-30,2015-07-31,2014-07-31,0001193125-15-272806,0001193125-14-289961,0.997463,0.897351,333793,0.994784,0.911337,42571,0.984445,0.723174,74742
0000789019,MSFT,2016,2015,2016-06-30,2016-07-28,2015-07-31,0001193125-16-662209,0001193125-15-272806,0.993279,0.888370,342836,0.996456,0.937233,45518,0.972762,0.830363,76397
0000789019,MSFT,2017,2016,2017-06-30,2017-08-02,2016-07-28,0001564590-17-014900,0001193125-16-662209,0.995252,0.897528,338048,0.995580,0.914966,47941,0.988424,0.872340,70704
0000789019,MSFT,2018,2017,2018-06-30,2018-08-03,2017-08-02,0001564590-18-019062,0001564590-17-014900,0.992678,0.842387,344590,0.985555,0.848894,57988,0.966273,0.772597,65735
0000789019,MSFT,2019,2018,2019-06-30,2019-08-01,2018-08-03,0001564590-19-027952,0001564590-18-019062,0.997820,0.925452,329169,0.997583,0.940678,59646,0.988681,0.895686,62573
0000789019,MSFT,2020,2019,2020-06-30,2020-07-30,2019-08-01,0001564590-20-034944,0001564590-19-027952,0.997182,0.913822,334507,0.997419,0.931034,64112,0.981254,0.851001,65392
0000789019,MSFT,2021,2020,2021-06-30,2021-07-29,2020-07-30,0001564590-21-039151,0001564590-20-034944,0.996988,0.896794,343029,0.997401,0.935666,68740,0.978244,0.868307,55738
0000789019,MSFT,2022,2021,2022-06-30,2022-07-28,2021-07-29,0001564590-22-026876,0001564590-21-039151,0.998460,0.905351,343109,0.997996,0.939159,70299,0.989639,0.893727,55007
0000789019,MSFT,2023,2022,2023-06-30,2023-07-27,2022-07-28,0000950170-23-035122,0001564590-22-026876,0.997642,0.869423,337743,0.992866,0.894967,68646,0.990623,0.872621,55794
0000789019,MSFT,2024,2023,2024-06-30,2024-07-30,2023-07-27,0000950170-24-087843,0000950170-23-035122,0.994197,0.858258,355107,0.991204,0.883963,73846,0.985272,0.849707,51812
0000789019,MSFT,2025,2024,2025-06-30,2025-07-30,2024-07-30,0000950170-25-100235,0000950170-24-087843,0.996736,0.854688,313879,0.995656,0.896284,69080,0.977247,0.875573,48050
0000723125,MU,2008,2007,2008-10-08,2008-10-27,2007-10-26,0000723125-08-000111,0000723125-07-000108,0.986239,0.863876,299509,0.945373,0.697028,48045,0.798783,0.523379,9271
0000723125,MU,2009,2008,2009-09-03,2009-10-28,2008-10-27,0000723125-09-000128,0000723125-08-000111,0.976447,0.868762,332058,0.893319,0.675773,36882,0.797825,0.576923,10695
0000723125,MU,2010,2009,2010-09-02,2010-10-26,2009-10-28,0000723125-10-000174,0000723125-09-000128,0.922000,0.827207,338295,0.958145,0.767169,35641,0.495967,0.413613,6053
0000723125,MU,2011,2010,2011-09-01,2011-10-25,2010-10-26,0000723125-11-000189,0000723125-10-000174,0.984815,0.851454,326402,0.921224,0.735395,30921,0.736145,0.383721,6695
0000723125,MU,2012,2011,2012-08-30,2012-10-29,2011-10-25,0000723125-12-000156,0000723125-11-000189,0.982812,0.859988,364780,0.938907,0.720840,47090,0.684151,0.295604,34468
0000723125,MU,2013,2012,2013-08-29,2013-10-28,2012-10-29,0000723125-13-000228,0000723125-12-000156,0.967252,0.846334,446693,0.975161,0.803255,50750,0.682567,0.393975,9776
0000723125,MU,2014,2013,2014-08-28,2014-10-27,2013-10-28,0000723125-14-000195,0000723125-13-000228,0.897678,0.873942,402955,0.886740,0.788202,44032,0.582409,0.428894,3702
0000723125,MU,2015,2014,2015-09-03,2015-10-27,2014-10-27,0000723125-15-000112,0000723125-14-000195,0.994144,0.873406,360222,0.996057,0.919368,44771,0.916188,0.680272,5316
0000723125,MU,2016,2015,2016-09-01,2016-10-28,2015-10-27,0000723125-16-000269,0000723125-15-000112,0.986805,0.891250,371742,0.988275,0.848156,54497,0.589476,0.410058,18429
0000723125,MU,2017,2016,2017-08-31,2017-10-26,2016-10-28,0000723125-17-000131,0000723125-16-000269,0.990917,0.893703,346727,0.957630,0.841237,55982,0.906975,0.603390,18231
0000723125,MU,2018,2017,2018-08-30,2018-10-15,2017-10-26,0000723125-18-000092,0000723125-17-000131,0.988867,0.824854,339120,0.983430,0.825490,62297,0.928957,0.549192,19544
0000723125,MU,2019,2018,2019-08-29,2019-10-17,2018-10-15,0000723125-19-000094,0000723125-18-000092,0.996501,0.851642,343454,0.987654,0.844910,78218,0.954853,0.670436,15547
0000723125,MU,2020,2019,2020-09-03,2020-10-19,2019-10-17,0000723125-20-000082,0000723125-19-000094,0.987419,0.810116,324166,0.973980,0.789702,79943,0.916509,0.512032,19019
0000723125,MU,2021,2020,2021-09-02,2021-10-08,2020-10-19,0000723125-21-000065,0000723125-20-000082,0.995919,0.840323,326581,0.996456,0.867647,91616,0.777071,0.259912,4064
0000723125,MU,2022,2021,2022-09-01,2022-10-07,2021-10-08,0000723125-22-000048,0000723125-21-000065,0.996289,0.847785,311162,0.985105,0.751421,79778,0.935184,0.696356,5050
0000723125,MU,2023,2022,2023-08-31,2023-10-06,2022-10-07,0000723125-23-000054,0000723125-22-000048,0.996785,0.890220,319949,0.997463,0.921866,83435,0.673353,0.343675,5731
0000723125,MU,2024,2023,2024-08-29,2024-10-04,2023-10-06,0000723125-24-000027,0000723125-23-000054,0.996125,0.847797,328864,0.996798,0.889625,91839,0.691381,0.415712,15995
0000723125,MU,2025,2024,2025-08-28,2025-10-03,2024-10-04,0000723125-25-000028,0000723125-24-000027,0.993352,0.883180,356902,0.997424,0.891878,102797,0.885424,0.645902,16276
0000753308,NEE,2008,2007,2008-12-31,2009-02-27,2008-02-28,0000753308-09-000025,0000753308-08-000003,0.982133,0.877952,471668,0.987032,0.696658,22494,0.972613,0.835829,118503
0000753308,NEE,2009,2008,2009-12-31,2010-02-26,2009-02-27,0000753308-10-000025,0000753308-09-000025,0.998505,0.866123,497407,0.996446,0.843641,27631,0.996252,0.819815,121951
0000753308,NEE,2010,2009,2010-12-31,2011-02-28,2010-02-26,0000753308-11-000025,0000753308-10-000025,0.817145,0.850254,536733,0.690174,0.574850,56632,0.860253,0.816649,124829
0000753308,NEE,2011,2010,2011-12-31,2012-02-28,2011-02-28,0000753308-12-000025,0000753308-11-000025,0.667359,0.838015,551289,0.488605,0.809264,69601,0.732854,0.784017,114703
0000753308,NEE,2012,2011,2012-12-31,2013-02-28,2012-02-28,0000753308-13-000023,0000753308-12-000025,0.998106,0.918619,564791,0.999679,0.975089,69012,0.997300,0.859955,116265
0000753308,NEE,2013,2012,2013-12-31,2014-02-24,2013-02-28,0000753308-14-000025,0000753308-13-000023,0.999288,0.927091,584872,0.999746,0.969330,69225,0.996294,0.862127,116426
0000753308,NEE,2014,2013,2014-12-31,2015-02-20,2014-02-24,0000753308-15-000079,0000753308-14-000025,0.998979,0.925134,580568,0.999527,0.982079,71628,0.995633,0.871247,116160
0000753308,NEE,2015,2014,2015-12-31,2016-02-22,2015-02-20,0000753308-16-000337,0000753308-15-000079,0.998659,0.925809,587397,0.996966,0.960499,75937,0.996740,0.857390,116237
0000753308,NEE,2016,2015,2016-12-31,2017-02-23,2016-02-22,0000753308-17-000060,0000753308-16-000337,0.995519,0.816182,535065,0.999537,0.935862,71031,0.993516,0.881899,109793
0000753308,NEE,2017,2016,2017-12-31,2018-02-16,2017-02-23,0000753308-18-000013,0000753308-17-000060,0.998444,0.929657,516160,0.999772,0.989788,69873,0.993298,0.874462,97129
0000753308,NEE,2018,2017,2018-12-31,2019-02-15,2018-02-16,0000753308-19-000039,0000753308-18-000013,0.999045,0.922686,527944,0.999605,0.968093,70806,0.996763,0.919868,92085
0000753308,NEE,2019,2018,2019-12-31,2020-02-14,2019-02-15,0000753308-20-000021,0000753308-19-000039,0.997899,0.938903,509640,0.999537,0.977273,68869,0.993036,0.938187,86691
0000753308,NEE,2020,2019,2020-12-31,2021-02-12,2020-02-14,0000753308-21-000014,0000753308-20-000021,0.998635,0.929352,523749,0.999512,0.961871,71144,0.995327,0.887789,87409
0000753308,NEE,2021,2020,2021-12-31,2022-02-18,2021-02-12,0000753308-22-000014,0000753308-21-000014,0.999307,0.936995,529029,0.999537,0.952247,71698,0.996134,0.919895,88958
0000753308,NEE,2022,2021,2022-12-31,2023-02-17,2022-02-18,0000753308-23-000019,0000753308-22-000014,0.998964,0.945076,534574,0.998809,0.952315,74678,0.997263,0.943384,88692
0000753308,NEE,2023,2022,2023-12-31,2024-02-16,2023-02-17,0000753308-24-000008,0000753308-23-000019,0.999631,0.924320,528460,0.999607,0.944818,75650,0.998107,0.934840,86153
0000753308,NEE,2024,2023,2024-12-31,2025-02-14,2024-02-16,0000753308-25-000011,0000753308-24-000008,0.996737,0.931062,533829,0.998225,0.935906,79399,0.996125,0.948595,83307
0000753308,NEE,2025,2024,2025-12-31,2026-02-13,2025-02-14,0000753308-26-000015,0000753308-25-000011,0.999324,0.936806,539536,0.999227,0.937900,81672,0.997851,0.937162,85898
0001065280,NFLX,2008,2007,2008-12-31,2009-02-25,2008-02-28,0001193125-09-037430,0001193125-08-040378,0.991321,0.833984,241985,0.979948,0.835923,54674,0.953094,0.717742,19698
0001065280,NFLX,2009,2008,2009-12-31,2010-02-22,2009-02-25,0001193125-10-036181,0001193125-09-037430,0.994766,0.857096,245783,0.996021,0.913531,58664,0.963529,0.709717,14315
0001065280,NFLX,2010,2009,2010-12-31,2011-02-18,2010-02-22,0001193125-11-040217,0001193125-10-036181,0.987537,0.795602,228219,0.979112,0.729373,68061,0.702246,0.205634,3568
0001065280,NFLX,2011,2010,2011-12-31,2012-02-10,2011-02-18,0001193125-12-053009,0001193125-11-040217,0.992620,0.882353,249283,0.993209,0.830383,63661,0.785446,0.357588,10621
0001065280,NFLX,2012,2011,2012-12-31,2013-02-01,2012-02-10,0001065280-13-000008,0001193125-12-053009,0.995032,0.832954,251497,0.988038,0.794675,59464,0.894945,0.378921,28972
0001065280,NFLX,2013,2012,2013-12-31,2014-02-03,2013-02-01,0001065280-14-000006,0001065280-13-000008,0.988208,0.832611,226468,0.933264,0.792041,48301,0.955273,0.712551,26898
0001065280,NFLX,2014,2013,2014-12-31,2015-01-29,2014-02-03,0001065280-15-000006,0001065280-14-000006,0.998179,0.910149,219460,0.991383,0.871701,45367,0.975446,0.622901,24315
0001065280,NFLX,2015,2014,2015-12-31,2016-01-28,2015-01-29,0001065280-16-000047,0001065280-15-000006,0.995916,0.906386,222535,0.994101,0.924471,47229,0.970699,0.700000,24573
0001065280,NFLX,2016,2015,2016-12-31,2017-01-27,2016-01-28,0001628280-17-000496,0001065280-16-000047,0.997916,0.924107,213969,0.995574,0.907080,48739,0.948334,0.445352,49629
0001065280,NFLX,2017,2016,2017-12-31,2018-01-29,2017-01-27,0001065280-18-000069,0001628280-17-000496,0.997198,0.893766,225845,0.996641,0.893082,56283,0.920368,0.406412,20369
0001065280,NFLX,2018,2017,2018-12-31,2019-01-29,2018-01-29,0001065280-19-000043,0001065280-18-000069,0.997961,0.912739,233688,0.996823,0.922104,59471,0.983123,0.787611,18063
0001065280,NFLX,2019,2018,2019-12-31,2020-01-29,2019-01-29,0001065280-20-000040,0001065280-19-000043,0.994378,0.902661,213318,0.997869,0.944841,63759,0.918044,0.609589,11395
0001065280,NFLX,2020,2019,2020-12-31,2021-01-28,2020-01-29,0001065280-21-000040,0001065280-20-000040,0.995470,0.889744,224378,0.996807,0.925903,69765,0.951499,0.625767,13690
0001065280,NFLX,2021,2020,2021-12-31,2022-01-27,2021-01-28,0001065280-22-000036,0001065280-21-000040,0.999142,0.934289,215328,0.997288,0.906659,68399,0.989149,0.812749,13272
0001065280,NFLX,2022,2021,2022-12-31,2023-01-26,2022-01-27,0001065280-23-000035,0001065280-22-000036,0.998880,0.934951,217501,0.996662,0.919113,69643,0.975190,0.755319,11174
0001065280,NFLX,2023,2022,2023-12-31,2024-01-26,2023-01-26,0001065280-24-000030,0001065280-23-000035,0.998335,0.915024,238390,0.998166,0.934281,70373,0.896667,0.519774,27208
0001065280,NFLX,2024,2023,2024-12-31,2025-01-27,2024-01-26,0001065280-25-000044,0001065280-24-000030,0.998140,0.929535,254258,0.998307,0.957117,70302,0.987152,0.873453,26265
0001065280,NFLX,2025,2024,2025-12-31,2026-01-23,2025-01-27,0001065280-26-000034,0001065280-25-000044,0.990360,0.923592,274122,0.986374,0.950617,75265,0.939436,0.776650,30085
0000320187,NKE,2008,2007,2008-05-31,2008-07-28,2007-07-27,0001193125-08-159004,0001193125-07-164166,0.995994,0.900866,280066,0.999033,0.976895,33086,0.989995,0.831978,78984
0000320187,NKE,2009,2008,2009-05-31,2009-07-27,2008-07-28,0001193125-09-155951,0001193125-08-159004,0.995939,0.856658,324318,0.995723,0.897565,38056,0.982914,0.738182,100648
0000320187,NKE,2010,2009,2010-05-31,2010-07-20,2009-07-27,0001193125-10-161874,0001193125-09-155951,0.995457,0.927369,334245,0.999597,0.993255,38517,0.982063,0.829863,104388
0000320187,NKE,2011,2010,2011-05-31,2011-07-22,2010-07-20,0001193125-11-194791,0001193125-10-161874,0.997917,0.919975,320794,0.998269,0.957447,40521,0.990762,0.835344,98344
0000320187,NKE,2012,2011,2012-05-31,2012-07-24,2011-07-22,0001193125-12-312306,0001193125-11-194791,0.997891,0.898910,344882,0.996241,0.929852,43879,0.990702,0.816959,114133
0000320187,NKE,2013,2012,2013-05-31,2013-07-23,2012-07-24,0000320187-13-000092,0001193125-12-312306,0.997511,0.874190,355151,0.993819,0.857836,52283,0.994044,0.846939,117966
0000320187,NKE,2014,2013,2014-05-31,2014-07-25,2013-07-23,0000320187-14-000097,0000320187-13-000092,0.995181,0.935230,372893,0.997093,0.931174,54680,0.977035,0.873781,117320
0000320187,NKE,2015,2014,2015-05-31,2015-07-23,2014-07-25,0000320187-15-000113,0000320187-14-000097,0.998363,0.941212,383270,0.996998,0.897078,59835,0.992058,0.920616,121428
0000320187,NKE,2016,2015,2016-05-31,2016-07-21,2015-07-23,0000320187-16-000336,0000320187-15-000113,0.997055,0.933588,379995,0.998578,0.947401,61545,0.982331,0.911852,121400
0000320187,NKE,2017,2016,2017-05-31,2017-07-20,2016-07-21,0000320187-17-000090,0000320187-16-000336,0.998938,0.943508,373805,0.997433,0.938788,65561,0.993518,0.867470,114085
0000320187,NKE,2018,2017,2018-05-31,2018-07-25,2017-07-20,0000320187-18-000142,0000320187-17-000090,0.993343,0.918706,364534,0.996557,0.912485,68584,0.958806,0.827351,99599
0000320187,NKE,2019,2018,2019-05-31,2019-07-23,2018-07-25,0000320187-19-000051,0000320187-18-000142,0.997976,0.934311,349175,0.999002,0.970484,69803,0.987889,0.847150,82143
0000320187,NKE,2020,2019,2020-05-31,2020-07-24,2019-07-23,0000320187-20-000047,0000320187-19-000051,0.994619,0.889724,395179,0.992882,0.868826,84770,0.974811,0.797257,100078
0000320187,NKE,2021,2020,2021-05-31,2021-07-20,2020-07-24,0000320187-21-000028,0000320187-20-000047,0.998334,0.908628,393567,0.999170,0.967983,86475,0.972659,0.725970,78268
0000320187,NKE,2022,2021,2022-05-31,2022-07-21,2021-07-20,0000320187-22-000038,0000320187-21-000028,0.998823,0.916138,393964,0.998337,0.937819,93173,0.986452,0.767475,74556
0000320187,NKE,2023,2022,2023-05-31,2023-07-20,2022-07-21,0000320187-23-000039,0000320187-22-000038,0.998788,0.918389,367515,0.998649,0.944140,92853,0.987502,0.744086,76284
0000320187,NKE,2024,2023,2024-05-31,2024-07-25,2023-07-20,0000320187-24-000044,0000320187-23-000039,0.999189,0.942491,374184,0.998924,0.953271,98453,0.995171,0.876430,73415
0000320187,NKE,2025,2024,2025-05-31,2025-07-17,2024-07-25,0000320187-25-000047,0000320187-24-000044,0.998609,0.928978,368197,0.998873,0.951148,96849,0.984029,0.841538,70452
0001373715,NOW,2013,2012,2013-12-31,2014-02-28,2013-03-08,0001373715-14-000044,0001373715-13-000004,0.992168,0.760456,335631,0.926193,0.698849,86899,0.987147,0.703331,96389
0001373715,NOW,2014,2013,2014-12-31,2015-02-27,2014-02-28,0001373715-15-000067,0001373715-14-000044,0.995375,0.875732,322135,0.998219,0.949501,90045,0.974575,0.766243,76273
0001373715,NOW,2015,2014,2015-12-31,2016-02-25,2015-02-27,0001373715-16-000324,0001373715-15-000067,0.995017,0.859758,355660,0.991939,0.839277,97519,0.993450,0.841350,93109
0001373715,NOW,2016,2015,2016-12-31,2017-02-28,2016-02-25,0001373715-17-000026,0001373715-16-000324,0.993539,0.792894,333824,0.972294,0.712016,63603,0.993149,0.813325,107795
0001373715,NOW,2019,2018,2019-12-31,2020-02-20,2019-02-27,0001373715-20-000072,0001373715-19-000070,0.995007,0.863846,348282,0.995385,0.891782,85434,0.983317,0.834343,77023
0001373715,NOW,2020,2019,2020-12-31,2021-02-12,2020-02-20,0001373715-21-000061,0001373715-20-000072,0.995704,0.840217,345100,0.991436,0.838521,82679,0.991219,0.806452,77366
0001373715,NOW,2021,2020,2021-12-31,2022-02-03,2021-02-12,0001373715-22-000024,0001373715-21-000061,0.996789,0.820387,341301,0.993450,0.844688,97389,0.993242,0.793514,65941
0001373715,NOW,2022,2021,2022-12-31,2023-01-31,2022-02-03,0001373715-23-000035,0001373715-22-000024,0.997602,0.874868,321124,0.992401,0.829409,85760,0.992408,0.845818,58575
0001373715,NOW,2023,2022,2023-12-31,2024-01-25,2023-01-31,0001373715-24-000030,0001373715-23-000035,0.997708,0.829459,316216,0.995005,0.806761,76954,0.995395,0.843866,61064
0001373715,NOW,2024,2023,2024-12-31,2025-01-30,2024-01-25,0001373715-25-000010,0001373715-24-000030,0.997599,0.850925,327890,0.995318,0.914608,79115,0.997015,0.903596,61772
0001373715,NOW,2025,2024,2025-12-31,2026-01-29,2025-01-30,0001373715-26-000007,0001373715-25-000010,0.995554,0.831143,350231,0.998062,0.936609,82743,0.996083,0.878900,62891
0001045810,NVDA,2008,2007,2008-03-21,2008-03-21,2007-03-16,0001045810-08-000011,0001045810-07-000008,0.991275,0.819817,390175,0.982072,0.776019,115113,0.972138,0.686147,75568
0001045810,NVDA,2009,2008,2009-01-25,2009-03-13,2008-03-21,0001045810-09-000013,0001045810-08-000011,0.992287,0.835925,499732,0.959176,0.652508,87786,0.981183,0.683359,111138
0001045810,NVDA,2010,2009,2010-01-31,2010-03-18,2009-03-13,0001045810-10-000006,0001045810-09-000013,0.993595,0.848360,456035,0.990915,0.842319,84167,0.984347,0.729376,94507
0001045810,NVDA,2011,2010,2011-01-30,2011-03-16,2010-03-18,0001045810-11-000015,0001045810-10-000006,0.995477,0.844886,431978,0.989667,0.819689,77642,0.991282,0.775250,91273
0001045810,NVDA,2012,2011,2012-01-29,2012-03-13,2011-03-16,0001045810-12-000013,0001045810-11-000015,0.995705,0.845133,431085,0.995683,0.883281,85061,0.990788,0.759480,85227
0001045810,NVDA,2013,2012,2013-01-27,2013-03-12,2012-03-13,0001045810-13-000008,0001045810-12-000013,0.991805,0.829626,406247,0.995701,0.895042,73877,0.985949,0.737064,81368
0001045810,NVDA,2014,2013,2014-01-26,2014-03-13,2013-03-12,0001045810-14-000030,0001045810-13-000008,0.996043,0.831990,372035,0.995522,0.882576,71789,0.989134,0.739741,77365
0001045810,NVDA,2015,2014,2015-01-25,2015-03-12,2014-03-13,0001045810-15-000036,0001045810-14-000030,0.994534,0.801894,306587,0.979294,0.596070,37435,0.986547,0.694678,59114
0001045810,NVDA,2016,2015,2016-01-31,2016-03-17,2015-03-12,0001045810-16-000205,0001045810-15-000036,0.995566,0.832224,321004,0.992424,0.870670,40743,0.984854,0.744629,60745
0001045810,NVDA,2017,2016,2017-01-29,2017-03-01,2016-03-17,0001045810-17-000027,0001045810-16-000205,0.994691,0.842764,321059,0.995417,0.938949,41534,0.981997,0.735389,53317
0001045810,NVDA,2018,2017,2018-01-28,2018-02-28,2017-03-01,0001045810-18-000010,0001045810-17-000027,0.994537,0.835215,291445,0.978267,0.708529,41251,0.976466,0.681511,48921
0001045810,NVDA,2019,2018,2019-01-27,2019-02-21,2018-02-28,0001045810-19-000023,0001045810-18-000010,0.996996,0.885683,282124,0.997823,0.955838,43123,0.983848,0.672857,48150
0001045810,NVDA,2020,2019,2020-01-26,2020-02-20,2019-02-21,0001045810-20-000010,0001045810-19-000023,0.993517,0.898801,262428,0.997300,0.955428,46994,0.961343,0.623976,34721
0001045810,NVDA,2021,2020,2021-01-31,2021-02-26,2020-02-20,0001045810-21-000010,0001045810-20-000010,0.991179,0.817780,304493,0.985332,0.802230,68612,0.953621,0.587644,42011
0001045810,NVDA,2022,2021,2022-01-30,2022-03-18,2021-02-26,0001045810-22-000036,0001045810-21-000010,0.994636,0.809207,306402,0.982213,0.657212,72090,0.960244,0.624143,41427
0001045810,NVDA,2023,2022,2023-01-29,2023-02-24,2022-03-18,0001045810-23-000017,0001045810-22-000036,0.996822,0.872303,319479,0.990867,0.787463,87819,0.962079,0.629978,38511
0001045810,NVDA,2024,2023,2024-01-28,2024-02-21,2023-02-24,0001045810-24-000029,0001045810-23-000017,0.991656,0.842913,340233,0.992847,0.810488,107082,0.956842,0.597975,40265
0001045810,NVDA,2025,2024,2025-01-26,2025-02-26,2024-02-21,0001045810-25-000023,0001045810-24-000029,0.998008,0.922461,348639,0.994703,0.890868,111037,0.976746,0.746875,37825
0001341439,ORCL,2008,2007,2008-05-31,2008-07-02,2007-06-29,0000950134-08-012257,0000950134-07-014478,0.995341,0.844650,419927,0.987949,0.824710,91068,0.989081,0.725994,160162
0001341439,ORCL,2009,2008,2009-05-31,2009-06-29,2008-07-02,0000950123-09-018689,0000950134-08-012257,0.995604,0.853294,461305,0.990617,0.836708,99469,0.991533,0.731223,143732
0001341439,ORCL,2010,2009,2010-05-31,2010-07-01,2009-06-29,0001193125-10-151896,0000950123-09-018689,0.985107,0.803316,536783,0.823805,0.558577,61966,0.976169,0.782103,171393
0001341439,ORCL,2011,2010,2011-05-31,2011-06-28,2010-07-01,0001193125-11-174819,0001193125-10-151896,0.995449,0.887617,512564,0.992023,0.925192,60194,0.995414,0.894161,159796
0001341439,ORCL,2012,2011,2012-05-31,2012-06-26,2011-06-28,0001193125-12-284007,0001193125-11-174819,0.995156,0.861645,520871,0.991055,0.891372,63472,0.995144,0.893684,160957
0001341439,ORCL,2013,2012,2013-05-31,2013-06-26,2012-06-26,0001193125-13-272832,0001193125-12-284007,0.994976,0.868933,518455,0.995867,0.931902,66149,0.991023,0.899844,166561
0001341439,ORCL,2014,2013,2014-05-31,2014-06-26,2013-06-26,0001193125-14-251351,0001193125-13-272832,0.995016,0.916824,537824,0.994222,0.916567,66559,0.987844,0.877354,174502
0001341439,ORCL,2015,2014,2015-05-31,2015-06-25,2014-06-26,0001193125-15-235239,0001193125-14-251351,0.998363,0.905143,550050,0.995249,0.906923,71197,0.997028,0.887532,173112
0001341439,ORCL,2016,2015,2016-05-31,2016-06-22,2015-06-25,0001193125-16-628942,0001193125-15-235239,0.992344,0.907206,544339,0.996929,0.974810,71848,0.987088,0.923964,155602
0001341439,ORCL,2017,2016,2017-05-31,2017-06-27,2016-06-22,0001193125-17-214833,0001193125-16-628942,0.997212,0.894790,527954,0.998591,0.955352,73549,0.991651,0.836040,137891
0001341439,ORCL,2018,2017,2018-05-31,2018-06-22,2017-06-27,0001193125-18-201034,0001193125-17-214833,0.986275,0.851899,498186,0.993345,0.877854,79697,0.968911,0.843837,133832
0001341439,ORCL,2019,2018,2019-05-31,2019-06-21,2018-06-22,0001564590-19-023119,0001193125-18-201034,0.995540,0.898867,453315,0.996620,0.926005,75070,0.990336,0.787021,93448
0001341439,ORCL,2020,2019,2020-05-31,2020-06-22,2019-06-21,0001564590-20-030125,0001564590-19-023119,0.998321,0.906958,451094,0.994757,0.916887,79412,0.996294,0.914865,90751
0001341439,ORCL,2021,2020,2021-05-31,2021-06-21,2020-06-22,0001564590-21-033616,0001564590-20-030125,0.998539,0.873466,439138,0.994677,0.834014,71445,0.996681,0.905415,87939
0001341439,ORCL,2022,2021,2022-05-31,2022-06-21,2021-06-21,0001564590-22-023675,0001564590-21-033616,0.997381,0.894845,429388,0.996695,0.888417,74634,0.996796,0.896433,88236
0001341439,ORCL,2023,2022,2023-05-31,2023-06-20,2022-06-21,0000950170-23-028914,0001564590-22-023675,0.997771,0.911475,429733,0.996576,0.884393,73939,0.989646,0.911928,86299
0001341439,ORCL,2024,2023,2024-05-31,2024-06-20,2023-06-20,0000950170-24-075605,0000950170-23-028914,0.996110,0.910599,416847,0.995680,0.880566,77364,0.982416,0.846700,72231
0001341439,ORCL,2025,2024,2025-05-31,2025-06-18,2024-06-20,0000950170-25-087926,0000950170-24-075605,0.997228,0.890291,412049,0.994881,0.866190,78500,0.991772,0.923493,73748
0000077476,PEP,2008,2007,2008-12-27,2009-02-19,2008-02-15,0001193125-09-033126,0001193125-08-032441,0.990322,0.859191,288767,,,19672,0.991884,0.823841,198609
0000077476,PEP,2009,2008,2009-12-26,2010-02-22,2009-02-19,0001193125-10-036385,0001193125-09-033126,0.969870,0.836115,333051,0.883515,0.750473,33027,0.978417,0.804580,223096
0000077476,PEP,2010,2009,2010-12-25,2011-02-18,2010-02-22,0001193125-11-040427,0001193125-10-036385,0.992129,0.843543,365010,0.899942,0.775042,29639,0.989891,0.812714,240442
0000077476,PEP,2011,2010,2011-12-31,2012-02-27,2011-02-18,0001193125-12-081822,0001193125-11-040427,0.989269,0.853424,372719,0.984762,0.767255,39029,0.988034,0.844055,235825
0000077476,PEP,2012,2011,2012-12-29,2013-02-21,2012-02-27,0001445305-13-000278,0001193125-12-081822,0.995331,0.874825,394079,0.993570,0.904724,42849,0.993620,0.854158,246372
0000077476,PEP,2013,2012,2013-12-28,2014-02-14,2013-02-21,0000077476-14-000007,0001445305-13-000278,0.994689,0.888494,415108,0.989494,0.842836,54700,0.992625,0.870313,250712
0000077476,PEP,2014,2013,2014-12-27,2015-02-12,2014-02-14,0000077476-15-000012,0000077476-14-000007,0.996364,0.889992,424043,0.984237,0.887805,64941,0.994045,0.821620,243798
0000077476,PEP,2015,2014,2015-12-26,2016-02-11,2015-02-12,0000077476-16-000066,0000077476-15-000012,0.991199,0.897326,432974,0.990224,0.869621,67150,0.989145,0.868495,239630
0000077476,PEP,2016,2015,2016-12-31,2017-02-15,2016-02-11,0000077476-17-000010,0000077476-16-000066,0.997899,0.893780,455860,0.995671,0.871749,78427,0.996604,0.853452,256598
0000077476,PEP,2017,2016,2017-12-30,2018-02-13,2017-02-15,0000077476-18-000012,0000077476-17-000010,0.994445,0.915082,470862,0.997191,0.899889,87395,0.991157,0.879206,258667
0000077476,PEP,2018,2017,2018-12-29,2019-02-15,2018-02-13,0000077476-19-000017,0000077476-18-000012,0.996557,0.917183,463972,0.996280,0.908276,92402,0.994878,0.897499,253811
0000077476,PEP,2019,2018,2019-12-28,2020-02-13,2019-02-15,0000077476-20-000015,0000077476-19-000017,0.991346,0.898477,468570,0.992333,0.930256,99075,0.989682,0.850441,254791
0000077476,PEP,2020,2019,2020-12-26,2021-02-11,2020-02-13,0000077476-21-000007,0000077476-20-000015,0.991366,0.816783,405147,0.968983,0.589681,47257,0.990332,0.851535,254409
0000077476,PEP,2021,2020,2021-12-25,2022-02-10,2021-02-11,0000077476-22-000010,0000077476-21-000007,0.996942,0.910933,404151,0.994914,0.878015,54356,0.995926,0.876482,244902
0000077476,PEP,2022,2021,2022-12-31,2023-02-09,2022-02-10,0000077476-23-000007,0000077476-22-000010,0.996865,0.927312,417796,0.996519,0.904248,54519,0.993357,0.876336,260205
0000077476,PEP,2023,2022,2023-12-30,2024-02-09,2023-02-09,0000077476-24-000008,0000077476-23-000007,0.998478,0.916207,428289,0.996422,0.930342,59784,0.997361,0.906467,259025
0000077476,PEP,2024,2023,2024-12-28,2025-02-04,2024-02-09,0000077476-25-000007,0000077476-24-000008,0.998317,0.910917,434917,0.996268,0.907125,64124,0.996305,0.854275,255973
0000077476,PEP,2025,2024,2025-12-27,2026-02-03,2025-02-04,0000077476-26-000007,0000077476-25-000007,0.995114,0.904592,421270,0.998115,0.932620,66150,0.992311,0.852600,241696
0000078003,PFE,2008,2007,2008-12-31,2009-02-27,2008-02-29,0001193125-09-040568,0000930413-08-001360,0.990132,0.818317,120013,0.917829,0.710041,27028,,,0
0000078003,PFE,2009,2008,2009-12-31,2010-02-26,2009-02-27,0001193125-10-042425,0001193125-09-040568,0.985018,0.700970,141072,0.935977,0.653266,27528,,,0
0000078003,PFE,2010,2009,2010-12-31,2011-02-28,2010-02-26,0001193125-11-048877,0001193125-10-042425,0.988843,0.769301,151094,0.977019,0.814014,30044,,,0
0000078003,PFE,2011,2010,2011-12-31,2012-02-28,2011-02-28,0001193125-12-085703,0001193125-11-048877,0.993284,0.782621,194406,0.978526,0.736805,44156,,,0
0000078003,PFE,2012,2011,2012-12-31,2013-02-28,2012-02-28,0000078003-13-000006,0001193125-12-085703,0.988875,0.762584,198354,0.981022,0.777293,52178,,,0
0000078003,PFE,2013,2012,2013-12-31,2014-02-28,2013-02-28,0000078003-14-000018,0000078003-13-000006,0.993289,0.823546,204538,0.991309,0.870336,56179,,,0
0000078003,PFE,2014,2013,2014-12-31,2015-02-27,2014-02-28,0000078003-15-000014,0000078003-14-000018,0.994081,0.823964,181714,0.988136,0.882695,64019,,,0
0000078003,PFE,2015,2014,2015-12-31,2016-02-29,2015-02-27,0000078003-16-000077,0000078003-15-000014,0.986988,0.815898,220209,0.965530,0.811157,83712,,,0
0000078003,PFE,2016,2015,2016-12-31,2017-02-23,2016-02-29,0000078003-17-000014,0000078003-16-000077,0.986631,0.857185,212205,0.964337,0.823174,71888,,,0
0000078003,PFE,2017,2016,2017-12-31,2018-02-22,2017-02-23,0000078003-18-000027,0000078003-17-000014,0.997296,0.885773,222565,0.994326,0.903107,81003,,,0
0000078003,PFE,2018,2017,2018-12-31,2019-02-28,2018-02-22,0000078003-19-000015,0000078003-18-000027,0.995158,0.848266,243566,0.985567,0.813253,94452,,,0
0000078003,PFE,2019,2018,2019-12-31,2020-02-27,2019-02-28,0000078003-20-000014,0000078003-19-000015,0.988319,0.813666,259138,0.986679,0.851159,97661,,,0
0000078003,PFE,2020,2019,2020-12-31,2021-02-25,2020-02-27,0000078003-21-000038,0000078003-20-000014,0.965649,0.580330,629163,0.945711,0.652042,64940,,,116316
0000078003,PFE,2021,2020,2021-12-31,2022-02-24,2021-02-25,0000078003-22-000027,0000078003-21-000038,0.991259,0.844109,627513,0.982060,0.841097,72956,0.964519,0.686538,112356
0000078003,PFE,2022,2021,2022-12-31,2023-02-23,2022-02-24,0000078003-23-000024,0000078003-22-000027,0.995365,0.864607,621883,0.980114,0.814056,77624,,,0
0000078003,PFE,2023,2022,2023-12-31,2024-02-22,2023-02-23,0000078003-24-000039,0000078003-23-000024,0.993654,0.864001,660413,0.984911,0.833098,89866,,,0
0000078003,PFE,2024,2023,2024-12-31,2025-02-27,2024-02-22,0000078003-25-000054,0000078003-24-000039,0.997276,0.869752,647512,0.989373,0.877617,86085,,,0
0000078003,PFE,2025,2024,2025-12-31,2026-02-26,2025-02-27,0000078003-26-000026,0000078003-25-000054,0.997091,0.894041,639651,0.994359,0.886541,94501,,,0
0000080424,PG,2008,2007,2008-06-30,2008-08-28,2007-08-28,0000950152-08-006832,0000950152-07-007152,0.996409,0.886457,71614,0.997222,0.956627,7883,,,0
0000080424,PG,2009,2008,2009-06-30,2009-08-14,2008-08-28,0001193125-09-175986,0000950152-08-006832,0.968466,0.740074,62403,0.960866,0.682131,12290,,,0
0000080424,PG,2010,2009,2010-06-30,2010-08-13,2009-08-14,0001193125-10-188769,0001193125-09-175986,0.982718,0.822699,74093,0.988658,0.872204,13280,,,0
0000080424,PG,2011,2010,2011-06-30,2011-08-10,2010-08-13,0000080424-11-000014,0001193125-10-188769,0.996839,0.912989,72169,0.991430,0.886470,13893,,,0
0000080424,PG,2012,2011,2012-06-30,2012-08-08,2011-08-10,0000080424-12-000063,0000080424-11-000014,0.930097,0.494393,303331,0.955980,0.641176,19439,,,111805
0000080424,PG,2013,2012,2013-06-30,2013-08-08,2012-08-08,0000080424-13-000063,0000080424-12-000063,0.997443,0.894424,306030,0.994541,0.881176,20463,0.993233,0.881925,113743
0000080424,PG,2014,2013,2014-06-30,2014-08-08,2013-08-08,0000080424-14-000057,0000080424-13-000063,0.997675,0.928786,309830,0.994745,0.912100,21631,0.993043,0.886034,113234
0000080424,PG,2015,2014,2015-06-30,2015-08-07,2014-08-08,0000080424-15-000070,0000080424-14-000057,0.995659,0.861621,318918,0.979634,0.738262,22178,0.989304,0.796168,113323
0000080424,PG,2016,2015,2016-06-30,2016-08-09,2015-08-07,0000080424-16-000212,0000080424-15-000070,0.996153,0.869108,313347,0.988637,0.902985,23273,0.989286,0.822113,106819
0000080424,PG,2017,2016,2017-06-30,2017-08-07,2016-08-09,0000080424-17-000047,0000080424-16-000212,0.998192,0.925398,321853,0.990762,0.883455,23771,0.994232,0.910345,116073
0000080424,PG,2018,2017,2018-06-30,2018-08-07,2017-08-07,0000080424-18-000055,0000080424-17-000047,0.997998,0.899774,323493,0.982899,0.853423,26900,0.993568,0.893117,120126
0000080424,PG,2019,2018,2019-06-30,2019-08-06,2018-08-07,0000080424-19-000050,0000080424-18-000055,0.992965,0.917310,323309,0.997027,0.942507,27535,0.975400,0.896724,106494
0000080424,PG,2020,2019,2020-06-30,2020-08-06,2019-08-06,0000080424-20-000053,0000080424-19-000050,0.993781,0.901320,327804,0.987178,0.874891,30664,0.974240,0.826953,118350
0000080424,PG,2021,2020,2021-06-30,2021-08-06,2020-08-06,0000080424-21-000100,0000080424-20-000053,0.996081,0.908726,320965,0.994820,0.878489,35017,0.988715,0.926002,115976
0000080424,PG,2022,2021,2022-06-30,2022-08-05,2021-08-06,0000080424-22-000064,0000080424-21-000100,0.997929,0.911288,316493,0.995562,0.923016,38596,0.992023,0.865933,110155
0000080424,PG,2023,2022,2023-06-30,2023-08-04,2022-08-05,0000080424-23-000073,0000080424-22-000064,0.997832,0.938318,293163,0.998085,0.939954,38583,0.992186,0.900262,96466
0000080424,PG,2024,2023,2024-06-30,2024-08-05,2023-08-04,0000080424-24-000083,0000080424-23-000073,0.997461,0.922034,298244,0.996983,0.947368,38637,0.985596,0.877116,91735
0000080424,PG,2025,2024,2025-06-30,2025-08-04,2024-08-05,0000080424-25-000076,0000080424-24-000083,0.999290,0.959241,301346,0.997268,0.913313,38122,0.995537,0.946087,92515
0001321655,PLTR,2021,2020,2021-12-31,2022-02-24,2021-02-26,0001193125-22-050913,0001193125-21-060650,0.996809,0.865989,512075,0.998819,0.957157,273362,0.983782,0.740943,65288
0001321655,PLTR,2022,2021,2022-12-31,2023-02-21,2022-02-24,0001321655-23-000011,0001193125-22-050913,0.998764,0.922738,525825,0.999189,0.941269,284042,0.983541,0.766224,59270
0001321655,PLTR,2023,2022,2023-12-31,2024-02-20,2023-02-21,0001321655-24-000022,0001321655-23-000011,0.998884,0.917257,542903,0.999240,0.946296,294822,0.994921,0.848071,57064
0001321655,PLTR,2024,2023,2024-12-31,2025-02-18,2024-02-20,0001321655-25-000022,0001321655-24-000022,0.999557,0.958141,550318,0.999649,0.971174,297012,0.996579,0.929553,54123
0001321655,PLTR,2025,2024,2025-12-31,2026-02-17,2025-02-18,0001321655-26-000011,0001321655-25-000022,0.999518,0.950980,542941,0.999711,0.971411,299390,0.995115,0.867220,52255
0001413329,PM,2009,2008,2009-12-31,2010-02-26,2009-02-26,0001193125-10-041735,0001193125-09-038765,0.991867,0.867715,126708,0.996124,0.951128,18614,0.993737,0.879278,88448
0001413329,PM,2010,2009,2010-12-31,2011-02-25,2010-02-26,0001193125-11-046772,0001193125-10-041735,0.995730,0.891850,124846,0.992055,0.911001,17471,0.995040,0.890654,86709
0001413329,PM,2011,2010,2011-12-31,2012-02-24,2011-02-25,0001193125-12-076983,0001193125-11-046772,0.997693,0.907626,120965,0.992460,0.912171,17757,0.996716,0.905714,82965
0001413329,PM,2012,2011,2012-12-31,2013-02-22,2012-02-24,0001413329-13-000019,0001193125-12-076983,0.996633,0.893969,122473,0.994565,0.935445,19105,0.994352,0.873759,85223
0001413329,PM,2013,2012,2013-12-31,2014-02-21,2013-02-22,0001413329-14-000012,0001413329-13-000019,0.996371,0.914722,121098,0.997047,0.983030,19209,0.997597,0.937811,81588
0001413329,PM,2014,2013,2014-12-31,2015-02-20,2014-02-21,0001413329-15-000016,0001413329-14-000012,0.954610,0.638508,431544,0.995849,0.964286,19915,0.816706,0.390349,151437
0001413329,PM,2015,2014,2015-12-31,2016-02-17,2015-02-20,0001413329-16-000076,0001413329-15-000016,0.991501,0.901580,479848,0.997306,0.974057,20571,0.959862,0.847073,172644
0001413329,PM,2016,2015,2016-12-31,2017-02-14,2016-02-17,0001413329-17-000014,0001413329-16-000076,0.996611,0.852545,457736,0.985962,0.909611,20585,0.986670,0.728859,151297
0001413329,PM,2017,2016,2017-12-31,2018-02-13,2017-02-14,0001413329-18-000007,0001413329-17-000014,0.990507,0.894261,409329,0.990639,0.933638,21662,0.975117,0.832704,157046
0001413329,PM,2018,2017,2018-12-31,2019-02-07,2018-02-13,0001413329-19-000007,0001413329-18-000007,0.981521,0.874968,416504,0.986726,0.901483,24043,0.919623,0.808692,154139
0001413329,PM,2019,2018,2019-12-31,2020-02-07,2019-02-07,0001413329-20-000007,0001413329-19-000007,0.981397,0.884730,426124,0.993595,0.942191,26447,0.974734,0.859685,146966
0001413329,PM,2020,2019,2020-12-31,2021-02-09,2020-02-07,0001413329-21-000007,0001413329-20-000007,0.997362,0.874792,441913,0.985637,0.875226,32607,0.993202,0.849049,154901
0001413329,PM,2021,2020,2021-12-31,2022-02-11,2021-02-09,0001413329-22-000011,0001413329-21-000007,0.993209,0.856442,485121,0.963241,0.809344,44891,0.983841,0.828499,164261
0001413329,PM,2022,2021,2022-12-31,2023-02-10,2022-02-11,0001413329-23-000025,0001413329-22-000011,0.990231,0.860994,559674,0.981969,0.789878,56007,0.977520,0.813231,183551
0001413329,PM,2023,2022,2023-12-31,2024-02-08,2023-02-10,0001413329-24-000013,0001413329-23-000025,0.995223,0.886086,614227,0.991337,0.853791,62495,0.988972,0.830981,205625
0001413329,PM,2024,2023,2024-12-31,2025-02-06,2024-02-08,0001413329-25-000013,0001413329-24-000013,0.989585,0.860617,604039,0.952887,0.873916,65738,0.952629,0.495184,102731
0001413329,PM,2025,2024,2025-12-31,2026-02-06,2025-02-06,0001628280-26-005939,0001413329-25-000013,0.993890,0.871487,537443,0.987606,0.796980,60735,0.940758,0.551811,168313
0000804328,QCOM,2008,2007,2008-09-28,2008-11-06,2007-11-08,0000936392-08-000707,0000936392-07-000836,0.997149,0.873815,428419,0.996589,0.888833,90567,0.993100,0.792992,76258
0000804328,QCOM,2009,2008,2009-09-27,2009-11-05,2008-11-06,0000950123-09-057827,0000936392-08-000707,0.994399,0.858757,418787,0.994953,0.918716,93464,0.992788,0.828733,73329
0000804328,QCOM,2010,2009,2010-09-26,2010-11-03,2009-11-05,0000950123-10-100207,0000950123-09-057827,0.996013,0.827682,354837,0.980221,0.663641,50837,0.985792,0.727900,62313
0000804328,QCOM,2011,2010,2011-09-25,2011-11-02,2010-11-03,0001234452-11-000360,0000950123-10-100207,0.992159,0.848228,386040,0.982148,0.765417,56111,0.987539,0.790234,65679
0000804328,QCOM,2012,2011,2012-09-30,2012-11-07,2011-11-02,0001234452-12-000371,0001234452-11-000360,0.995842,0.861023,378527,0.980720,0.774041,55533,0.976123,0.818245,57157
0000804328,QCOM,2013,2012,2013-09-29,2013-11-06,2012-11-07,0001234452-13-000483,0001234452-12-000371,0.995879,0.838445,358754,0.989974,0.836722,57219,0.982964,0.805536,51263
0000804328,QCOM,2014,2013,2014-09-28,2014-11-05,2013-11-06,0001234452-14-000320,0001234452-13-000483,0.995732,0.842781,375201,0.995702,0.869677,62434,0.982103,0.745808,58845
0000804328,QCOM,2015,2014,2015-09-27,2015-11-04,2014-11-05,0001234452-15-000271,0001234452-14-000320,0.996045,0.887332,379371,0.996502,0.898506,70108,0.987177,0.782216,65553
0000804328,QCOM,2016,2015,2016-09-25,2016-11-02,2015-11-04,0001234452-16-000552,0001234452-15-000271,0.995187,0.879591,406060,0.989495,0.855846,82448,0.981566,0.807618,64213
0000804328,QCOM,2017,2016,2017-09-24,2017-11-01,2016-11-02,0001234452-17-000190,0001234452-16-000552,0.994722,0.867392,481357,0.995379,0.880423,99044,0.867841,0.390012,107514
0000804328,QCOM,2018,2017,2018-09-30,2018-11-07,2017-11-01,0001728949-18-000095,0001234452-17-000190,0.987580,0.885289,512200,0.994094,0.877510,102009,0.991866,0.791912,132383
0000804328,QCOM,2019,2018,2019-09-29,2019-11-06,2018-11-07,0001728949-19-000072,0001728949-18-000095,0.992954,0.834644,486351,0.994789,0.874938,110251,0.995997,0.876879,142183
0000804328,QCOM,2020,2019,2020-09-27,2020-11-04,2019-11-06,0001728949-20-000067,0001728949-19-000072,0.995213,0.832985,454837,0.989481,0.792958,111166,0.991204,0.748471,150340
0000804328,QCOM,2021,2020,2021-09-26,2021-11-03,2020-11-04,0001728949-21-000076,0001728949-20-000067,0.994125,0.863731,423384,0.996596,0.914904,118281,0.995663,0.846686,156416
0000804328,QCOM,2022,2021,2022-09-25,2022-11-02,2021-11-03,0000804328-22-000021,0001728949-21-000076,0.997943,0.894062,416367,0.998503,0.939655,122864,0.998168,0.903940,158495
0000804328,QCOM,2023,2022,2023-09-24,2023-11-01,2022-11-02,0000804328-23-000055,0000804328-22-000021,0.998163,0.912747,398868,0.998584,0.934902,126414,0.998507,0.925912,159538
0000804328,QCOM,2024,2023,2024-09-29,2024-11-06,2023-11-01,0000804328-24-000075,0000804328-23-000055,0.998440,0.916482,399893,0.999533,0.958270,126945,0.997524,0.927190,166300
0000804328,QCOM,2025,2024,2025-09-28,2025-11-05,2024-11-06,0000804328-25-000085,0000804328-24-000075,0.998026,0.887021,386111,0.998726,0.959494,132774,0.997999,0.906763,163290
0000101829,RTX,2008,2007,2008-12-31,2009-02-11,2008-02-07,0001193125-09-024624,0001193125-08-022346,0.993990,0.828745,113031,0.984958,0.829987,19156,,,0
0000101829,RTX,2009,2008,2009-12-31,2010-02-11,2009-02-11,0001193125-10-027861,0001193125-09-024624,0.991395,0.878552,113642,0.989254,0.870773,22203,,,0
0000101829,RTX,2010,2009,2010-12-31,2011-02-10,2010-02-11,0001193125-11-029695,0001193125-10-027861,0.993455,0.847312,121550,0.982337,0.777223,28908,,,0
0000101829,RTX,2011,2010,2011-12-31,2012-02-09,2011-02-10,0001193125-12-047752,0001193125-11-029695,0.993407,0.840955,139699,0.973143,0.819214,37018,,,0
0000101829,RTX,2012,2011,2012-12-31,2013-02-07,2012-02-09,0001193125-13-042195,0001193125-12-047752,0.985241,0.827651,154749,0.989579,0.862290,39989,,,0
0000101829,RTX,2013,2012,2013-12-31,2014-02-06,2013-02-07,0000101829-14-000006,0001193125-13-042195,0.995658,0.846826,135494,0.988808,0.810618,35001,,,0
0000101829,RTX,2014,2013,2014-12-31,2015-02-05,2014-02-06,0000101829-15-000005,0000101829-14-000006,0.991894,0.843859,145731,0.997024,0.942081,35461,,,0
0000101829,RTX,2015,2014,2015-12-31,2016-02-11,2015-02-05,0000101829-16-000050,0000101829-15-000005,0.991140,0.863978,131371,0.993466,0.895886,40718,,,0
0000101829,RTX,2016,2015,2016-12-31,2017-02-09,2016-02-11,0000101829-17-000007,0000101829-16-000050,0.996791,0.925190,130297,0.998468,0.958231,42491,,,0
0000101829,RTX,2017,2016,2017-12-31,2018-02-09,2017-02-09,0000101829-18-000005,0000101829-17-000007,0.988056,0.862139,134697,0.987107,0.882836,48497,,,0
0000101829,RTX,2018,2017,2018-12-31,2019-02-07,2018-02-09,0000101829-19-000007,0000101829-18-000005,0.977753,0.868145,144083,0.980249,0.899230,55108,,,0
0000101829,RTX,2019,2018,2019-12-31,2020-02-06,2019-02-07,0000101829-20-000013,0000101829-19-000007,0.990048,0.898428,155256,0.993693,0.947694,58550,,,0
0000101829,RTX,2020,2019,2020-12-31,2021-02-08,2020-02-06,0000101829-21-000008,0000101829-20-000013,0.932024,0.524029,630230,0.959652,0.632302,92074,,,147111
0000101829,RTX,2021,2020,2021-12-31,2022-02-11,2021-02-08,0000101829-22-000005,0000101829-21-000008,0.996426,0.853209,586487,0.996148,0.892133,98870,0.988596,0.737537,138492
0000101829,RTX,2022,2021,2022-12-31,2023-02-07,2022-02-11,0000101829-23-000009,0000101829-22-000005,0.997358,0.890223,569557,0.994728,0.849903,92137,0.779205,0.391654,116101
0000101829,RTX,2023,2022,2023-12-31,2024-02-05,2023-02-07,0000101829-24-000008,0000101829-23-000009,0.983002,0.864884,553074,0.991999,0.880000,100207,0.982527,0.853577,138341
0000101829,RTX,2024,2023,2024-12-31,2025-02-03,2024-02-05,0000101829-25-000005,0000101829-24-000008,0.995324,0.893689,590786,0.992131,0.916002,109674,0.989699,0.916129,155214
0000101829,RTX,2025,2024,2025-12-31,2026-02-06,2025-02-03,0000101829-26-000006,0000101829-25-000005,0.998532,0.915517,542479,0.996235,0.919753,98802,0.997192,0.925184,137633
0000829224,SBUX,2008,2007,2008-09-28,2008-11-24,2007-11-29,0000950134-08-021134,0000950134-07-024667,0.989000,0.812293,278279,0.981079,0.721872,28766,0.951049,0.641842,67413
0000829224,SBUX,2009,2008,2009-09-27,2009-11-20,2008-11-24,0000950123-09-064772,0000950134-08-021134,0.996631,0.834291,272558,0.992655,0.831599,26267,0.983758,0.699356,60241
0000829224,SBUX,2010,2009,2010-10-03,2010-11-22,2009-11-20,0001193125-10-266333,0000950123-09-064772,0.964100,0.828731,259501,0.726376,0.776328,27593,0.940098,0.634181,60593
0000829224,SBUX,2011,2010,2011-10-02,2011-11-18,2010-11-22,0001193125-11-317175,0001193125-10-266333,0.992400,0.891594,281312,0.993249,0.904433,27129,0.976706,0.773477,73748
0000829224,SBUX,2012,2011,2012-09-30,2012-11-16,2011-11-18,0000829224-12-000007,0001193125-11-317175,0.994865,0.881772,299245,0.987415,0.845149,29568,0.977343,0.755479,79226
0000829224,SBUX,2013,2012,2013-09-29,2013-11-18,2012-11-16,0000829224-13-000044,0000829224-12-000007,0.992658,0.898038,297244,0.990955,0.878095,27739,0.981015,0.793103,78422
0000829224,SBUX,2014,2013,2014-09-28,2014-11-14,2013-11-18,0000829224-14-000041,0000829224-13-000044,0.996658,0.883424,310607,0.990528,0.895283,32223,0.990912,0.746009,78338
0000829224,SBUX,2015,2014,2015-09-27,2015-11-12,2014-11-14,0000829224-15-000038,0000829224-14-000041,0.996864,0.917681,345779,0.995204,0.925725,35010,0.989979,0.853282,90363
0000829224,SBUX,2016,2015,2016-10-02,2016-11-18,2015-11-12,0000829224-16-000083,0000829224-15-000038,0.996603,0.921880,328105,0.992926,0.958036,36354,0.990616,0.822901,85604
0000829224,SBUX,2017,2016,2017-10-01,2017-11-17,2016-11-18,0000829224-17-000049,0000829224-16-000083,0.995418,0.917136,337696,0.997078,0.940084,39860,0.981823,0.809561,86116
0000829224,SBUX,2018,2017,2018-09-30,2018-11-16,2017-11-17,0000829224-18-000052,0000829224-17-000049,0.996190,0.871637,363536,0.995463,0.892802,45671,0.988688,0.814925,91777
0000829224,SBUX,2019,2018,2019-09-29,2019-11-15,2018-11-16,0000829224-19-000051,0000829224-18-000052,0.994841,0.895119,331881,0.993190,0.866524,46171,0.971257,0.828897,71391
0000829224,SBUX,2020,2019,2020-09-27,2020-11-12,2019-11-15,0000829224-20-000078,0000829224-19-000051,0.993090,0.855180,370511,0.975426,0.885599,55258,0.979872,0.749468,80766
0000829224,SBUX,2021,2020,2021-10-03,2021-11-19,2020-11-12,0000829224-21-000086,0000829224-20-000078,0.993395,0.843184,342308,0.992359,0.811264,62548,0.976781,0.747013,60406
0000829224,SBUX,2022,2021,2022-10-02,2022-11-18,2021-11-19,0000829224-22-000058,0000829224-21-000086,0.996886,0.900245,336396,0.997344,0.935780,67713,0.986108,0.836131,56351
0000829224,SBUX,2023,2022,2023-10-01,2023-11-17,2022-11-18,0000829224-23-000058,0000829224-22-000058,0.998079,0.892935,340051,0.993651,0.868032,72034,0.991783,0.865254,52913
0000829224,SBUX,2024,2023,2024-09-29,2024-11-20,2023-11-17,0000829224-24-000057,0000829224-23-000058,0.995526,0.861046,375829,0.993731,0.795500,97547,0.988127,0.865025,54473
0000829224,SBUX,2025,2024,2025-09-28,2025-11-14,2024-11-20,0000829224-25-000114,0000829224-24-000057,0.993237,0.788679,344172,0.976397,0.578591,58530,0.981885,0.807782,57318
0000316709,SCHW,2008,2007,2008-12-31,2009-02-25,2008-02-27,0001193125-09-037420,0001193125-08-039024,0.994546,0.906676,342597,0.989017,0.842986,21252,0.860260,0.449673,42617
0000316709,SCHW,2009,2008,2009-12-31,2010-02-25,2009-02-25,0001193125-10-040444,0001193125-09-037420,0.996766,0.888999,353215,0.992825,0.926708,23226,0.959088,0.665489,31923
0000316709,SCHW,2010,2009,2010-12-31,2011-02-25,2010-02-25,0001193125-11-046932,0001193125-10-040444,0.998485,0.909031,366645,0.992028,0.873894,26150,0.988744,0.742561,31233
0000316709,SCHW,2011,2010,2011-12-31,2012-02-24,2011-02-25,0001193125-12-077926,0001193125-11-046932,0.991680,0.908027,377007,0.998321,0.973655,26933,0.925184,0.520492,11337
0000316709,SCHW,2012,2011,2012-12-31,2013-02-22,2012-02-24,0001193125-13-071646,0001193125-12-077926,0.998341,0.891798,397777,0.987804,0.825758,31632,0.933926,0.460957,32082
0000316709,SCHW,2013,2012,2013-12-31,2014-02-24,2013-02-22,0000316709-14-000005,0001193125-13-071646,0.997975,0.909147,391967,0.994453,0.923713,33545,0.979747,0.726058,35873
0000316709,SCHW,2014,2013,2014-12-31,2015-02-23,2014-02-24,0000316709-15-000014,0000316709-14-000005,0.998508,0.951441,382616,0.995776,0.897758,32644,0.814581,0.304379,30096
0000316709,SCHW,2015,2014,2015-12-31,2016-02-24,2015-02-23,0000316709-16-000067,0000316709-15-000014,0.996541,0.863769,402252,0.992261,0.879752,34959,0.906725,0.342226,10073
0000316709,SCHW,2016,2015,2016-12-31,2017-02-23,2016-02-24,0000316709-17-000010,0000316709-16-000067,0.997777,0.886240,400804,0.993841,0.872021,32222,0.838061,0.181727,117575
0000316709,SCHW,2017,2016,2017-12-31,2018-02-22,2017-02-23,0000316709-18-000009,0000316709-17-000010,0.983957,0.885180,368362,0.840622,0.888688,30661,0.961532,0.818762,101691
0000316709,SCHW,2018,2017,2018-12-31,2019-02-22,2018-02-22,0000316709-19-000008,0000316709-18-000009,0.992711,0.906523,376388,0.995072,0.916667,32806,0.993573,0.897005,104039
0000316709,SCHW,2019,2018,2019-12-31,2020-02-26,2019-02-22,0000316709-20-000012,0000316709-19-000008,0.989987,0.875481,427333,0.869218,0.798473,46017,0.989919,0.820328,117473
0000316709,SCHW,2020,2019,2020-12-31,2021-02-24,2020-02-26,0000316709-21-000012,0000316709-20-000012,0.973961,0.845785,523604,0.936907,0.766355,50069,0.969672,0.824887,144496
0000316709,SCHW,2021,2020,2021-12-31,2022-02-24,2021-02-24,0000316709-22-000009,0000316709-21-000012,0.997562,0.919715,504610,0.998066,0.941673,50913,0.995701,0.875850,144950
0000316709,SCHW,2022,2021,2022-12-31,2023-02-24,2022-02-24,0000316709-23-000009,0000316709-22-000009,0.998425,0.929477,539258,0.992157,0.892954,49364,0.993108,0.876059,159906
0000316709,SCHW,2023,2022,2023-12-31,2024-02-23,2023-02-24,0000316709-24-000018,0000316709-23-000009,0.994685,0.893059,573335,0.972734,0.859051,50572,0.990818,0.825995,176140
0000316709,SCHW,2024,2023,2024-12-31,2025-02-26,2024-02-23,0000316709-25-000010,0000316709-24-000018,0.997222,0.916025,568243,0.981922,0.889278,46695,0.995400,0.877178,174177
0000316709,SCHW,2025,2024,2025-12-31,2026-02-25,2025-02-26,0000316709-26-000009,0000316709-25-000010,0.997235,0.906013,538170,0.992569,0.883509,51171,0.995606,0.880415,162077
0000092122,SO,2008,2007,2008-12-31,2009-02-25,2008-02-25,0000092122-09-000011,0000092122-08-000010,0.998136,0.894534,1816574,0.992429,0.815305,52146,,,0
0000092122,SO,2009,2008,2009-12-31,2010-02-25,2009-02-25,0000092122-10-000009,0000092122-09-000011,0.996263,0.873651,1931450,0.969302,0.714579,53143,,,0
0000092122,SO,2010,2009,2010-12-31,2011-02-25,2010-02-25,0000092122-11-000013,0000092122-10-000009,0.998425,0.882556,2080458,0.997266,0.891111,57284,,,0
0000092122,SO,2011,2010,2011-12-31,2012-02-24,2011-02-25,0000092122-12-000016,0000092122-11-000013,0.997042,0.892994,2099857,0.988830,0.809026,67108,,,0
0000092122,SO,2012,2011,2012-12-31,2013-02-28,2012-02-24,0000092122-13-000014,0000092122-12-000016,0.997671,0.889477,2106846,0.961945,0.806104,76126,,,0
0000092122,SO,2013,2012,2013-12-31,2014-02-27,2013-02-28,0000092122-14-000012,0000092122-13-000014,0.997916,0.896587,2104400,0.992306,0.851939,78812,,,0
0000092122,SO,2014,2013,2014-12-31,2015-03-02,2014-02-27,0000092122-15-000015,0000092122-14-000012,0.997793,0.914942,2171066,0.987928,0.840613,87340,,,0
0000092122,SO,2015,2014,2015-12-31,2016-02-26,2015-03-02,0000092122-16-000126,0000092122-15-000015,0.997953,0.885233,2267612,0.990778,0.778412,98113,,,0
0000092122,SO,2016,2015,2016-12-31,2017-02-22,2016-02-26,0000092122-17-000007,0000092122-16-000126,0.993436,0.827655,2861473,0.938612,0.730159,107250,,,0
0000092122,SO,2017,2016,2017-12-31,2018-02-21,2017-02-22,0000092122-18-000012,0000092122-17-000007,0.995786,0.834082,2763626,0.973687,0.761391,94791,,,0
0000092122,SO,2018,2017,2018-12-31,2019-02-20,2018-02-21,0000092122-19-000006,0000092122-18-000012,0.969428,0.869374,2025970,0.961288,0.818363,107635,,,963616
0000092122,SO,2019,2018,2019-12-31,2020-02-20,2019-02-20,0000092122-20-000017,0000092122-19-000006,0.993182,0.882561,1440359,0.930604,0.747942,74385,,,0
0000092122,SO,2020,2019,2020-12-31,2021-02-18,2020-02-20,0000092122-21-000006,0000092122-20-000017,0.997266,0.862461,1231007,0.991594,0.833029,65503,,,0
0000092122,SO,2021,2020,2021-12-31,2022-02-17,2021-02-18,0000092122-22-000003,0000092122-21-000006,0.998706,0.915433,1196409,0.994204,0.879128,66930,,,0
0000092122,SO,2022,2021,2022-12-31,2023-02-16,2022-02-17,0000092122-23-000012,0000092122-22-000003,0.998304,0.910641,1149387,0.997841,0.914642,68073,,,0
0000092122,SO,2023,2022,2023-12-31,2024-02-15,2023-02-16,0000092122-24-000009,0000092122-23-000012,0.999089,0.895392,1144671,0.997438,0.882107,70558,,,0
0000092122,SO,2024,2023,2024-12-31,2025-02-20,2024-02-15,0000092122-25-000018,0000092122-24-000009,0.998386,0.919002,1125800,0.997605,0.911593,76477,,,0
0000092122,SO,2025,2024,2025-12-31,2026-02-19,2025-02-20,0000092122-26-000006,0000092122-25-000018,0.999205,0.928631,1154525,0.997356,0.930878,83243,,,0
0001063761,SPG,2008,2007,2008-12-31,2009-02-26,2008-02-26,0001047469-09-001894,0001047469-08-001745,0.856503,0.728385,426518,0.989689,0.894336,22276,,,0
0001063761,SPG,2009,2008,2009-12-31,2010-02-25,2009-02-26,0001047469-10-001324,0001047469-09-001894,0.994910,0.884478,426562,0.997324,0.947778,21654,,,0
0001063761,SPG,2010,2009,2010-12-31,2011-02-25,2010-02-25,0001047469-11-001321,0001047469-10-001324,0.839535,0.726731,204574,0.997273,0.955882,21319,,,0
0001063761,SPG,2011,2010,2011-12-31,2012-02-28,2011-02-25,0001047469-12-001667,0001047469-11-001321,0.987881,0.881198,206092,0.998291,0.967083,21830,,,0
0001063761,SPG,2012,2011,2012-12-31,2013-02-28,2012-02-28,0001047469-13-001862,0001047469-12-001667,0.993151,0.895973,194912,0.991066,0.908590,21762,,,0
0001063761,SPG,2013,2012,2013-12-31,2014-02-27,2013-02-28,0001047469-14-001416,0001047469-13-001862,0.854530,0.742428,416656,0.994680,0.945495,23049,,,75703
0001063761,SPG,2014,2013,2014-12-31,2015-02-27,2014-02-27,0001047469-15-001339,0001047469-14-001416,0.987549,0.873981,409570,0.994402,0.923077,25557,0.989697,0.868047,78136
0001063761,SPG,2015,2014,2015-12-31,2016-02-26,2015-02-27,0001047469-16-010465,0001047469-15-001339,0.996452,0.904964,430216,0.966575,0.714832,44998,0.991032,0.840760,76254
0001063761,SPG,2016,2015,2016-12-31,2017-02-24,2016-02-26,0001558370-17-000934,0001047469-16-010465,0.939991,0.897756,504036,0.942948,0.934863,49364,0.982915,0.874574,81276
0001063761,SPG,2017,2016,2017-12-31,2018-02-23,2017-02-24,0001558370-18-000981,0001558370-17-000934,0.998789,0.930408,506414,0.997988,0.955539,50893,0.995698,0.912831,77638
0001063761,SPG,2018,2017,2018-12-31,2019-02-22,2018-02-23,0001558370-19-000875,0001558370-18-000981,0.995998,0.918143,493754,0.995523,0.904006,53047,0.992287,0.901526,75986
0001063761,SPG,2019,2018,2019-12-31,2020-02-21,2019-02-22,0001558370-20-001135,0001558370-19-000875,0.998396,0.920218,503935,0.984260,0.849231,66157,0.991364,0.866487,73210
0001063761,SPG,2020,2019,2020-12-31,2021-02-25,2020-02-21,0001558370-21-001700,0001558370-20-001135,0.995775,0.897351,558856,0.985603,0.823784,78667,0.980848,0.794172,83450
0001063761,SPG,2021,2020,2021-12-31,2022-02-24,2021-02-25,0001558370-22-001845,0001558370-21-001700,0.998268,0.924772,564004,0.997304,0.915939,75826,0.990514,0.881250,88960
0001063761,SPG,2022,2021,2022-12-31,2023-02-23,2022-02-24,0001558370-23-001840,0001558370-22-001845,0.999137,0.924766,562684,0.994119,0.851438,79554,0.995065,0.924213,87753
0001063761,SPG,2023,2022,2023-12-31,2024-02-22,2023-02-23,0001558370-24-001532,0001558370-23-001840,0.999314,0.933815,567519,0.998022,0.907139,82766,0.993698,0.870298,79754
0001063761,SPG,2024,2023,2024-12-31,2025-02-21,2024-02-22,0001558370-25-001271,0001558370-24-001532,0.999174,0.954535,580877,0.997637,0.950378,83273,0.994429,0.908842,82430
0001063761,SPG,2025,2024,2025-12-31,2026-02-25,2025-02-21,0001104659-26-019419,0001558370-25-001271,0.998909,0.968618,595961,0.999641,0.990088,83969,0.992887,0.928373,86143
0000732717,T,2009,2008,2009-02-25,2009-02-25,2008-02-27,0000732717-09-000007,0000732717-08-000012,0.992623,0.889773,72851,0.988778,0.906137,4242,,,0
0000732717,T,2011,2010,2011-12-31,2012-02-24,2011-03-01,0000732717-12-000025,0000732717-11-000014,0.990342,0.892419,74195,0.986539,0.943396,5529,,,0
0000732717,T,2012,2011,2012-12-31,2013-02-22,2012-02-24,0000732717-13-000017,0000732717-12-000025,0.990873,0.844756,81372,0.984536,0.894587,6193,,,0
0000732717,T,2013,2012,2013-12-31,2014-02-21,2013-02-22,0000732717-14-000010,0000732717-13-000017,0.988388,0.854398,81419,0.967436,0.873016,6026,,,0
0000732717,T,2014,2013,2014-12-31,2015-02-20,2014-02-21,0000732717-15-000016,0000732717-14-000010,0.995779,0.875700,80649,0.987894,0.912467,6216,,,0
0000732717,T,2015,2014,2015-12-31,2016-02-18,2015-02-20,0000732717-16-000147,0000732717-15-000016,0.974418,0.751866,90256,0.968681,0.864407,7126,,,0
0000732717,T,2016,2015,2016-12-31,2017-02-17,2016-02-18,0000732717-17-000021,0000732717-16-000147,0.994210,0.864120,90655,0.986639,0.918033,7286,,,0
0000732717,T,2017,2016,2017-12-31,2018-02-20,2017-02-17,0000732717-18-000009,0000732717-17-000021,0.994966,0.850262,88611,0.983568,0.936321,7135,,,0
0000732717,T,2018,2017,2018-12-31,2019-02-20,2018-02-20,0001193125-19-045608,0000732717-18-000009,0.951971,0.740757,101179,0.951357,0.828452,8155,,,0
0000732717,T,2019,2018,2019-12-31,2020-02-20,2019-02-20,0001562762-20-000064,0001193125-19-045608,0.954434,0.528362,440292,0.880043,0.378521,34070,,,100173
0000732717,T,2020,2019,2020-12-31,2021-02-25,2020-02-20,0000732717-21-000012,0001562762-20-000064,0.995721,0.855966,479213,0.980421,0.761226,46057,0.980855,0.729486,115215
0000732717,T,2021,2020,2021-12-31,2022-02-16,2021-02-25,0000732717-22-000015,0000732717-21-000012,0.986714,0.866731,474687,0.930045,0.804321,58818,0.972084,0.733304,94620
0000732717,T,2022,2021,2022-12-31,2023-02-13,2022-02-16,0000732717-23-000011,0000732717-22-000015,0.984041,0.828290,399265,0.912125,0.769279,42676,0.971411,0.760231,85125
0000732717,T,2023,2022,2023-12-31,2024-02-23,2023-02-13,0000732717-24-000009,0000732717-23-000011,0.998357,0.899813,388816,0.995130,0.907953,42319,0.989298,0.813326,74700
0000732717,T,2024,2023,2024-12-31,2025-02-12,2024-02-23,0000732717-25-000013,0000732717-24-000009,0.998654,0.904596,367832,0.995327,0.889522,44217,0.985890,0.772904,64849
0000732717,T,2025,2024,2025-12-31,2026-02-09,2025-02-12,0000732717-26-000120,0000732717-25-000013,0.996655,0.914200,358841,0.993960,0.914616,42639,0.991616,0.837492,65593
0000097745,TMO,2008,2007,2008-12-31,2009-02-27,2008-02-29,0000097745-09-000011,0000097745-08-000043,0.997603,0.814806,409318,0.994774,0.911943,27174,0.990931,0.783923,65723
0000097745,TMO,2009,2008,2009-12-31,2010-02-26,2009-02-27,0000097745-10-000008,0000097745-09-000011,0.996606,0.913615,412969,0.990567,0.910881,26954,0.986375,0.792313,70057
0000097745,TMO,2010,2009,2010-12-31,2011-02-24,2010-02-26,0000097745-11-000013,0000097745-10-000008,0.998011,0.904277,395383,0.997946,0.966559,25809,0.990278,0.774290,66425
0000097745,TMO,2011,2010,2011-12-31,2012-02-29,2011-02-24,0000097745-12-000010,0000097745-11-000013,0.995038,0.812484,377413,0.995621,0.920998,27422,0.987244,0.778281,71527
0000097745,TMO,2012,2011,2012-12-31,2013-02-27,2012-02-29,0000097745-13-000007,0000097745-12-000010,0.999105,0.927283,382135,0.992049,0.887824,29953,0.995173,0.866148,75608
0000097745,TMO,2013,2012,2013-12-31,2014-02-27,2013-02-27,0000097745-14-000014,0000097745-13-000007,0.996619,0.882823,399502,0.993061,0.929564,32176,0.990647,0.807292,77963
0000097745,TMO,2014,2013,2014-12-31,2015-02-26,2014-02-27,0000097745-15-000007,0000097745-14-000014,0.998013,0.917534,396469,0.997269,0.956360,31784,0.993185,0.841501,81940
0000097745,TMO,2015,2014,2015-12-31,2016-02-25,2015-02-26,0000097745-16-000043,0000097745-15-000007,0.996927,0.935716,367143,0.994041,0.952652,29046,0.993281,0.804157,73068
0000097745,TMO,2016,2015,2016-12-31,2017-02-28,2016-02-25,0000097745-17-000007,0000097745-16-000043,0.997313,0.915586,381903,0.985822,0.833029,29037,0.992947,0.861864,77503
0000097745,TMO,2017,2016,2017-12-31,2018-02-28,2017-02-28,0000097745-18-000006,0000097745-17-000007,0.997864,0.913868,378063,0.989188,0.884859,33312,0.994201,0.801787,71870
0000097745,TMO,2018,2017,2018-12-31,2019-02-27,2018-02-28,0000097745-19-000007,0000097745-18-000006,0.999034,0.925402,373885,0.996190,0.901384,35934,0.997021,0.893691,69150
0000097745,TMO,2019,2018,2019-12-31,2020-02-26,2019-02-27,0000097745-20-000009,0000097745-19-000007,0.997375,0.907211,352629,0.993989,0.879282,40148,0.987056,0.801043,46474
0000097745,TMO,2020,2019,2020-12-31,2021-02-25,2020-02-26,0000097745-21-000011,0000097745-20-000009,0.996937,0.889006,345308,0.991567,0.928063,43145,0.982836,0.788425,41766
0000097745,TMO,2021,2020,2021-12-31,2022-02-24,2021-02-25,0000097745-22-000011,0000097745-21-000011,0.993944,0.903038,365025,0.994166,0.888153,46253,0.956229,0.695174,44114
0000097745,TMO,2022,2021,2022-12-31,2023-02-23,2022-02-24,0000097745-23-000008,0000097745-22-000011,0.996142,0.808753,317009,0.995774,0.913202,45797,0.989246,0.814597,41462
0000097745,TMO,2023,2022,2023-12-31,2024-02-22,2023-02-23,0000097745-24-000007,0000097745-23-000008,0.998809,0.921159,319431,0.997145,0.921485,48237,0.988612,0.836222,40536
0000097745,TMO,2024,2023,2024-12-31,2025-02-20,2024-02-22,0000097745-25-000010,0000097745-24-000007,0.998568,0.941107,315502,0.998764,0.959270,49289,0.995045,0.893578,38685
0000097745,TMO,2025,2024,2025-12-31,2026-02-26,2025-02-20,0000097745-26-000018,0000097745-25-000010,0.998887,0.946821,327305,0.998050,0.960083,50872,0.990497,0.869844,38971
0001283699,TMUS,2008,2007,2008-12-31,2009-03-02,2008-02-29,0000950134-09-004227,0000950134-08-003844,0.994888,0.813659,583731,0.962325,0.668602,107915,0.988056,0.834267,143808
0001283699,TMUS,2009,2008,2009-12-31,2010-03-01,2009-03-02,0001193125-10-044780,0000950134-09-004227,0.993389,0.868440,622469,0.989514,0.780863,154041,0.976181,0.798876,132364
0001283699,TMUS,2010,2009,2010-12-31,2011-03-01,2010-03-01,0001193125-11-051403,0001193125-10-044780,0.989155,0.885121,568051,0.991172,0.885306,166224,0.964723,0.813023,99546
0001283699,TMUS,2011,2010,2011-12-31,2012-02-29,2011-03-01,0001445305-12-000521,0001193125-11-051403,0.998250,0.880046,598220,0.996304,0.866288,192791,0.990755,0.862669,105211
0001283699,TMUS,2012,2011,2012-12-31,2013-03-01,2012-02-29,0001283699-13-000031,0001445305-12-000521,0.978640,0.766897,970474,0.958401,0.815044,280184,0.997589,0.911039,107894
0001283699,TMUS,2013,2012,2013-12-31,2014-02-25,2013-03-01,0001283699-14-000012,0001283699-13-000031,0.953713,0.468673,355953,0.953218,0.387238,51569,0.900503,0.437905,88148
0001283699,TMUS,2014,2013,2014-12-31,2015-02-19,2014-02-25,0001283699-15-000010,0001283699-14-000012,0.989638,0.792960,365813,0.989888,0.811977,50509,0.950064,0.720959,93048
0001283699,TMUS,2015,2014,2015-12-31,2016-02-17,2015-02-19,0001283699-16-000073,0001283699-15-000010,0.991298,0.874816,353856,0.995943,0.883970,51048,0.986390,0.788538,84581
0001283699,TMUS,2016,2015,2016-12-31,2017-02-14,2016-02-17,0001283699-17-000010,0001283699-16-000073,0.988395,0.869819,385348,0.994132,0.842617,54746,0.964132,0.770861,92211
0001283699,TMUS,2017,2016,2017-12-31,2018-02-08,2017-02-14,0001283699-18-000011,0001283699-17-000010,0.990209,0.876144,430517,0.995339,0.911009,56901,0.962737,0.771160,113514
0001283699,TMUS,2018,2017,2018-12-31,2019-02-07,2018-02-08,0001283699-19-000015,0001283699-18-000011,0.990119,0.835733,482645,0.934855,0.820455,85158,0.975078,0.698178,98162
0001283699,TMUS,2019,2018,2019-12-31,2020-02-06,2019-02-07,0001283699-20-000026,0001283699-19-000015,0.995840,0.861671,475671,0.996130,0.902674,94052,0.979826,0.768200,93088
0001283699,TMUS,2020,2019,2020-12-31,2021-02-23,2020-02-06,0001283699-21-000039,0001283699-20-000026,0.983306,0.763825,562600,0.970538,0.691142,76545,0.941766,0.595250,108275
0001283699,TMUS,2021,2020,2021-12-31,2022-02-11,2021-02-23,0001283699-22-000018,0001283699-21-000039,0.997352,0.857806,515547,0.993481,0.815026,77434,0.983175,0.699566,96164
0001283699,TMUS,2022,2021,2022-12-31,2023-02-14,2022-02-11,0001283699-23-000016,0001283699-22-000018,0.996406,0.862296,503895,0.991558,0.836756,73302,0.973456,0.657110,85675
0001283699,TMUS,2023,2022,2023-12-31,2024-02-02,2023-02-14,0001283699-24-000008,0001283699-23-000016,0.996074,0.873962,483904,0.993592,0.796907,71017,0.978820,0.759197,83483
0001283699,TMUS,2024,2023,2024-12-31,2025-01-31,2024-02-02,0001283699-25-000012,0001283699-24-000008,0.993530,0.883152,491659,0.985172,0.762545,65230,0.975609,0.810056,88608
0001283699,TMUS,2025,2024,2025-12-31,2026-02-11,2025-01-31,0001283699-26-000010,0001283699-25-000012,0.990869,0.899879,546965,0.996368,0.901464,71553,0.970411,0.825000,101362
0001318605,TSLA,2011,2010,2011-12-31,2012-02-27,2011-03-03,0001193125-12-081990,0001193125-11-054847,0.995743,0.886156,558701,0.993109,0.869947,178123,0.983595,0.730939,89494
0001318605,TSLA,2012,2011,2012-12-31,2013-03-07,2012-02-27,0001193125-13-096241,0001193125-12-081990,0.995334,0.886417,513499,0.992843,0.852632,165887,0.901336,0.210046,7545
0001318605,TSLA,2013,2012,2013-12-31,2014-02-26,2013-03-07,0001193125-14-069681,0001193125-13-096241,0.994356,0.841381,494524,0.987817,0.798276,160624,0.908854,0.464427,6840
0001318605,TSLA,2014,2013,2014-12-31,2015-02-26,2014-02-26,0001564590-15-001031,0001193125-14-069681,0.995134,0.852913,421617,0.995353,0.865152,150189,0.896952,0.240991,62042
0001318605,TSLA,2015,2014,2015-12-31,2016-02-24,2015-02-26,0001564590-16-013195,0001564590-15-001031,0.994447,0.771471,342106,0.986008,0.659672,84529,0.984081,0.713596,55111
0001318605,TSLA,2016,2015,2016-12-31,2017-03-01,2016-02-24,0001564590-17-003118,0001564590-16-013195,0.893317,0.762221,555720,0.979565,0.708256,91362,0.960005,0.656925,82181
0001318605,TSLA,2017,2016,2017-12-31,2018-02-23,2017-03-01,0001564590-18-002956,0001564590-17-003118,0.994123,0.853682,538987,0.993935,0.862275,94396,0.985644,0.702860,81710
0001318605,TSLA,2018,2017,2018-12-31,2019-02-19,2018-02-23,0001564590-19-003165,0001564590-18-002956,0.995685,0.878278,608657,0.994453,0.851991,105211,0.990925,0.717565,110913
0001318605,TSLA,2019,2018,2019-12-31,2020-02-13,2019-02-19,0001564590-20-004475,0001564590-19-003165,0.992126,0.828684,543534,0.991938,0.839018,93846,0.986585,0.697452,84233
0001318605,TSLA,2020,2019,2020-12-31,2021-02-08,2020-02-13,0001564590-21-004599,0001564590-20-004475,0.996284,0.814302,518230,0.985933,0.780063,83926,0.988801,0.710911,89687
0001318605,TSLA,2021,2020,2021-12-31,2022-02-07,2021-02-08,0000950170-22-000796,0001564590-21-004599,0.996004,0.875000,453368,0.996431,0.892639,87515,0.975835,0.687686,59746
0001318605,TSLA,2022,2021,2022-12-31,2023-01-31,2022-02-07,0000950170-23-001409,0000950170-22-000796,0.997496,0.879952,412304,0.996230,0.892134,82634,0.989685,0.825675,56365
0001318605,TSLA,2023,2022,2023-12-31,2024-01-29,2023-01-31,0001628280-24-002390,0000950170-23-001409,0.997680,0.896900,398497,0.997428,0.915669,79281,0.980205,0.813120,49272
0001318605,TSLA,2024,2023,2024-12-31,2025-01-30,2024-01-29,0001628280-25-003063,0001628280-24-002390,0.998614,0.905567,386329,0.999286,0.970000,79800,0.992549,0.876322,48705
0001318605,TSLA,2025,2024,2025-12-31,2026-01-29,2025-01-30,0001628280-26-003952,0001628280-25-003063,0.984398,0.847988,396153,0.993988,0.891099,83798,0.986244,0.779661,55515
0000097476,TXN,2008,2007,2008-12-31,2009-02-24,2008-02-26,0001206774-09-000314,0001193125-08-038572,0.986329,0.804199,73782,0.991626,0.930645,14895,,,0
0000097476,TXN,2009,2008,2009-12-31,2010-02-23,2009-02-24,0001140361-10-007923,0001206774-09-000314,0.996044,0.869315,78664,0.991769,0.879573,16559,,,0
0000097476,TXN,2010,2009,2010-12-31,2011-02-25,2010-02-23,0001140361-11-012312,0001140361-10-007923,0.997247,0.928077,78469,0.999285,0.989114,16719,,,0
0000097476,TXN,2011,2010,2011-12-31,2012-02-24,2011-02-25,0000097476-12-000010,0001140361-11-012312,0.993779,0.944944,80406,0.995427,0.922302,18778,,,0
0000097476,TXN,2012,2011,2012-12-31,2013-02-22,2012-02-24,0000097476-13-000009,0000097476-12-000010,0.994044,0.913599,83546,0.996710,0.935792,19904,,,0
0000097476,TXN,2013,2012,2013-12-31,2014-02-24,2013-02-22,0000097476-14-000007,0000097476-13-000009,0.994470,0.856500,81319,0.994859,0.937173,21497,,,0
0000097476,TXN,2014,2013,2014-12-31,2015-02-24,2014-02-24,0000097476-15-000003,0000097476-14-000007,0.944292,0.637391,225553,0.996680,0.917182,22797,,,35289
0000097476,TXN,2015,2014,2015-12-31,2016-02-24,2015-02-24,0001564590-16-013126,0000097476-15-000003,0.997370,0.914909,210830,0.993672,0.895294,23889,0.990586,0.856719,29640
0000097476,TXN,2016,2015,2016-12-31,2017-02-23,2016-02-24,0001564590-17-002142,0001564590-16-013126,0.997789,0.914034,209001,0.991197,0.868966,23032,0.992562,0.864171,28478
0000097476,TXN,2017,2016,2017-12-31,2018-02-22,2017-02-23,0001564590-18-002832,0001564590-17-002142,0.995555,0.902154,206511,0.997347,0.916570,24126,0.981353,0.774295,27811
0000097476,TXN,2018,2017,2018-12-31,2019-02-22,2018-02-22,0001564590-19-003839,0001564590-18-002832,0.998111,0.915081,202792,0.998697,0.954181,24578,0.993924,0.883827,25351
0000097476,TXN,2019,2018,2019-12-31,2020-02-20,2019-02-22,0000097476-20-000009,0001564590-19-003839,0.997697,0.914886,192597,0.942729,0.467204,8206,0.977632,0.869767,22318
0000097476,TXN,2020,2019,2020-12-31,2021-02-05,2020-02-20,0000097476-21-000006,0000097476-20-000009,0.998293,0.888969,191769,0.944473,0.460317,25690,0.978636,0.718415,21402
0000097476,TXN,2021,2020,2021-12-31,2022-02-04,2021-02-05,0000097476-22-000009,0000097476-21-000006,0.998799,0.939439,180786,0.994784,0.921460,25511,0.988874,0.812346,17525
0000097476,TXN,2022,2021,2022-12-31,2023-02-03,2022-02-04,0000097476-23-000007,0000097476-22-000009,0.999316,0.952735,183709,0.997460,0.922481,25720,0.992519,0.913598,17995
0000097476,TXN,2023,2022,2023-12-31,2024-02-02,2023-02-03,0000097476-24-000007,0000097476-23-000007,0.998646,0.928752,185828,0.995389,0.911638,26821,0.991924,0.906205,16422
0000097476,TXN,2024,2023,2024-12-31,2025-02-14,2024-02-02,0000097476-25-000007,0000097476-24-000007,0.999037,0.952971,183560,0.998751,0.972618,26750,0.985845,0.846970,14899
0000097476,TXN,2025,2024,2025-12-31,2026-02-06,2025-02-14,0000097476-26-000059,0000097476-25-000007,0.998963,0.946967,189392,0.997763,0.942765,27475,0.979713,0.821429,18588
0001543151,UBER,2020,2019,2020-12-31,2021-03-01,2020-03-02,0001543151-21-000014,0001543151-20-000010,0.983170,0.831869,750752,0.988779,0.855299,231952,,,0
0001543151,UBER,2021,2020,2021-12-31,2022-02-24,2021-03-01,0001543151-22-000008,0001543151-21-000014,0.997488,0.916563,714260,0.998588,0.927917,232439,,,12100
0001543151,UBER,2022,2021,2022-12-31,2023-02-21,2022-02-24,0001543151-23-000010,0001543151-22-000008,0.999162,0.934709,684888,0.998774,0.944121,224691,0.950103,0.716069,8530
0001543151,UBER,2023,2022,2023-12-31,2024-02-15,2023-02-21,0001543151-24-000012,0001543151-23-000010,0.998028,0.934157,656638,0.999174,0.968379,231705,0.859334,0.642105,4684
0001543151,UBER,2024,2023,2024-12-31,2025-02-14,2024-02-15,0001543151-25-000008,0001543151-24-000012,0.997582,0.925838,620130,0.999237,0.948768,230129,0.999849,1.000000,4685
0001543151,UBER,2025,2024,2025-12-31,2026-02-13,2025-02-14,0001543151-26-000015,0001543151-25-000008,0.999199,0.943363,607732,0.999660,0.971485,232502,1.000000,1.000000,4685
0000731766,UNH,2008,2007,2008-12-31,2009-02-11,2008-02-21,0001193125-09-025587,0001193125-08-035391,0.991323,0.806872,392644,,,72398,0.967236,0.548982,72659
0000731766,UNH,2009,2008,2009-12-31,2010-02-10,2009-02-11,0001193125-10-027229,0001193125-09-025587,0.997631,0.859014,379213,0.946315,0.762881,51543,0.983838,0.753474,72968
0000731766,UNH,2010,2009,2010-12-31,2011-02-10,2010-02-10,0001193125-11-030615,0001193125-10-027229,0.992959,0.840703,396120,0.984940,0.794714,61841,0.986014,0.759141,73920
0000731766,UNH,2011,2010,2011-12-31,2012-02-09,2011-02-10,0000731766-12-000009,0001193125-11-030615,0.989289,0.820335,413044,0.984794,0.820468,68695,0.982516,0.711979,91008
0000731766,UNH,2012,2011,2012-12-31,2013-02-07,2012-02-09,0000731766-13-000005,0000731766-12-000009,0.994587,0.839799,426063,0.993508,0.845038,70062,0.780065,0.175054,8884
0000731766,UNH,2013,2012,2013-12-31,2014-02-12,2013-02-07,0000731766-14-000008,0000731766-13-000005,0.997802,0.850239,399372,0.989063,0.818182,65908,0.806395,0.170488,132428
0000731766,UNH,2014,2013,2014-12-31,2015-02-10,2014-02-12,0000731766-15-000007,0000731766-14-000008,0.998186,0.908813,390268,0.996135,0.904229,62452,0.954415,0.735149,84805
0000731766,UNH,2015,2014,2015-12-31,2016-02-09,2015-02-10,0000731766-16-000058,0000731766-15-000007,0.996686,0.890342,374840,0.997005,0.946313,61265,0.791400,0.458672,61489
0000731766,UNH,2016,2015,2016-12-31,2017-02-08,2016-02-09,0000731766-17-000009,0000731766-16-000058,0.997478,0.927431,357333,0.997334,0.966491,60695,0.919888,0.620602,118824
0000731766,UNH,2017,2016,2017-12-31,2018-02-13,2017-02-08,0000731766-18-000005,0000731766-17-000009,0.994554,0.896009,325468,0.996888,0.923077,60458,0.997167,0.904542,119657
0000731766,UNH,2018,2017,2018-12-31,2019-02-12,2018-02-13,0000731766-19-000005,0000731766-18-000005,0.999168,0.939367,316975,0.998723,0.960415,61149,0.998447,0.940324,119024
0000731766,UNH,2019,2018,2019-12-31,2020-02-14,2019-02-12,0000731766-20-000006,0000731766-19-000005,0.998919,0.941892,316460,0.999698,0.988896,61484,0.999156,0.965727,117859
0000731766,UNH,2020,2019,2020-12-31,2021-03-01,2020-02-14,0000731766-21-000013,0000731766-20-000006,0.994699,0.894491,319872,0.993622,0.916667,66451,0.987237,0.859080,112144
0000731766,UNH,2021,2020,2021-12-31,2022-02-15,2021-03-01,0000731766-22-000008,0000731766-21-000013,0.988718,0.950296,318038,0.998005,0.949731,68150,0.998598,0.953800,112571
0000731766,UNH,2022,2021,2022-12-31,2023-02-24,2022-02-15,0000731766-23-000008,0000731766-22-000008,0.997702,0.913864,303492,0.997430,0.918246,66112,0.994616,0.888410,101470
0000731766,UNH,2023,2022,2023-12-31,2024-02-28,2023-02-24,0000731766-24-000081,0000731766-23-000008,0.998918,0.939952,311917,0.991449,0.891266,66350,0.995194,0.907235,107206
0000731766,UNH,2024,2023,2024-12-31,2025-02-27,2024-02-28,0000731766-25-000063,0000731766-24-000081,0.998215,0.946321,316212,0.999251,0.954517,65778,0.998498,0.949436,105572
0000731766,UNH,2025,2024,2025-12-31,2026-03-02,2025-02-27,0000731766-26-000062,0000731766-25-000063,0.995319,0.905941,330858,0.996965,0.960050,66989,0.996743,0.901996,106302
0000100885,UNP,2008,2007,2008-12-31,2009-02-06,2008-02-28,0001193125-09-021370,0001193125-08-041700,0.995679,0.825164,291558,0.988033,0.903226,17582,0.990825,0.807027,92711
0000100885,UNP,2009,2008,2009-12-31,2010-02-05,2009-02-06,0001193125-10-023294,0001193125-09-021370,0.997044,0.843356,317189,0.995152,0.939759,17420,0.991266,0.789315,103968
0000100885,UNP,2010,2009,2010-12-31,2011-02-04,2010-02-05,0001193125-11-024531,0001193125-10-023294,0.996698,0.865587,316398,0.997389,0.966049,17309,0.990216,0.828994,103077
0000100885,UNP,2011,2010,2011-12-31,2012-02-03,2011-02-04,0001193125-12-038569,0001193125-11-024531,0.998301,0.865659,318093,0.999449,0.989097,17432,0.993522,0.844411,101746
0000100885,UNP,2012,2011,2012-12-31,2013-02-08,2012-02-03,0001193125-13-045658,0001193125-12-038569,0.998300,0.882755,311137,0.999064,0.989214,17621,0.995332,0.848530,99773
0000100885,UNP,2013,2012,2013-12-31,2014-02-07,2013-02-08,0001193125-14-040752,0001193125-13-045658,0.998701,0.899825,316026,0.990961,0.880330,20476,0.994982,0.857217,96201
0000100885,UNP,2014,2013,2014-12-31,2015-02-06,2014-02-07,0001193125-15-037518,0001193125-14-040752,0.998935,0.905208,313958,0.997268,0.956931,21136,0.995297,0.843650,92930
0000100885,UNP,2015,2014,2015-12-31,2016-02-05,2015-02-06,0000100885-16-000260,0001193125-15-037518,0.997675,0.923852,319725,0.997680,0.981258,21837,0.994138,0.893475,95039
0000100885,UNP,2016,2015,2016-12-31,2017-02-03,2016-02-05,0000100885-17-000056,0000100885-16-000260,0.998235,0.922825,301036,0.999089,0.989333,22067,0.987174,0.825542,79940
0000100885,UNP,2017,2016,2017-12-31,2018-02-09,2017-02-03,0000100885-18-000048,0000100885-17-000056,0.998043,0.885622,305873,0.998997,0.967448,22486,0.994147,0.911432,84625
0000100885,UNP,2018,2017,2018-12-31,2019-02-08,2018-02-09,0000100885-19-000060,0000100885-18-000048,0.997339,0.882370,309114,0.999260,0.980670,22681,0.989366,0.824182,83202
0000100885,UNP,2019,2018,2019-12-31,2020-02-07,2019-02-08,0000100885-20-000065,0000100885-19-000060,0.997213,0.859464,299259,0.993733,0.854691,24942,0.982744,0.799654,70792
0000100885,UNP,2020,2019,2020-12-31,2021-02-05,2020-02-07,0000100885-21-000068,0000100885-20-000065,0.997036,0.847379,313263,0.985895,0.820180,29495,0.981506,0.785235,80624
0000100885,UNP,2021,2020,2021-12-31,2022-02-04,2021-02-05,0001437749-22-002494,0000100885-21-000068,0.996753,0.865804,284200,0.996711,0.954910,29947,0.964677,0.670406,63232
0000100885,UNP,2022,2021,2022-12-31,2023-02-10,2022-02-04,0001437749-23-002959,0001437749-22-002494,0.998583,0.872090,285614,0.997818,0.938796,30154,0.983608,0.770087,60826
0000100885,UNP,2023,2022,2023-12-31,2024-02-09,2023-02-10,0001437749-24-003599,0001437749-23-002959,0.997245,0.842842,279056,0.998353,0.970238,30700,0.982215,0.740530,56152
0000100885,UNP,2024,2023,2024-12-31,2025-02-07,2024-02-09,0000100885-25-000042,0001437749-24-003599,0.998088,0.900659,279112,0.994403,0.912150,32908,0.982460,0.777053,57009
0000100885,UNP,2025,2024,2025-12-31,2026-02-06,2025-02-07,0000100885-26-000037,0000100885-25-000042,0.992144,0.888446,319055,0.861117,0.703704,59832,0.992837,0.855316,58342
0001090727,UPS,2008,2007,2008-12-31,2009-02-27,2008-02-29,0001193125-09-040973,0001193125-08-043891,0.996655,0.865616,359908,,,2213,0.990972,0.745445,112464
0001090727,UPS,2009,2008,2009-12-31,2010-02-26,2009-02-27,0001193125-10-042908,0001193125-09-040973,0.995964,0.835331,374265,0.834973,0.195238,21665,0.986494,0.753125,96017
0001090727,UPS,2010,2009,2010-12-31,2011-02-28,2010-02-26,0001193125-11-049356,0001193125-10-042908,0.998892,0.905103,385331,0.998744,0.969158,21907,0.992170,0.835534,99341
0001090727,UPS,2011,2010,2011-12-31,2012-02-27,2011-02-28,0001193125-12-081067,0001193125-11-049356,0.996117,0.788481,424291,0.985058,0.808343,19701,0.986278,0.768161,119253
0001090727,UPS,2012,2011,2012-12-31,2013-02-28,2012-02-27,0001090727-13-000005,0001193125-12-081067,0.998275,0.896372,416479,0.996919,0.939655,21153,0.989322,0.781718,126908
0001090727,UPS,2013,2012,2013-12-31,2014-02-28,2013-02-28,0001090727-14-000009,0001090727-13-000005,0.998620,0.899003,445696,0.999145,0.991337,21524,0.995690,0.842764,139343
0001090727,UPS,2014,2013,2014-12-31,2015-02-27,2014-02-28,0001090727-15-000008,0001090727-14-000009,0.995530,0.882049,449057,0.992169,0.896629,24142,0.986791,0.763636,128992
0001090727,UPS,2015,2014,2015-12-31,2016-02-25,2015-02-27,0001090727-16-000053,0001090727-15-000008,0.997321,0.891951,458780,0.979185,0.948332,25980,0.993832,0.848036,125784
0001090727,UPS,2016,2015,2016-12-31,2017-02-21,2016-02-25,0001090727-17-000011,0001090727-16-000053,0.997241,0.863781,462679,0.987829,0.895937,27381,0.988917,0.811919,133223
0001090727,UPS,2017,2016,2017-12-31,2018-02-21,2017-02-21,0001090727-18-000009,0001090727-17-000011,0.995789,0.819583,468279,0.985067,0.794599,37277,0.989662,0.796774,130842
0001090727,UPS,2018,2017,2018-12-31,2019-02-21,2018-02-21,0001090727-19-000006,0001090727-18-000009,0.997522,0.882384,492252,0.992173,0.905206,38772,0.991381,0.827586,137812
0001090727,UPS,2019,2018,2019-12-31,2020-02-20,2019-02-21,0001090727-20-000005,0001090727-19-000006,0.995907,0.874002,456855,0.963523,0.800305,34060,0.974937,0.712283,90975
0001090727,UPS,2020,2019,2020-12-31,2021-02-22,2020-02-20,0001090727-21-000013,0001090727-20-000005,0.997822,0.856518,448129,0.992510,0.864908,38406,0.988167,0.794136,95765
0001090727,UPS,2021,2020,2021-12-31,2022-02-22,2021-02-22,0001090727-22-000007,0001090727-21-000013,0.998050,0.890104,431525,0.989036,0.825581,36987,0.991757,0.755027,96052
0001090727,UPS,2022,2021,2022-12-31,2023-02-21,2022-02-22,0001090727-23-000006,0001090727-22-000007,0.998111,0.892916,416592,0.994990,0.893061,39446,0.990559,0.794682,97507
0001090727,UPS,2023,2022,2023-12-31,2024-02-20,2023-02-21,0001090727-24-000008,0001090727-23-000006,0.998455,0.888919,435792,0.994537,0.850158,39426,0.989481,0.792661,101168
0001090727,UPS,2024,2023,2024-12-31,2025-02-18,2024-02-20,0001090727-25-000019,0001090727-24-000008,0.996010,0.882588,467362,0.996236,0.913531,41928,0.972141,0.747738,119084
0001090727,UPS,2025,2024,2025-12-31,2026-02-17,2025-02-18,0001628280-26-008432,0001090727-25-000019,0.996801,0.879767,436221,0.995120,0.895304,41889,0.986245,0.752062,103131
0000036104,USB,2008,2007,2008-12-31,2009-03-02,2008-02-25,0000950152-09-002057,0000950124-08-000806,0.994894,0.881437,44262,,,0,,,0
0000036104,USB,2009,2008,2009-12-31,2010-02-26,2009-03-02,0000950123-10-018123,0000950152-09-002057,0.989980,0.836686,39556,,,0,,,0
0000036104,USB,2010,2009,2010-12-31,2011-02-28,2010-02-26,0000950123-11-019888,0000950123-10-018123,0.887018,0.466365,82751,,,0,,,0
0000036104,USB,2011,2010,2011-12-31,2012-02-23,2011-02-28,0001193125-12-075125,0000950123-11-019888,0.992050,0.830823,89320,,,0,,,0
0000036104,USB,2012,2011,2012-12-31,2013-02-22,2012-02-23,0001193125-13-071069,0001193125-12-075125,0.996292,0.890919,93295,,,0,,,0
0000036104,USB,2013,2012,2013-12-31,2014-02-21,2013-02-22,0001193125-14-062530,0001193125-13-071069,0.994613,0.846955,105629,,,0,,,0
0000036104,USB,2014,2013,2014-12-31,2015-02-27,2014-02-21,0001193125-15-068728,0001193125-14-062530,0.997990,0.896326,105789,,,0,,,0
0000036104,USB,2015,2014,2015-12-31,2016-02-25,2015-02-27,0001193125-16-478568,0001193125-15-068728,0.998150,0.904739,117686,,,0,,,0
0000036104,USB,2016,2015,2016-12-31,2017-02-23,2016-02-25,0001193125-17-053947,0001193125-16-478568,0.997389,0.920460,112856,,,0,,,0
0000036104,USB,2017,2016,2017-12-31,2018-02-22,2017-02-23,0001193125-18-053893,0001193125-17-053947,0.998671,0.930015,112398,,,0,,,0
0000036104,USB,2018,2017,2018-12-31,2019-02-22,2018-02-22,0001193125-19-047201,0001193125-18-053893,0.989806,0.808628,120686,,,0,,,0
0000036104,USB,2019,2018,2019-12-31,2020-02-20,2019-02-22,0001193125-20-043622,0001193125-19-047201,0.997400,0.890359,116334,,,0,,,0
0000036104,USB,2020,2019,2020-12-31,2021-02-23,2020-02-20,0001193125-21-052547,0001193125-20-043622,0.992401,0.818651,125734,,,65285,,,0
0000036104,USB,2021,2020,2021-12-31,2022-02-22,2021-02-23,0001193125-22-048709,0001193125-21-052547,0.992810,0.821061,116867,,,0,,,0
0000036104,USB,2022,2021,2022-12-31,2023-02-27,2022-02-22,0001193125-23-050691,0001193125-22-048709,0.927316,0.821782,133510,,,0,,,0
0000036104,USB,2023,2022,2023-12-31,2024-02-20,2023-02-27,0000036104-24-000018,0001193125-23-050691,0.973512,0.828452,142638,,,0,,,0
0000036104,USB,2024,2023,2024-12-31,2025-02-21,2024-02-20,0000036104-25-000016,0000036104-24-000018,0.995946,0.847431,137550,,,0,,,0
0000036104,USB,2025,2024,2025-12-31,2026-02-23,2025-02-21,0000036104-26-000011,0000036104-25-000016,0.996185,0.889198,139106,,,0,,,0
0001403161,V,2008,2007,2008-09-30,2008-11-21,2007-12-21,0001193125-08-240384,0001193125-07-270394,0.977659,0.771080,808606,0.989178,0.867708,95698,0.866112,0.573624,146410
0001403161,V,2009,2008,2009-09-30,2009-11-20,2008-11-21,0001193125-09-239249,0001193125-08-240384,0.993458,0.683984,435181,0.968384,0.683787,68981,0.981336,0.648766,84031
0001403161,V,2010,2009,2010-09-30,2010-11-19,2009-11-20,0001193125-10-265236,0001193125-09-239249,0.992597,0.820519,473389,0.963239,0.673458,65065,0.988666,0.811812,89016
0001403161,V,2011,2010,2011-09-30,2011-11-18,2010-11-19,0001193125-11-315956,0001193125-10-265236,0.997277,0.855911,472532,0.994480,0.839080,67304,0.991988,0.824826,94639
0001403161,V,2012,2011,2012-09-30,2012-11-16,2011-11-18,0001384108-12-000011,0001193125-11-315956,0.997619,0.880970,447052,0.993973,0.886872,68224,0.987462,0.782074,81880
0001403161,V,2013,2012,2013-09-30,2013-11-22,2012-11-16,0001403161-13-000011,0001384108-12-000011,0.996759,0.802648,400880,0.988831,0.825143,71661,0.992148,0.824068,71424
0001403161,V,2014,2013,2014-09-30,2014-11-21,2013-11-22,0001403161-14-000017,0001403161-13-000011,0.999067,0.897264,417454,0.997217,0.912865,75748,0.994621,0.897800,77273
0001403161,V,2015,2014,2015-09-30,2015-11-20,2014-11-21,0001403161-15-000013,0001403161-14-000017,0.988658,0.903109,433112,0.981664,0.861453,77517,0.948143,0.868623,78305
0001403161,V,2016,2015,2016-09-30,2016-11-15,2015-11-20,0001403161-16-000058,0001403161-15-000013,0.988407,0.738352,449149,0.932339,0.538692,49174,0.940814,0.767152,74626
0001403161,V,2017,2016,2017-09-30,2017-11-17,2016-11-15,0001403161-17-000044,0001403161-16-000058,0.997332,0.847283,433287,0.990013,0.837716,53438,0.826163,0.148208,2569
0001403161,V,2018,2017,2018-09-30,2018-11-16,2017-11-17,0001403161-18-000055,0001403161-17-000044,0.997374,0.832605,419556,0.994986,0.871456,54189,0.784038,0.536481,2267
0001403161,V,2019,2018,2019-09-30,2019-11-14,2018-11-16,0001403161-19-000050,0001403161-18-000055,0.997717,0.820270,414551,0.998190,0.949131,55447,0.602373,0.144928,8493
0001403161,V,2020,2019,2020-09-30,2020-11-19,2019-11-14,0001403161-20-000070,0001403161-19-000050,0.998039,0.844032,424468,0.992571,0.853492,67535,0.598638,0.099065,77795
0001403161,V,2021,2020,2021-09-30,2021-11-18,2020-11-19,0001403161-21-000060,0001403161-20-000070,0.998353,0.847842,389216,0.993666,0.881004,65253,0.984632,0.720143,69213
0001403161,V,2022,2021,2022-09-30,2022-11-16,2021-11-18,0001403161-22-000081,0001403161-21-000060,0.999141,0.909711,391764,0.994179,0.886700,67496,0.993613,0.857288,69465
0001403161,V,2023,2022,2023-09-30,2023-11-15,2022-11-16,0001403161-23-000099,0001403161-22-000081,0.997612,0.891850,382861,0.993600,0.889006,75186,0.788005,0.277048,44698
0001403161,V,2024,2023,2024-09-30,2024-11-13,2023-11-15,0001403161-24-000058,0001403161-23-000099,0.997781,0.876126,406895,0.997242,0.915859,80332,0.986341,0.827648,48528
0001403161,V,2025,2024,2025-09-30,2025-11-06,2024-11-13,0001403161-25-000089,0001403161-24-000058,0.997345,0.871586,430574,0.984840,0.861420,82366,0.994832,0.883530,48491
0000732712,VZ,2008,2007,2008-12-31,2009-02-24,2008-02-28,0001193125-09-036349,0001193125-08-042027,0.974968,0.750519,106309,0.930528,0.545322,15820,,,0
0000732712,VZ,2009,2008,2009-12-31,2010-02-26,2009-02-24,0001193125-10-041685,0001193125-09-036349,0.983737,0.767737,131972,0.989159,0.873938,16798,,,0
0000732712,VZ,2010,2009,2010-12-31,2011-02-28,2010-02-26,0001193125-11-049476,0001193125-10-041685,0.988216,0.749027,124175,0.982100,0.789267,17069,,,0
0000732712,VZ,2011,2010,2011-12-31,2012-02-24,2011-02-28,0001193125-12-077846,0001193125-11-049476,0.992078,0.793752,113900,0.988946,0.876821,17577,,,0
0000732712,VZ,2012,2011,2012-12-31,2013-02-26,2012-02-24,0001193125-13-075713,0001193125-12-077846,0.995667,0.857603,114174,0.988616,0.870079,17629,,,0
0000732712,VZ,2013,2012,2013-12-31,2014-02-27,2013-02-26,0001193125-14-073266,0001193125-13-075713,0.989407,0.804649,131390,0.931056,0.834177,19828,,,0
0000732712,VZ,2014,2013,2014-12-31,2015-02-23,2014-02-27,0001193125-15-057710,0001193125-14-073266,0.992205,0.783509,132609,0.977453,0.891791,19966,,,0
0000732712,VZ,2015,2014,2015-12-31,2016-02-23,2015-02-23,0001193125-16-473367,0001193125-15-057710,0.994758,0.860022,132118,,,0,,,0
0000732712,VZ,2016,2015,2016-12-31,2017-02-21,2016-02-23,0001193125-17-050292,0001193125-16-473367,0.997165,0.879940,132831,,,20510,,,0
0000732712,VZ,2017,2016,2017-12-31,2018-02-23,2017-02-21,0000732712-18-000009,0001193125-17-050292,0.993676,0.825806,137582,0.995730,0.932099,20149,,,0
0000732712,VZ,2018,2017,2018-12-31,2019-02-15,2018-02-23,0000732712-19-000012,0000732712-18-000009,0.994521,0.873260,135549,0.997237,0.939173,21446,,,0
0000732712,VZ,2019,2018,2019-12-31,2020-02-21,2019-02-15,0000732712-20-000014,0000732712-19-000012,0.992660,0.798572,119525,0.994638,0.900463,21974,,,0
0000732712,VZ,2020,2019,2020-12-31,2021-02-25,2020-02-21,0000732712-21-000012,0000732712-20-000014,0.946766,0.592230,481787,0.992786,0.925759,24710,,,136707
0000732712,VZ,2021,2020,2021-12-31,2022-02-11,2021-02-25,0000732712-22-000008,0000732712-21-000012,0.997109,0.893838,467954,0.996483,0.901919,25345,0.986780,0.772983,126355
0000732712,VZ,2022,2021,2022-12-31,2023-02-10,2022-02-11,0000732712-23-000012,0000732712-22-000008,0.997636,0.933166,467461,0.995836,0.922269,26523,0.995039,0.874409,127704
0000732712,VZ,2023,2022,2023-12-31,2024-02-09,2023-02-10,0000732712-24-000010,0000732712-23-000012,0.997790,0.897768,455142,0.990629,0.847314,31381,0.992689,0.827493,116515
0000732712,VZ,2024,2023,2024-12-31,2025-02-12,2024-02-09,0000732712-25-000006,0000732712-24-000010,0.998526,0.915315,461012,0.987958,0.840851,35672,0.992158,0.869942,115649
0000732712,VZ,2025,2024,2025-12-31,2026-02-17,2025-02-12,0000732712-26-000007,0000732712-25-000006,0.998792,0.904513,449792,0.991887,0.829564,36464,0.995426,0.869137,112566
0000072971,WFC,2008,2007,2008-12-31,2009-02-27,2008-02-29,0000950134-09-003967,0000950134-08-003822,0.978644,0.847561,86163,,,0,,,0
0000072971,WFC,2009,2008,2009-12-31,2010-02-26,2009-02-27,0000950123-10-017877,0000950134-09-003967,0.995443,0.822321,89210,,,0,,,0
0000072971,WFC,2010,2009,2010-12-31,2011-02-25,2010-02-26,0000950123-11-018541,0000950123-10-017877,0.985537,0.788820,100890,,,0,,,0
0000072971,WFC,2011,2010,2011-12-31,2012-02-28,2011-02-25,0001193125-12-084528,0000950123-11-018541,0.994183,0.853136,100492,,,0,,,0
0000072971,WFC,2012,2011,2012-12-31,2013-02-27,2012-02-28,0001193125-13-078820,0001193125-12-084528,0.990801,0.859876,89843,,,0,,,0
0000072971,WFC,2013,2012,2013-12-31,2014-02-26,2013-02-27,0000072971-14-000337,0001193125-13-078820,0.989147,0.803758,89999,,,0,,,0
0000072971,WFC,2014,2013,2014-12-31,2015-02-25,2014-02-26,0000072971-15-000449,0000072971-14-000337,0.996053,0.893193,87951,,,0,,,0
0000072971,WFC,2015,2014,2015-12-31,2016-02-24,2015-02-25,0000072971-16-001045,0000072971-15-000449,0.999091,0.960368,89505,,,0,,,0
0000072971,WFC,2016,2015,2016-12-31,2017-03-01,2016-02-24,0000072971-17-000278,0000072971-16-001045,0.992951,0.904408,82562,,,0,,,0
0000072971,WFC,2017,2016,2017-12-31,2018-03-01,2017-03-01,0000072971-18-000272,0000072971-17-000278,0.995222,0.839008,83999,,,0,,,0
0000072971,WFC,2018,2017,2018-12-31,2019-02-27,2018-03-01,0000072971-19-000227,0000072971-18-000272,0.992140,0.882538,74011,,,0,,,0
0000072971,WFC,2019,2018,2019-12-31,2020-02-27,2019-02-27,0000072971-20-000217,0000072971-19-000227,0.991586,0.877305,82440,,,0,,,0
0000072971,WFC,2020,2019,2020-12-31,2021-02-23,2020-02-27,0000072971-21-000197,0000072971-20-000217,0.992517,0.823729,90990,,,0,,,0
0000072971,WFC,2021,2020,2021-12-31,2022-02-22,2021-02-23,0000072971-22-000096,0000072971-21-000197,0.994487,0.883058,80860,,,0,,,0
0000072971,WFC,2022,2021,2022-12-31,2023-02-21,2022-02-22,0000072971-23-000071,0000072971-22-000096,0.995072,0.881912,90157,,,0,,,0
0000072971,WFC,2023,2022,2023-12-31,2024-02-20,2023-02-21,0000072971-24-000064,0000072971-23-000071,0.998338,0.934732,85492,,,0,,,0
0000072971,WFC,2024,2023,2024-12-31,2025-02-25,2024-02-20,0000072971-25-000066,0000072971-24-000064,0.993573,0.810454,99102,,,0,,,0
0000072971,WFC,2025,2024,2025-12-31,2026-02-24,2025-02-25,0000072971-26-000133,0000072971-25-000066,0.996523,0.895450,89619,,,0,,,0
0000104169,WMT,2008,2007,2008-01-31,2008-03-31,2007-03-27,0001193125-08-071085,0001193125-07-065603,0.996269,0.860776,109936,0.846331,0.509395,23529,,,0
0000104169,WMT,2009,2008,2009-04-01,2009-04-01,2008-03-31,0000104169-09-000006,0001193125-08-071085,0.988893,0.889747,115427,0.996280,0.952546,24380,,,0
0000104169,WMT,2010,2009,2010-01-31,2010-03-30,2009-04-01,0001193125-10-071652,0000104169-09-000006,0.965119,0.859949,109419,0.998585,0.973563,25239,,,0
0000104169,WMT,2011,2010,2011-01-31,2011-03-30,2010-03-30,0001193125-11-083157,0001193125-10-071652,0.982315,0.886983,111076,0.983084,0.896328,25885,,,0
0000104169,WMT,2012,2011,2012-01-31,2012-03-27,2011-03-30,0001193125-12-134679,0001193125-11-083157,0.996668,0.895951,115124,0.988994,0.901499,26389,,,0
0000104169,WMT,2013,2012,2013-01-31,2013-03-26,2012-03-27,0000104169-13-000011,0001193125-12-134679,0.995659,0.865647,123569,0.979312,0.784560,35085,,,0
0000104169,WMT,2014,2013,2014-01-31,2014-03-21,2013-03-26,0000104169-14-000019,0000104169-13-000011,0.997561,0.888889,132533,0.990895,0.906977,40233,,,0
0000104169,WMT,2015,2014,2015-01-31,2015-04-01,2014-03-21,0000104169-15-000011,0000104169-14-000019,0.994862,0.843261,143048,0.973002,0.816296,43929,,,0
0000104169,WMT,2016,2015,2016-01-31,2016-03-30,2015-04-01,0000104169-16-000079,0000104169-15-000011,0.997151,0.892608,150958,0.993402,0.887374,51443,,,0
0000104169,WMT,2017,2016,2017-01-31,2017-03-31,2016-03-30,0000104169-17-000021,0000104169-16-000079,0.996082,0.836957,153672,0.982761,0.767949,53379,,,0
0000104169,WMT,2018,2017,2018-01-31,2018-03-30,2017-03-31,0000104169-18-000028,0000104169-17-000021,0.962837,0.676471,359724,0.977975,0.832245,53487,,,71726
0000104169,WMT,2019,2018,2019-01-31,2019-03-28,2018-03-30,0000104169-19-000016,0000104169-18-000028,0.994384,0.873210,353006,0.995377,0.896552,51422,0.985652,0.770447,67455
0000104169,WMT,2020,2019,2020-01-31,2020-03-20,2019-03-28,0000104169-20-000011,0000104169-19-000016,0.997678,0.859442,335444,0.993987,0.836034,55100,0.992778,0.873521,71296
0000104169,WMT,2021,2020,2021-01-31,2021-03-19,2020-03-20,0000104169-21-000033,0000104169-20-000011,0.996213,0.858586,342800,0.991448,0.832732,64583,0.988762,0.834034,72456
0000104169,WMT,2022,2021,2022-01-31,2022-03-18,2021-03-19,0000104169-22-000012,0000104169-21-000033,0.998082,0.899126,345916,0.996146,0.891477,72602,0.979886,0.704942,55982
0000104169,WMT,2023,2022,2023-01-31,2023-03-17,2022-03-18,0000104169-23-000020,0000104169-22-000012,0.998239,0.901266,356567,0.993537,0.872081,78067,0.991406,0.856494,55879
0000104169,WMT,2024,2023,2024-01-31,2024-03-15,2023-03-17,0000104169-24-000056,0000104169-23-000020,0.998292,0.892786,374844,0.996160,0.879476,88675,0.993449,0.885005,55210
0000104169,WMT,2025,2024,2025-01-31,2025-03-14,2024-03-15,0000104169-25-000021,0000104169-24-000056,0.997824,0.893836,370434,0.994482,0.861702,97507,0.991719,0.903195,53651
0002115436,XOM,2008,2007,2008-12-31,2009-02-27,2008-02-28,0001193125-09-040966,0001193125-08-041781,0.997566,0.862122,327705,0.901413,0.524372,14329,,,0
0002115436,XOM,2009,2008,2009-12-31,2010-02-26,2009-02-27,0001193125-10-042929,0001193125-09-040966,0.985191,0.696481,469037,0.775358,0.367615,12218,,,0
0002115436,XOM,2010,2009,2010-12-31,2011-02-25,2010-02-26,0001193125-11-047394,0001193125-10-042929,0.983752,0.748776,381678,0.995703,0.957025,12824,,,0
0002115436,XOM,2011,2010,2011-12-31,2012-02-24,2011-02-25,0001193125-12-078102,0001193125-11-047394,0.996841,0.885535,370929,0.991946,0.926154,13749,,,0
0002115436,XOM,2012,2011,2012-12-31,2013-02-27,2012-02-24,0000034088-13-000011,0001193125-12-078102,0.996485,0.905666,342325,0.654478,0.186920,169543,,,0
0002115436,XOM,2013,2012,2013-12-31,2014-02-26,2013-02-27,0000034088-14-000012,0000034088-13-000011,0.999232,0.913616,340970,0.997893,0.919524,165717,,,0
0002115436,XOM,2014,2013,2014-12-31,2015-02-25,2014-02-26,0000034088-15-000013,0000034088-14-000012,0.998727,0.911163,346616,0.661213,0.193360,14167,,,0
0002115436,XOM,2015,2014,2015-12-31,2016-02-24,2015-02-25,0000034088-16-000065,0000034088-15-000013,0.998764,0.921551,356567,0.669556,0.194541,177620,,,0
0002115436,XOM,2016,2015,2016-12-31,2017-02-22,2016-02-24,0000034088-17-000017,0000034088-16-000065,0.998695,0.925425,371880,0.684007,0.206058,15662,,,0
0002115436,XOM,2017,2016,2017-12-31,2018-02-28,2017-02-22,0000034088-18-000015,0000034088-17-000017,0.998141,0.904815,386278,0.991397,0.906832,17943,,,0
0002115436,XOM,2018,2017,2018-12-31,2019-02-27,2018-02-28,0000034088-19-000010,0000034088-18-000015,0.998502,0.904197,375822,0.995884,0.940334,18770,,,0
0002115436,XOM,2019,2018,2019-12-31,2020-02-26,2019-02-27,0000034088-20-000016,0000034088-19-000010,0.999062,0.918033,375581,0.995667,0.941244,19615,,,0
0002115436,XOM,2020,2019,2020-12-31,2021-02-24,2020-02-26,0000034088-21-000012,0000034088-20-000016,0.998696,0.902854,395272,0.991010,0.933921,21400,,,0
0002115436,XOM,2021,2020,2021-12-31,2022-02-23,2021-02-24,0000034088-22-000011,0000034088-21-000012,0.997226,0.865935,389701,0.974065,0.829198,26841,,,0
0002115436,XOM,2022,2021,2022-12-31,2023-02-22,2022-02-23,0000034088-23-000020,0000034088-22-000011,0.997016,0.870823,409317,0.996385,0.956065,28103,,,0
0002115436,XOM,2023,2022,2023-12-31,2024-02-28,2023-02-22,0000034088-24-000018,0000034088-23-000020,0.998240,0.885463,418025,0.995654,0.929889,29740,,,0
0002115436,XOM,2024,2023,2024-12-31,2025-02-19,2024-02-28,0000034088-25-000010,0000034088-24-000018,0.997835,0.895887,442799,0.994771,0.934687,32397,,,0
0002115436,XOM,2025,2024,2025-12-31,2026-02-18,2025-02-19,0000034088-26-000045,0000034088-25-000010,0.993275,0.908925,422927,0.992067,0.919342,35900,,,0
