Date,cos_full|q3|lag0,cos_full|q3|lag1,cos_full|q3|lag2,cos_full|q5|lag0,cos_full|q5|lag1,cos_full|q5|lag2,cos_full|q10|lag0,cos_full|q10|lag1,cos_full|q10|lag2,cos_1a|q3|lag0,cos_1a|q3|lag1,cos_1a|q3|lag2,cos_1a|q5|lag0,cos_1a|q5|lag1,cos_1a|q5|lag2,cos_1a|q10|lag0,cos_1a|q10|lag1,cos_1a|q10|lag2,cos_7|q3|lag0,cos_7|q3|lag1,cos_7|q3|lag2,cos_7|q5|lag0,cos_7|q5|lag1,cos_7|q5|lag2,cos_7|q10|lag0,cos_7|q10|lag1,cos_7|q10|lag2,jac_full|q3|lag0,jac_full|q3|lag1,jac_full|q3|lag2,jac_full|q5|lag0,jac_full|q5|lag1,jac_full|q5|lag2,jac_full|q10|lag0,jac_full|q10|lag1,jac_full|q10|lag2,jac_1a|q3|lag0,jac_1a|q3|lag1,jac_1a|q3|lag2,jac_1a|q5|lag0,jac_1a|q5|lag1,jac_1a|q5|lag2,jac_1a|q10|lag0,jac_1a|q10|lag1,jac_1a|q10|lag2,jac_7|q3|lag0,jac_7|q3|lag1,jac_7|q3|lag2,jac_7|q5|lag0,jac_7|q5|lag1,jac_7|q5|lag2,jac_7|q10|lag0,jac_7|q10|lag1,jac_7|q10|lag2
2008-12-31,-0.016284,,,,,,,,,,,,,,,,,,,,,,,,,,,0.038506,,,,,,,,,,,,,,,,,,-0.038587,,,-0.044215,,,,,
2009-01-31,-0.125002,-0.123302,,,,,,,,,,,,,,,,,,,,,,,,,,-0.054332,-0.050613,,,,,,,,,,,,,,,,,-0.093266,-0.096218,,-0.129260,-0.135918,,,,
2009-02-28,-0.077147,-0.072332,-0.055384,,,,,,,0.049803,,,,,,,,,0.063198,,,,,,,,,-0.064096,-0.078923,-0.066543,,,,,,,-0.003455,,,,,,,,,-0.013218,-0.064941,-0.063953,-0.029607,-0.074564,-0.072447,,,
2009-03-31,-0.043280,-0.004611,-0.005473,-0.087930,,,-0.068250,,,-0.048525,-0.093358,,-0.051319,,,-0.042378,,,-0.064949,-0.023821,,-0.114989,,,-0.147182,,,-0.089494,0.000362,0.029035,-0.136792,,,-0.066538,,,-0.068153,-0.094573,,-0.086448,,,-0.065535,,,-0.071993,-0.037285,-0.025178,-0.118707,-0.049012,-0.036423,-0.196378,,
2009-04-30,-0.076975,-0.068972,0.000908,-0.108036,-0.101747,,-0.150253,-0.139502,,-0.074030,-0.066771,0.014501,-0.050789,-0.018769,,-0.085935,-0.040790,,-0.072873,-0.078677,-0.018798,-0.132734,-0.130186,,-0.172548,-0.159273,,-0.059804,-0.069675,0.000253,-0.104114,-0.122028,,-0.155245,-0.149130,,-0.044969,-0.047498,-0.047487,-0.017348,0.004097,,-0.029792,0.004610,,-0.070008,-0.072728,-0.001740,-0.121574,-0.119407,-0.024783,-0.148734,-0.159482,
2009-05-31,-0.024170,-0.021380,-0.010456,-0.036406,-0.028442,-0.040514,-0.014479,-0.014479,-0.029286,-0.022048,-0.028575,-0.042752,0.009107,0.003422,0.016212,-0.024215,-0.042410,-0.013467,-0.014254,0.003280,0.010039,-0.003909,-0.002348,-0.005698,-0.061386,-0.061386,-0.062983,-0.058513,-0.051564,-0.049026,-0.051059,-0.039332,-0.046975,-0.018881,-0.018362,-0.027646,-0.031379,-0.045096,-0.031454,-0.032458,-0.039572,-0.036794,-0.023422,-0.033881,-0.034186,-0.018551,-0.006603,0.001340,-0.028387,-0.011155,-0.013415,-0.107512,-0.107068,-0.118426
2009-06-30,0.005293,0.004685,0.004301,0.029631,0.028875,0.028244,0.033402,0.033402,0.033402,0.024425,0.025354,0.027364,0.030991,0.032777,0.035674,0.043234,0.047415,0.051887,0.020353,0.019071,0.017817,0.036858,0.036858,0.039027,0.045210,0.045210,0.045210,0.023146,0.022690,0.023952,0.018425,0.017994,0.019957,0.039671,0.040951,0.043694,0.021827,0.024751,0.024355,0.033442,0.035679,0.039904,0.029328,0.032377,0.044745,0.003298,0.002609,0.003484,-0.000786,-0.001451,-0.000829,0.044104,0.044104,0.043555
2009-07-31,-0.024799,-0.024799,-0.024948,-0.031785,-0.031785,-0.031759,-0.018064,-0.018064,-0.018064,-0.041987,-0.041987,-0.041797,-0.033146,-0.033146,-0.033072,-0.019224,-0.019224,-0.018881,-0.047283,-0.045671,-0.045450,-0.096494,-0.097342,-0.097342,-0.129371,-0.129371,-0.129371,-0.037255,-0.037255,-0.037213,-0.064446,-0.064446,-0.064218,-0.078972,-0.067054,-0.066697,-0.053731,-0.053731,-0.053465,-0.041874,-0.041874,-0.041483,-0.018607,-0.018607,-0.018337,-0.085988,-0.085988,-0.086035,-0.099304,-0.099304,-0.099384,-0.090927,-0.090927,-0.090927
2009-08-31,-0.027196,-0.026377,-0.026377,-0.045106,-0.044290,-0.044290,-0.017568,-0.013804,-0.013804,-0.024690,-0.025762,-0.025762,-0.035955,-0.037828,-0.037828,-0.033215,-0.036341,-0.036341,-0.043865,-0.043600,-0.042723,-0.067450,-0.067297,-0.066591,-0.108937,-0.108937,-0.108937,-0.033628,-0.033532,-0.033532,-0.063968,-0.065586,-0.065586,-0.059249,-0.060119,-0.062344,-0.015956,-0.016731,-0.016731,-0.002002,-0.005625,-0.005625,-0.044839,-0.046711,-0.046711,-0.051135,-0.048869,-0.048869,-0.105661,-0.104201,-0.104201,-0.098570,-0.098570,-0.098570
2009-09-30,0.009005,0.007939,0.006887,-0.004287,-0.007484,-0.009841,-0.010720,-0.016934,-0.022950,-0.004757,-0.000146,-0.000381,-0.005482,0.001273,0.001275,0.020850,0.023468,0.036572,-0.008558,-0.015552,-0.016313,-0.040089,-0.042516,-0.043691,-0.034590,-0.036865,-0.036865,0.027501,0.024251,0.028320,0.033038,0.032051,0.038541,-0.005059,-0.008571,-0.000553,-0.005083,-0.000265,-0.000550,-0.013087,-0.005506,0.001109,0.004131,0.014708,0.026632,0.004536,-0.001469,0.003624,0.027785,0.022859,0.031187,0.007906,0.007906,0.007906
2009-10-31,0.027424,0.025975,0.026322,0.031126,0.030525,0.030562,-0.003021,-0.001308,-0.000991,0.039983,0.044023,0.046070,0.034500,0.037939,0.041029,0.058756,0.057823,0.052120,0.039044,0.040123,0.037216,0.053354,0.053751,0.051274,0.123477,0.122323,0.112416,0.015855,0.015012,0.014273,0.023161,0.020462,0.019592,0.013248,0.008431,0.007391,0.049012,0.053164,0.056222,0.060272,0.062280,0.066238,0.064479,0.060655,0.058119,0.010667,0.009804,0.005831,0.034416,0.034456,0.028998,0.080907,0.080907,0.080907
2009-11-30,-0.000869,0.002871,0.004019,-0.009181,-0.007527,-0.010602,0.027091,0.035818,0.036648,-0.013240,-0.012264,-0.012431,-0.008392,-0.008783,-0.008019,0.018399,0.026899,0.028387,-0.023539,-0.023155,-0.023619,-0.049194,-0.048360,-0.048497,-0.065298,-0.065298,-0.065573,0.018843,0.019051,0.020088,0.002994,-0.000724,0.001093,-0.015283,-0.014632,-0.010914,-0.015837,-0.014229,-0.016903,-0.030226,-0.027269,-0.022299,-0.022719,-0.022719,-0.020746,-0.040422,-0.037132,-0.034473,-0.048804,-0.048804,-0.048713,-0.046516,-0.046516,-0.046516
2009-12-31,-0.040923,-0.040389,-0.039298,-0.036749,-0.036475,-0.039878,-0.039580,-0.038155,-0.008408,-0.023372,-0.023357,-0.022810,-0.046501,-0.046090,-0.046983,-0.025779,-0.022428,0.013842,-0.059555,-0.055879,-0.058197,-0.071793,-0.067193,-0.072871,0.000675,-0.151334,-0.151334,0.024390,0.023473,0.023967,0.036366,0.036621,0.020627,0.000058,0.006025,0.007599,-0.020095,-0.017840,-0.018917,-0.043807,-0.042098,-0.032176,-0.083695,-0.079137,-0.079137,-0.050362,-0.048746,-0.043031,-0.096581,-0.088749,-0.088749,-0.116157,-0.111058,-0.111058
2010-01-31,0.009737,0.001854,-0.001631,0.008885,0.009927,0.008835,0.037784,0.039032,0.039615,0.018689,0.022987,0.023445,0.020046,0.021851,0.022930,-0.010529,-0.001830,-0.000734,0.010607,0.002598,0.001773,0.024787,0.026434,0.024498,,-0.012579,0.074820,0.001486,0.000378,-0.000651,-0.007433,-0.007205,-0.009361,0.008088,0.007840,0.005419,0.016782,0.017958,0.016962,0.021494,0.022135,0.031117,0.047934,0.053177,0.051306,-0.022524,-0.023607,-0.022924,0.001623,0.001267,0.005895,0.013475,0.009983,0.024209
2010-02-28,0.002557,0.007317,0.011608,-0.001110,0.008702,0.008111,-0.011114,-0.004672,-0.003846,-0.027067,-0.029262,-0.027774,-0.016608,-0.016882,-0.021054,-0.046268,-0.047043,-0.053461,-0.009539,-0.007198,-0.010966,-0.023851,-0.029829,-0.030211,,,-0.029472,-0.024409,-0.020888,-0.019515,-0.030282,-0.028416,-0.031929,-0.016136,-0.012876,-0.011969,-0.002591,-0.001343,-0.004273,-0.006977,-0.007161,-0.011494,-0.026795,-0.026750,-0.033614,0.006628,0.002046,-0.000454,-0.003861,-0.011795,-0.012947,-0.036091,-0.036048,-0.038649
2010-03-31,-0.006367,0.005816,0.001299,-0.003748,0.008220,-0.001192,-0.005530,0.003555,-0.001210,-0.014643,-0.012719,-0.009728,0.006274,-0.004144,-0.004244,-0.022363,-0.020708,-0.021008,-0.013410,0.005943,0.004679,-0.036162,-0.014489,-0.006829,-0.065923,,,0.000380,0.008041,0.004556,0.009720,0.005444,0.001333,0.027776,-0.008814,-0.017341,-0.015393,-0.010396,-0.013127,-0.018205,-0.015559,-0.015673,-0.027358,-0.034249,-0.034626,-0.012149,0.020130,0.024149,-0.019830,0.016090,0.020809,-0.039311,-0.005110,0.000862
2010-04-30,0.045912,0.034166,-0.000779,0.044850,0.035074,0.012873,0.042870,0.032055,0.004862,0.025190,0.020811,-0.006268,0.061965,0.047747,-0.001349,0.038424,0.026348,-0.024710,0.030938,0.026605,0.023201,0.032000,-0.010540,-0.017708,0.068813,0.035731,,-0.010295,0.001520,-0.016388,0.016255,0.019757,-0.026633,0.014851,0.026034,-0.015337,0.018592,0.017877,0.002826,0.030848,0.019623,-0.003200,0.009095,-0.005061,-0.017566,0.035268,0.035912,0.036625,0.040295,0.064733,0.066552,0.015852,0.012611,0.031867
2010-05-31,0.003178,0.003389,-0.002520,-0.004570,-0.003848,-0.010416,-0.036108,-0.038195,-0.044750,0.024488,0.022506,0.017015,0.026246,0.026182,0.025006,0.007972,0.006431,-0.001163,-0.019076,-0.017092,-0.006393,-0.009849,-0.013467,-0.026891,0.013883,0.007778,0.025958,0.015827,0.014764,-0.003775,0.041448,0.039894,0.018254,0.015554,0.021585,0.018360,0.014840,0.015342,0.021383,0.035995,0.034633,0.024024,0.034987,0.036830,0.044173,0.037708,0.035828,0.048368,0.035235,0.036728,0.063018,-0.024207,-0.030420,-0.015887
2010-06-30,-0.010756,-0.010756,-0.009502,-0.014403,-0.013827,-0.019497,-0.016095,-0.016095,-0.011523,-0.018511,-0.018511,-0.015127,-0.016825,-0.016825,-0.013145,-0.015434,-0.015434,-0.011528,0.020479,0.021000,0.015843,0.014040,0.014040,0.017703,0.015839,0.015839,0.021179,0.014981,0.015823,0.016494,-0.009921,-0.008508,-0.010480,-0.025627,-0.023204,-0.026553,-0.010299,-0.010299,-0.008441,-0.007940,-0.007940,-0.004220,0.002999,0.002999,0.007548,0.026640,0.026640,0.031106,0.035669,0.035669,0.038526,0.063892,0.063892,0.067617
2010-07-31,0.015677,0.015677,0.015677,0.023125,0.022737,0.022654,0.077933,0.079539,0.079539,0.004491,0.004491,0.004491,0.040811,0.040811,0.040811,0.048862,0.048862,0.048862,0.047787,0.048677,0.048491,0.058390,0.060145,0.060145,0.064828,0.064828,0.064828,0.014419,0.014419,0.014651,0.014441,0.014441,0.014871,0.012254,0.010837,0.011927,-0.007778,-0.008881,-0.008881,0.016687,0.016687,0.016687,0.018896,0.018896,0.018896,0.035354,0.035354,0.035354,0.053172,0.053172,0.053172,0.050036,0.050036,0.050036
2010-08-31,0.010586,0.009520,0.009520,-0.005505,-0.007474,-0.012332,0.012614,0.012091,0.002630,-0.017554,-0.021797,-0.021797,0.013005,0.003540,0.003540,-0.001584,-0.006200,-0.006200,0.025581,0.024472,0.021382,0.042783,0.043493,0.036704,0.110554,0.110554,0.110554,0.046416,0.048027,0.048027,0.034847,0.035492,0.035492,0.036057,0.039012,0.029020,-0.011225,-0.013700,-0.018263,0.000617,-0.006566,-0.006566,0.014438,0.009452,0.009452,0.017646,0.022176,0.022176,0.071826,0.074334,0.074334,0.103018,0.103018,0.103018
2010-09-30,0.011661,0.011857,0.016206,0.007846,0.008186,0.013593,0.017630,0.021886,0.021841,0.013471,0.015155,0.018179,0.017031,0.020478,0.025155,-0.005528,-0.005100,0.001867,-0.024568,-0.020043,-0.014273,-0.040733,-0.040733,-0.040282,-0.061064,-0.061064,-0.061064,0.017446,0.017348,0.020337,0.010518,0.013768,0.010580,0.039466,0.044198,0.037423,0.026924,0.028918,0.033499,0.016577,0.019863,0.022275,-0.001633,-0.000527,0.008031,-0.038615,-0.032249,-0.033610,-0.035736,-0.035955,-0.040539,-0.044311,-0.044311,-0.044311
2010-10-31,0.006850,0.007704,0.008039,0.022371,0.022689,0.023070,0.014902,0.014296,0.010768,0.007005,0.006282,0.005385,-0.004686,-0.004139,-0.005338,-0.004640,-0.004640,-0.003736,0.017568,0.018095,0.020928,0.005590,0.005590,0.005590,0.017976,0.017976,0.017976,0.039649,0.040014,0.040510,0.054762,0.056588,0.053494,0.058624,0.061919,0.055749,0.016671,0.016651,0.015550,0.016948,0.016826,0.014738,0.001147,0.001147,0.001888,-0.007690,-0.007106,-0.001766,0.002763,0.002763,0.002752,-0.011630,-0.011630,-0.011630
2010-11-30,0.017407,0.019868,0.023291,0.008003,0.005338,0.014407,-0.002819,-0.003712,0.012139,0.037244,0.039409,0.028650,0.048527,0.045522,0.033715,0.012840,0.021463,0.021463,0.006290,0.002708,0.001993,0.020901,0.015514,0.015514,0.048932,0.048932,0.048932,0.014247,0.006527,0.012304,0.025079,0.019359,0.025625,0.004480,0.004621,0.017081,0.022931,0.022982,0.015759,0.038420,0.041101,0.029973,0.025979,0.025979,0.025979,0.027029,0.025936,0.024559,0.042097,0.042978,0.042978,0.020006,0.020006,0.020006
2010-12-31,-0.015047,-0.018171,-0.019103,-0.019368,-0.021012,-0.022184,-0.019604,-0.022756,-0.021211,-0.021658,-0.022250,-0.026314,-0.028775,-0.029496,-0.033025,-0.041054,-0.043165,-0.047453,-0.027993,-0.031509,-0.029509,-0.045566,-0.048002,-0.047056,-0.081240,-0.081240,-0.081240,-0.027388,-0.026987,-0.026972,-0.031952,-0.025656,-0.028739,-0.031400,-0.021020,-0.018427,-0.033600,-0.034436,-0.034716,-0.048048,-0.048263,-0.053401,-0.045846,-0.047050,-0.047050,-0.033698,-0.025599,-0.022805,-0.063296,-0.058635,-0.054830,-0.087730,-0.085914,-0.085914
2011-01-31,0.000182,-0.001537,-0.007569,0.000425,0.003230,-0.003598,0.004325,0.007021,0.000027,-0.000256,0.001942,-0.001651,-0.009576,-0.004073,-0.005924,0.005274,0.016151,0.008110,-0.047928,-0.050479,-0.051243,-0.045506,-0.044037,-0.043750,-0.050470,-0.050470,-0.050470,-0.031017,-0.029914,-0.025767,-0.020058,-0.022411,-0.018473,-0.035280,-0.033558,-0.030441,-0.020276,-0.014777,-0.013691,-0.006591,-0.002286,0.003140,-0.010748,-0.003501,-0.005280,-0.040133,-0.039233,-0.033501,-0.038022,-0.035159,-0.034235,-0.047526,-0.046612,-0.038498
2011-02-28,-0.000665,-0.001008,-0.000597,-0.011402,-0.011150,-0.010559,-0.006680,-0.008580,-0.007891,0.002329,0.000686,0.000652,0.005702,0.005785,0.002851,0.000106,-0.000227,-0.003820,-0.004069,-0.001760,-0.001080,0.000384,0.001036,0.001320,-0.009721,-0.009721,-0.009721,0.015150,0.015603,0.017343,-0.002765,-0.001464,0.006344,-0.018142,-0.015398,-0.014064,-0.013318,-0.013171,-0.015405,-0.000580,-0.000729,-0.004470,0.018500,0.018488,0.015507,0.011488,0.013513,0.014098,0.006318,0.009277,0.009452,-0.001317,0.005033,0.003596
2011-03-31,-0.021176,-0.014539,-0.013532,-0.016256,-0.008400,-0.006766,-0.015372,0.002415,0.006151,-0.033092,-0.019779,-0.017403,-0.035795,-0.028185,-0.028273,-0.026476,-0.033450,-0.033226,-0.011035,-0.003425,-0.006126,0.009776,0.008336,0.004388,0.000048,0.010560,0.010560,0.004026,0.006688,0.007065,-0.002164,-0.004823,-0.006816,-0.027783,-0.048262,-0.050175,-0.029376,-0.020155,-0.018188,-0.019119,-0.014520,-0.014362,-0.028769,-0.019990,-0.019886,-0.017888,-0.019863,-0.024746,-0.030450,-0.018091,-0.025883,-0.005786,0.014070,0.001226
2011-04-30,0.016712,0.023402,0.001445,0.010174,0.024793,0.004990,0.011937,0.011851,-0.002038,0.012640,0.020049,0.003931,0.031139,0.034717,0.009636,0.032411,0.034090,0.015634,0.019399,0.015280,-0.000153,0.010774,0.015572,0.015846,-0.007002,0.000854,-0.013156,0.017087,0.015616,0.002315,0.043114,0.037374,0.016319,0.032527,0.034524,0.031324,0.003472,0.016304,0.006398,0.019328,0.018277,-0.001925,0.027367,0.017155,0.006345,0.025000,0.022467,0.024200,0.012186,-0.000023,0.000169,-0.003765,0.001971,0.009795
2011-05-31,0.004968,0.002622,0.005462,0.006129,0.004396,0.005953,0.005659,0.006913,-0.000575,-0.002245,-0.002925,-0.010133,0.017380,0.015449,0.008976,0.043441,0.044462,0.035979,0.007104,0.006222,-0.002918,0.008308,0.007004,0.016647,-0.004913,-0.006227,0.004131,0.018708,0.018432,0.014186,0.014557,0.014919,-0.001348,0.014510,0.014027,0.016955,0.001562,0.002549,0.001335,-0.002845,-0.003826,-0.007936,0.021971,0.020800,0.009665,0.005129,0.003133,-0.003842,-0.018124,-0.018126,-0.026231,-0.049980,-0.050370,-0.049414
2011-06-30,0.017196,0.017196,0.016714,0.025558,0.025558,0.023185,0.021678,0.021678,0.020873,-0.006663,-0.006663,-0.007402,0.013277,0.013277,0.010613,0.013628,0.013628,0.014339,0.028800,0.028800,0.026778,0.042136,0.042136,0.044442,0.057593,0.057593,0.055240,0.018025,0.018025,0.016722,0.010651,0.010651,0.008664,0.017644,0.017644,0.014074,0.011333,0.011333,0.007289,0.005444,0.005444,0.003184,0.009697,0.009697,0.008807,0.039033,0.039033,0.034550,0.056792,0.056792,0.046979,0.092372,0.092372,0.090725
2011-07-31,-0.015826,-0.015826,-0.015826,-0.024459,-0.021783,-0.021783,-0.025120,-0.021683,-0.021683,0.012963,0.011960,0.011960,0.032948,0.031930,0.031930,0.029125,0.029125,0.029125,-0.009639,-0.008458,-0.008458,-0.010050,-0.007839,-0.007839,-0.016448,-0.010205,-0.010205,-0.006353,-0.004269,-0.004269,-0.004801,-0.002582,-0.002582,-0.022726,-0.017161,-0.017161,0.039766,0.041590,0.041590,0.027150,0.030098,0.030098,0.016735,0.016735,0.016735,0.006452,0.008590,0.008590,-0.003163,-0.000166,-0.000166,-0.003812,0.003178,0.003178
2011-08-31,0.015467,0.015759,0.015759,0.001407,0.003704,0.000965,0.000242,0.002895,-0.002434,-0.030161,-0.030826,-0.029850,-0.014606,-0.014504,-0.012424,-0.031146,-0.026219,-0.026219,0.031678,0.031172,0.032264,0.043981,0.044606,0.047260,0.013067,0.014936,0.018195,0.028503,0.028197,0.026384,0.005937,0.007660,0.003959,-0.001429,0.002015,-0.005388,-0.021602,-0.020302,-0.019877,-0.015070,-0.012325,-0.010722,-0.046032,-0.040424,-0.040424,0.031923,0.034821,0.036764,-0.001448,0.005573,0.005854,0.012400,0.014452,0.016758
2011-09-30,0.048080,0.044579,0.039407,0.017337,0.013786,0.007522,-0.008634,-0.008634,-0.008989,0.044274,0.041387,0.037482,0.057963,0.057796,0.051598,0.037514,0.037497,0.026391,0.068882,0.064477,0.055845,0.087457,0.080997,0.080811,0.123082,0.123082,0.122779,0.069516,0.064518,0.056186,0.060310,0.053655,0.053170,0.026305,0.018305,0.017371,0.045293,0.040760,0.036136,0.102969,0.102813,0.092741,0.047381,0.047422,0.033349,0.068519,0.056217,0.058449,0.056133,0.057564,0.068136,0.127504,0.127504,0.126760
2011-10-31,0.005696,0.009030,0.012480,-0.009222,-0.003150,0.004238,-0.026899,-0.011671,-0.011671,0.023435,0.017200,0.015527,-0.006042,-0.013849,-0.014399,-0.002050,-0.008324,-0.008336,0.015604,0.014937,0.013386,0.029575,0.028768,0.027074,0.059427,0.059427,0.059427,-0.025339,-0.022630,-0.015859,-0.009537,-0.003936,-0.001519,-0.039578,-0.030334,-0.026588,0.001743,-0.003335,-0.001739,0.010030,0.004877,0.004817,0.006587,-0.002652,-0.003349,-0.010513,-0.010096,-0.011907,0.007814,0.004801,0.006523,0.050250,0.046348,0.046348
2011-11-30,0.012961,0.015396,0.017052,0.013999,0.013378,0.014767,-0.005644,-0.010782,-0.008688,-0.002971,-0.003251,-0.005984,0.008437,0.006569,0.004533,-0.037368,-0.022644,-0.024053,0.024708,0.025460,0.025520,0.030123,0.030548,0.031436,0.027153,0.027153,0.027153,0.037613,0.030362,0.032318,0.028557,0.029280,0.033740,-0.009742,-0.012894,-0.008091,0.010700,0.006987,0.005620,0.021250,0.024552,0.022480,0.003708,0.007002,0.002916,0.042770,0.043512,0.042106,0.048752,0.050715,0.052244,0.029852,0.032817,0.033903
2011-12-31,-0.016775,-0.024279,-0.021555,-0.027960,-0.034158,-0.030478,-0.031293,-0.045388,-0.045679,-0.040041,-0.043067,-0.041079,-0.043195,-0.038391,-0.037314,-0.066206,-0.066957,-0.063108,-0.035097,-0.038884,-0.037323,-0.044454,-0.044454,-0.043887,-0.069984,-0.069984,-0.069984,-0.031283,-0.032963,-0.035281,-0.048348,-0.051693,-0.053468,-0.059037,-0.059037,-0.058853,-0.027315,-0.027253,-0.026122,-0.050663,-0.044766,-0.038342,-0.051276,-0.051276,-0.051078,-0.026704,-0.031429,-0.029616,-0.022207,-0.033742,-0.030739,-0.079154,-0.075857,-0.074534
2012-01-31,-0.031202,-0.034509,-0.027981,-0.011439,-0.011770,-0.009661,-0.013618,-0.014842,-0.010467,-0.003487,-0.001208,0.003097,0.008118,0.002576,0.004019,0.011184,0.010326,0.017279,-0.047344,-0.047437,-0.042470,-0.061694,-0.061694,-0.061694,-0.124563,-0.124563,-0.124563,-0.050218,-0.048934,-0.047777,-0.033662,-0.030491,-0.030333,0.041429,0.041429,0.041429,-0.031549,-0.031517,-0.028533,-0.056656,-0.055937,-0.048369,0.013710,0.013710,0.013710,-0.074647,-0.069578,-0.068379,-0.108247,-0.104930,-0.096145,-0.118785,-0.116865,-0.110591
2012-02-29,0.003657,0.002953,0.008236,-0.001892,-0.002876,0.001820,-0.010681,-0.015034,-0.006303,-0.008708,-0.009874,-0.010099,-0.042570,-0.047163,-0.039038,-0.019395,-0.025960,-0.015855,0.006413,0.003134,0.002913,0.013567,0.011848,0.011848,0.024110,0.023668,0.023668,-0.001282,-0.002289,-0.002421,0.000853,-0.001065,-0.005057,-0.011718,-0.013883,-0.013883,-0.014918,-0.017175,-0.014968,-0.040002,-0.043750,-0.043701,-0.056155,-0.056788,-0.056788,-0.001568,-0.005032,-0.006763,0.002987,-0.003793,-0.002837,0.003305,-0.005643,-0.003857
2012-03-31,-0.004331,-0.010209,-0.010054,-0.019718,-0.021074,-0.021438,-0.035102,-0.029280,-0.030579,-0.008416,0.000874,0.003746,-0.020818,-0.012831,-0.006600,-0.032147,-0.017570,-0.007117,-0.009335,-0.003580,-0.001297,0.007589,-0.000598,-0.001723,0.009039,-0.009822,-0.011082,-0.019604,-0.022300,-0.019663,-0.027887,-0.026908,-0.022749,-0.014817,-0.019676,-0.011627,-0.010037,-0.004360,-0.001335,-0.031299,-0.021589,-0.015772,-0.034489,-0.035746,-0.024438,-0.017106,-0.021083,-0.017405,-0.015175,-0.023177,-0.017016,-0.016524,-0.014395,-0.001350
2012-04-30,0.002773,0.013468,0.024802,0.008361,0.018298,0.008701,0.061087,0.053779,0.004843,-0.002043,-0.001461,0.014771,0.018750,0.014477,0.018932,-0.002754,-0.004882,0.011312,0.005697,0.010450,0.034330,0.037869,0.051406,0.058270,0.092501,0.083605,0.070942,0.015378,0.008045,0.024415,0.017699,0.003075,0.018354,0.022928,0.013295,-0.016643,0.016877,0.012800,0.013089,0.040336,0.036711,0.037118,0.055107,0.045227,-0.017162,0.020623,0.015495,0.019606,0.009177,0.020756,0.037259,0.051019,0.046254,0.079629
2012-05-31,0.009562,0.007565,0.004257,0.006962,0.002161,0.004314,0.032279,0.023317,0.013925,-0.013610,-0.017526,-0.022924,-0.009912,-0.014604,-0.007451,0.013497,0.013550,0.025001,0.006570,0.004694,0.007138,0.024201,0.018248,0.015668,0.020483,0.010264,0.005535,0.025005,0.022970,0.029345,0.028969,0.025098,0.024461,0.023895,0.016538,0.023516,0.000363,-0.004072,0.007623,0.004176,0.004360,0.010667,0.024017,0.024888,0.035386,0.032026,0.028867,0.033413,0.037916,0.032303,0.034085,0.001942,-0.008310,-0.001468
2012-06-30,0.002995,0.003438,0.002308,-0.023033,-0.022419,-0.023541,-0.006670,-0.005410,-0.006237,-0.016868,-0.016401,-0.016542,-0.025091,-0.024325,-0.024891,-0.044273,-0.044273,-0.046124,-0.003586,-0.003064,-0.004233,-0.003589,-0.002780,-0.002802,-0.031093,-0.030068,-0.033285,-0.014797,-0.014423,-0.016182,-0.031597,-0.030805,-0.032921,-0.036412,-0.035463,-0.031064,-0.014138,-0.013690,-0.013143,-0.013747,-0.013747,-0.014792,-0.034296,-0.034296,-0.036722,-0.021661,-0.021133,-0.020991,-0.010976,-0.010088,-0.011165,-0.027575,-0.026407,-0.024763
2012-07-31,0.024151,0.024151,0.024240,0.033036,0.034084,0.034081,0.025413,0.029094,0.029521,-0.002941,-0.002941,-0.002936,0.038152,0.038152,0.038163,0.056455,0.058054,0.058054,0.055530,0.055530,0.055766,0.025307,0.025307,0.025729,0.066808,0.064005,0.064387,0.011649,0.012801,0.012972,0.027374,0.029221,0.029538,0.022168,0.025012,0.025979,0.004855,0.005617,0.005613,0.023299,0.023836,0.023836,0.023482,0.026120,0.026120,0.065224,0.065224,0.065503,0.101137,0.101137,0.101451,0.113756,0.113756,0.114125
2012-08-31,-0.018900,-0.018900,-0.018900,-0.016562,-0.016716,-0.016474,-0.039365,-0.039622,-0.040526,0.022616,0.024013,0.024013,0.020152,0.020152,0.020152,0.028927,0.030890,0.034482,-0.016810,-0.017014,-0.017014,-0.020658,-0.020658,-0.020658,0.003750,0.004956,0.007737,-0.019032,-0.017490,-0.016608,-0.020660,-0.018633,-0.018906,-0.030775,-0.027576,-0.029505,0.012066,0.013165,0.014113,0.017228,0.018520,0.019709,0.009500,0.011078,0.011793,-0.008092,-0.008788,-0.008788,-0.013857,-0.014658,-0.014658,0.009995,0.009995,0.009995
2012-09-30,0.020383,0.017870,0.017870,0.021665,0.017835,0.018598,-0.002747,-0.002537,-0.000995,-0.013870,-0.014595,-0.017649,-0.009174,-0.009113,-0.009113,0.009934,0.009925,0.005115,0.004541,0.000419,0.000217,-0.008694,-0.015494,-0.015494,0.025911,0.025911,0.025814,0.005904,0.000098,0.002821,-0.009593,-0.016541,-0.013232,-0.052811,-0.053524,-0.053406,-0.006380,-0.006275,-0.007131,-0.013523,-0.013529,-0.015038,-0.050429,-0.052442,-0.053330,0.001242,0.002032,0.004047,0.000977,0.007850,0.011708,0.030545,0.030545,0.030545
2012-10-31,-0.028177,-0.022625,-0.019396,-0.036591,-0.032683,-0.028029,-0.013942,-0.003901,-0.003511,-0.000458,-0.000578,-0.001043,-0.022308,-0.022527,-0.021975,-0.040785,-0.033602,-0.033356,-0.045229,-0.041937,-0.033522,-0.048184,-0.049119,-0.037002,-0.095793,-0.105228,-0.105228,-0.019278,-0.017289,-0.009107,-0.030887,-0.027213,-0.015551,-0.021325,-0.013429,-0.000457,-0.016193,-0.016355,-0.015626,-0.011224,-0.012965,-0.012030,-0.043381,-0.047130,-0.047816,-0.030536,-0.030536,-0.029320,-0.046544,-0.045845,-0.054833,-0.079037,-0.079037,-0.079037
2012-11-30,-0.003132,-0.000849,-0.005401,0.022678,0.025640,0.023747,0.010431,0.012454,0.002812,0.026041,0.027763,0.027269,0.010341,0.011627,0.010762,-0.008245,-0.007708,-0.019489,-0.005025,0.002772,0.000057,-0.020847,-0.020847,-0.017878,0.004640,-0.000612,0.008327,0.016408,0.019357,0.017725,0.012526,0.013015,0.009716,-0.004606,-0.003233,-0.010383,0.009466,0.011253,0.010197,0.001339,0.001527,0.002547,0.000248,0.002010,0.002779,-0.016251,-0.011943,-0.011943,-0.006686,-0.000185,-0.002573,-0.004260,0.004196,0.004196
2012-12-31,-0.002770,-0.002801,-0.000163,-0.016423,-0.016155,-0.010787,0.000960,0.000421,0.003491,-0.003746,-0.002984,-0.003448,-0.004309,-0.004193,-0.001726,-0.002254,-0.002386,0.000311,-0.019880,-0.021669,-0.015432,-0.026597,-0.026401,-0.026401,-0.044785,-0.043350,-0.042554,-0.013029,-0.011291,-0.004451,-0.016084,-0.014834,-0.008999,-0.023800,-0.024535,-0.020135,-0.012501,-0.012584,-0.003456,-0.018399,-0.018965,-0.005380,-0.017339,-0.018948,-0.016502,-0.023178,-0.021413,-0.018990,-0.028163,-0.024328,-0.020061,-0.043185,-0.040962,-0.038777
2013-01-31,-0.039862,-0.038522,-0.036824,-0.018721,-0.016412,-0.016639,-0.015299,-0.012078,-0.013495,0.033609,0.032370,0.030780,0.015016,0.016227,0.015530,0.004679,0.004679,0.003065,-0.045470,-0.043926,-0.048635,-0.075391,-0.075574,-0.069602,-0.086035,-0.085307,-0.094904,0.001557,0.001287,0.001799,0.001278,-0.001562,-0.001804,0.009517,0.005162,0.005444,0.009297,0.007800,0.006092,0.002340,0.000133,-0.000052,0.009619,0.007468,0.010620,-0.030621,-0.031308,-0.034419,-0.061395,-0.060876,-0.064645,-0.090509,-0.089588,-0.099686
2013-02-28,-0.004073,-0.001561,-0.000456,0.003175,0.004327,-0.000468,0.020440,0.021571,0.012155,-0.004302,-0.002741,-0.000209,0.005647,0.006060,0.006153,0.001993,0.005365,0.005365,-0.009896,-0.006790,-0.005594,-0.032153,-0.028615,-0.028470,-0.008648,-0.006972,-0.006882,0.007210,0.008249,0.008479,0.017553,0.020005,0.025369,0.011243,0.012074,0.022931,0.000168,0.001509,0.004259,0.001995,0.004326,0.008281,0.004439,0.005331,0.011057,0.004046,0.005241,0.003518,-0.001406,0.000355,0.000621,-0.036136,-0.036136,-0.036133
2013-03-31,-0.024507,-0.005005,-0.006581,-0.027545,-0.002587,-0.005504,-0.035570,-0.023074,-0.027709,-0.023071,-0.009221,-0.014542,-0.030530,-0.003520,-0.009629,-0.042454,-0.015306,-0.017165,-0.025254,-0.020197,-0.025176,-0.032838,-0.024038,-0.031994,-0.030210,-0.032886,-0.038461,-0.020854,-0.001789,-0.003005,-0.024831,-0.008513,-0.010340,-0.022166,-0.003653,-0.003516,-0.029431,-0.022592,-0.028300,-0.021400,-0.020346,-0.022265,-0.019163,-0.014374,-0.011214,-0.025359,-0.021886,-0.028389,-0.061975,-0.031083,-0.033720,-0.048263,-0.035959,-0.035959
2013-04-30,-0.021285,-0.011695,-0.006768,-0.018462,-0.018670,-0.007862,-0.004725,0.003726,-0.015776,-0.001600,0.008727,0.023422,0.001085,0.010613,0.011577,-0.002485,0.005513,-0.008984,0.000651,0.025323,0.011556,-0.009129,0.009796,0.003626,-0.041233,-0.012204,-0.015741,-0.025191,-0.014922,0.005324,-0.027209,-0.017704,-0.018138,-0.013831,-0.003506,-0.015613,0.004038,0.012466,0.003561,-0.011679,-0.008140,-0.013091,0.006377,0.012867,-0.010583,0.001342,0.012662,-0.001940,-0.004430,0.024559,0.016415,-0.044302,-0.016595,-0.000134
2013-05-31,-0.011671,-0.018793,-0.016954,-0.012815,-0.023132,-0.022646,0.029525,0.011323,0.015905,0.013833,0.005738,-0.009222,-0.033387,-0.042588,-0.054984,-0.031286,-0.046312,-0.053536,-0.037914,-0.031946,-0.033724,-0.067591,-0.049780,-0.046463,-0.110718,-0.067527,-0.052939,-0.037947,-0.042737,-0.042753,-0.032944,-0.042866,-0.037478,-0.001518,-0.023562,-0.008612,-0.026392,-0.034803,-0.046958,-0.001341,-0.002868,-0.030195,-0.016975,-0.014661,-0.033933,-0.047350,-0.039830,-0.052568,-0.068279,-0.054768,-0.062462,-0.100514,-0.053772,-0.069716
2013-06-30,-0.016087,-0.016059,-0.015134,-0.013007,-0.012979,-0.013245,-0.047171,-0.047206,-0.046604,-0.018906,-0.018908,-0.019479,-0.021105,-0.021150,-0.019419,-0.047238,-0.047238,-0.051774,-0.004920,-0.004920,-0.002346,-0.008819,-0.009452,-0.006898,0.003396,0.001938,0.006493,-0.003173,-0.003173,-0.004441,-0.006560,-0.006619,-0.008305,-0.023647,-0.023539,-0.024811,-0.024368,-0.024440,-0.023142,-0.017921,-0.017968,-0.018467,-0.027584,-0.027584,-0.028236,-0.009719,-0.009719,-0.008545,-0.015118,-0.015118,-0.014011,-0.035484,-0.037861,-0.028720
2013-07-31,-0.021392,-0.021024,-0.021009,-0.018800,-0.019439,-0.019400,0.021231,0.017616,0.017418,-0.003692,-0.004944,-0.004962,-0.015453,-0.015453,-0.015390,0.016512,0.016512,0.016512,-0.042926,-0.041055,-0.041055,-0.049046,-0.045551,-0.044417,-0.053041,-0.053041,-0.049656,-0.024133,-0.024525,-0.024525,-0.031534,-0.031657,-0.031496,0.003394,0.001909,0.001732,-0.006165,-0.007258,-0.007214,0.007092,0.007092,0.007313,0.023076,0.023076,0.023076,-0.026317,-0.026317,-0.026317,-0.056410,-0.056410,-0.056410,-0.064479,-0.064479,-0.061035
2013-08-31,0.003873,0.004135,0.005554,0.020988,0.021205,0.021950,-0.001663,0.002617,0.005300,-0.002148,-0.005649,-0.006336,-0.008460,-0.008429,-0.008429,-0.021821,-0.021821,-0.021821,-0.034439,-0.029624,-0.028943,-0.065566,-0.066953,-0.064295,-0.114729,-0.114729,-0.114729,-0.001785,-0.004708,-0.003693,0.006158,0.006693,0.008146,0.004608,0.005344,0.008438,-0.009510,-0.009498,-0.010051,-0.013877,-0.013877,-0.013877,-0.031944,-0.031944,-0.031944,-0.047113,-0.038996,-0.038996,-0.067352,-0.067352,-0.067352,-0.105799,-0.105799,-0.105799
2013-09-30,-0.011377,-0.010318,-0.010369,-0.024334,-0.020922,-0.015721,-0.032191,-0.022199,-0.018130,0.012887,0.019070,0.021216,-0.002687,0.002514,0.007108,-0.040871,-0.031253,-0.031253,-0.011316,-0.013497,-0.017085,-0.010076,-0.014116,-0.020296,-0.037226,-0.037226,-0.037226,-0.021871,-0.015521,-0.011478,-0.017695,-0.013177,-0.005332,-0.006615,0.000953,0.000687,-0.008695,-0.003858,-0.001052,-0.016620,-0.012541,-0.012541,-0.029556,-0.021263,-0.021263,-0.000841,-0.002828,-0.006873,-0.014115,-0.005012,-0.005012,-0.028473,-0.016882,-0.016882
2013-10-31,-0.003443,-0.003381,-0.004749,-0.005374,-0.003545,-0.005655,-0.025837,-0.025780,-0.026492,-0.033886,-0.033876,-0.033618,-0.012499,-0.012616,-0.014471,-0.043982,-0.042993,-0.043632,-0.001788,-0.001875,-0.003365,-0.018297,-0.014946,-0.015820,0.030651,0.037820,0.037820,-0.006052,-0.003694,-0.005702,-0.002774,0.001699,0.000081,-0.015973,-0.016031,-0.016719,-0.016714,-0.016660,-0.016939,-0.007720,-0.007745,-0.008886,-0.026049,-0.026348,-0.028142,0.003183,0.006110,0.005399,0.005874,0.013972,0.012914,0.034431,0.048366,0.043096
2013-11-30,-0.004811,-0.004028,-0.003497,0.009800,0.010679,0.011977,0.033127,0.033127,0.033314,-0.005616,-0.007313,-0.007809,-0.010280,-0.013270,-0.013436,0.043880,0.019182,0.007821,-0.008974,-0.005468,-0.004738,-0.006373,-0.006727,-0.004145,0.002394,0.001330,0.002994,-0.012063,-0.007402,-0.004787,-0.009167,-0.010650,-0.006056,0.028536,0.025379,0.025614,-0.018560,-0.019544,-0.019944,-0.026080,-0.026080,-0.025917,0.002065,-0.015099,-0.025823,-0.006866,-0.005717,-0.002357,-0.008294,-0.010711,-0.004830,-0.019169,-0.019362,-0.008383
2013-12-31,0.003248,0.002599,0.004512,-0.005200,-0.005926,-0.002282,-0.023405,-0.024023,-0.024023,0.004333,0.007050,0.007961,0.000838,-0.000307,0.000864,-0.019787,-0.022005,-0.019024,0.005342,0.007244,0.008807,0.007844,0.007844,0.007887,0.016071,0.016071,0.015727,-0.004850,-0.001305,0.000970,0.001111,0.002786,0.007703,-0.015589,-0.010105,-0.001198,0.001391,0.003473,0.006196,0.010672,0.008998,0.008998,0.022961,0.020746,0.019743,0.005791,0.009231,0.011947,0.002037,0.002947,0.010426,0.003192,0.005947,0.006892
2014-01-31,-0.007652,-0.007821,-0.009941,0.012177,0.013895,0.015451,0.011362,0.013894,0.016737,-0.017463,-0.017251,-0.017527,-0.007330,-0.006973,-0.005816,-0.006749,-0.004364,-0.002612,-0.024401,-0.022690,-0.023674,-0.055003,-0.055003,-0.055003,-0.092744,-0.092744,-0.092744,-0.005720,-0.005704,-0.002708,0.003965,0.003779,0.006050,0.020236,0.020666,0.023358,-0.016264,-0.015650,-0.015892,-0.035927,-0.036156,-0.037978,-0.009289,-0.008276,-0.012880,-0.045998,-0.045682,-0.042066,-0.074242,-0.074242,-0.074038,-0.120821,-0.120084,-0.101797
2014-02-28,-0.019566,-0.019647,-0.019482,-0.013333,-0.006825,-0.004398,-0.005479,0.008928,0.013933,0.005417,0.005651,0.010761,-0.015662,-0.009566,-0.003262,-0.015943,-0.016587,-0.012267,-0.028974,-0.029206,-0.031801,-0.035827,-0.033748,-0.033748,-0.073161,-0.073161,-0.073161,-0.020110,-0.016973,-0.015941,-0.017159,-0.012025,-0.010823,-0.012643,0.000850,0.002068,-0.008581,-0.005472,-0.003428,-0.012520,-0.012920,-0.010428,-0.034051,-0.034051,-0.034618,-0.034727,-0.027910,-0.027577,-0.047917,-0.051388,-0.051388,-0.082271,-0.088097,-0.087673
2014-03-31,0.030784,-0.005735,-0.005285,0.032931,-0.005897,-0.010109,0.039868,-0.019213,-0.029922,0.001436,0.007184,0.009376,0.016597,0.008296,0.004872,0.066789,0.005386,0.003112,0.037713,0.031084,0.034593,0.057069,0.053763,0.057806,0.015443,0.077503,0.077503,0.028841,0.015989,0.017461,0.039797,-0.004290,-0.001937,0.013751,-0.021421,-0.028889,0.011630,0.008467,0.009294,0.025769,0.033547,0.032611,-0.022681,0.024998,0.024998,0.040438,0.034650,0.040163,0.046411,0.047533,0.056510,0.014584,0.067668,0.083845
2014-04-30,0.014944,0.020053,-0.002226,0.005642,0.016831,-0.016705,0.022484,0.032126,-0.014035,0.036416,0.028414,-0.011805,0.046631,0.032842,-0.020503,0.053783,0.064063,-0.000733,0.018977,0.019319,-0.005760,0.032779,0.034638,-0.018078,0.016542,-0.011027,-0.021677,0.033669,0.037845,0.015307,0.048210,0.059956,0.022828,0.053180,0.058479,0.023951,0.035811,0.030608,0.018141,0.046933,0.048561,0.016677,0.084287,0.065259,0.014633,0.034947,0.032406,0.006273,0.052981,0.052797,-0.004818,0.038753,0.032169,-0.005980
2014-05-31,-0.023960,-0.024005,-0.019602,-0.042385,-0.043046,-0.035698,-0.055192,-0.054579,-0.046861,-0.017912,-0.016867,-0.006987,-0.034827,-0.033578,-0.026947,-0.063777,-0.064248,-0.062809,-0.021757,-0.016581,-0.005304,-0.027484,-0.022291,-0.007368,-0.032408,-0.021349,0.008602,-0.024403,-0.024879,-0.021938,-0.034256,-0.034313,-0.025077,-0.027166,-0.027298,-0.025060,-0.017603,-0.017455,-0.014164,-0.021508,-0.022337,-0.015247,-0.015877,-0.014113,0.002458,-0.015016,-0.011724,-0.001441,-0.019114,-0.012704,0.001210,-0.024096,-0.014874,-0.005720
2014-06-30,-0.015175,-0.015175,-0.015173,-0.015503,-0.015503,-0.016100,-0.018057,-0.018057,-0.018314,-0.007154,-0.007184,-0.007391,-0.004431,-0.004431,-0.004631,-0.001859,-0.001859,-0.001244,-0.018111,-0.018049,-0.018106,-0.017002,-0.017002,-0.016518,-0.024472,-0.024472,-0.023081,-0.005813,-0.005813,-0.005474,-0.010452,-0.010452,-0.010207,-0.022888,-0.022888,-0.022492,-0.021512,-0.021525,-0.021086,-0.033436,-0.033440,-0.031857,-0.029604,-0.029604,-0.029519,-0.025323,-0.025323,-0.025151,-0.051964,-0.052047,-0.048434,-0.052431,-0.052431,-0.051394
2014-07-31,-0.007608,-0.007997,-0.007997,-0.012394,-0.012394,-0.012394,-0.030154,-0.030154,-0.030154,-0.014856,-0.013965,-0.014039,-0.018679,-0.018679,-0.018679,-0.047796,-0.045142,-0.045142,-0.016133,-0.016133,-0.015738,-0.024152,-0.024152,-0.024152,-0.019240,-0.019240,-0.019240,0.003354,0.003111,0.003111,-0.003645,-0.004319,-0.004319,-0.024106,-0.024106,-0.024106,0.003278,0.003512,0.003398,-0.000888,-0.000630,-0.000753,-0.021467,-0.018694,-0.018694,-0.000396,-0.000396,-0.000396,0.011741,0.011741,0.012437,0.012794,0.011338,0.011338
2014-08-31,-0.006629,-0.006914,-0.007043,-0.008675,-0.007472,-0.007472,-0.014948,-0.010064,-0.010064,-0.006010,-0.005253,-0.005207,-0.009582,-0.009582,-0.009582,-0.015635,-0.015794,-0.014810,0.007007,0.006269,0.006269,0.010320,0.008308,0.008308,0.010185,0.010185,0.010185,-0.007617,-0.004363,-0.004660,-0.008641,-0.006057,-0.006639,0.011658,0.012385,0.012385,-0.015719,-0.014735,-0.014323,-0.030732,-0.030373,-0.029066,0.002138,0.001426,0.001959,-0.006582,-0.007243,-0.007243,-0.005050,-0.003752,-0.003752,-0.003282,-0.005619,-0.005341
2014-09-30,0.020234,0.020499,0.030397,0.027520,0.027198,0.029729,0.006951,0.004709,0.000736,0.007998,0.007261,0.003672,-0.012248,-0.012248,-0.012248,-0.001480,-0.001480,-0.000856,0.020460,0.020783,0.034493,0.020770,0.021335,0.030303,0.016203,0.016203,0.016203,0.020860,0.016356,0.012284,0.017476,0.012374,0.008232,0.022523,0.021709,0.009944,0.007624,0.006977,0.003604,-0.002873,-0.003528,-0.000895,-0.027989,-0.027989,-0.027423,0.014668,0.017239,0.015197,0.019445,0.018932,0.009923,0.015840,0.015840,0.015535
2014-10-31,0.005685,0.005685,0.005386,0.008923,0.012002,0.012131,-0.010640,-0.010640,-0.009839,-0.010562,-0.010562,-0.010304,-0.020015,-0.020015,-0.020015,-0.012631,-0.011059,-0.011059,0.009713,0.008982,0.008642,0.016674,0.022268,0.021871,-0.010002,-0.000965,-0.000965,0.000595,-0.000635,-0.001733,-0.015170,-0.017473,-0.018980,-0.017537,-0.017877,-0.017981,-0.009749,-0.009749,-0.009456,-0.014420,-0.014420,-0.014227,-0.041718,-0.041718,-0.041718,-0.022421,-0.022968,-0.020927,-0.007899,-0.007899,-0.007483,-0.036228,-0.043418,-0.043418
2014-11-30,0.000047,0.001084,0.001084,0.008508,0.010165,0.005115,-0.003369,-0.003369,-0.003369,0.018812,0.017918,0.017918,0.031686,0.030343,0.030343,0.048964,0.055001,0.052485,0.024004,0.023089,0.024025,0.036760,0.036556,0.030725,0.022803,0.022621,0.013132,0.018242,0.018325,0.019770,0.022370,0.022547,0.025485,0.023998,0.026051,0.026062,0.028247,0.028247,0.028247,0.027922,0.024621,0.024621,0.020188,0.018622,0.018622,0.018927,0.018546,0.020300,0.034358,0.032354,0.032354,0.005780,-0.002917,0.011622
2014-12-31,0.022588,0.020549,0.020058,0.044958,0.043310,0.042145,0.045205,0.042138,0.042138,0.001600,0.000659,0.000494,0.005112,0.006537,0.006339,0.005214,0.002583,0.001932,0.006370,0.004893,0.008614,0.005875,0.004740,0.004377,0.019288,0.019288,0.018742,-0.000276,-0.001511,-0.001404,0.010589,0.008598,0.008774,0.012611,0.008905,0.008512,0.008890,0.009316,0.009316,-0.006536,-0.005439,-0.008228,-0.021571,-0.022707,-0.026094,-0.005218,-0.003006,0.000819,-0.008280,-0.008454,-0.005893,-0.008524,-0.009389,-0.000889
2015-01-31,-0.039516,-0.038541,-0.043223,-0.047533,-0.046989,-0.049091,-0.032344,-0.033209,-0.036915,-0.001625,0.000093,-0.003254,-0.036302,-0.033377,-0.035748,-0.061551,-0.055942,-0.062139,-0.005326,-0.003181,-0.007143,-0.024417,-0.025236,-0.025444,-0.005478,-0.005478,-0.005478,-0.010703,-0.009491,-0.007408,-0.038852,-0.036805,-0.037177,-0.062004,-0.058145,-0.056768,0.015339,0.017730,0.014618,0.007011,0.012210,0.005894,0.012287,0.022484,0.014626,-0.009521,-0.007678,-0.009545,-0.028305,-0.025636,-0.023297,0.005842,0.003829,0.010603
2015-02-28,-0.002089,-0.005611,-0.005821,0.000809,-0.003009,-0.003685,0.012382,-0.000750,0.002302,-0.009891,-0.009437,-0.009170,-0.014903,-0.013952,-0.016799,-0.009813,-0.007780,-0.012158,-0.007210,-0.009201,-0.010642,-0.002678,-0.006881,-0.006045,0.011919,0.002952,0.002952,-0.016167,-0.020407,-0.021425,-0.002173,-0.007466,-0.008719,0.025194,0.011210,0.007939,-0.015340,-0.014882,-0.015940,-0.002652,-0.001840,-0.004559,0.013529,0.015281,0.009875,0.012051,0.007883,0.007758,0.018532,0.019256,0.017208,0.028021,0.028021,0.029565
2015-03-31,-0.011531,-0.000458,0.006820,-0.002850,0.017903,0.020124,0.013418,0.009789,0.016190,0.009632,0.001735,0.001107,0.000924,0.000022,-0.001147,0.015097,0.012251,0.008904,-0.008602,-0.014218,-0.013625,-0.016940,-0.019460,-0.018016,-0.005671,-0.009669,-0.005436,-0.001106,-0.011296,-0.004632,0.008954,0.001051,0.008834,-0.000278,-0.020724,-0.010183,0.009215,0.009005,0.008414,0.005427,0.008960,0.007913,0.005748,-0.011487,-0.013668,0.011303,-0.023376,-0.020647,0.003291,-0.017508,-0.018375,0.005986,-0.014290,-0.014290
2015-04-30,0.003663,0.001201,0.010089,-0.008787,-0.018899,-0.021730,-0.022076,-0.029516,-0.012870,-0.011263,-0.018145,-0.009958,0.007956,0.008659,-0.008060,-0.019120,-0.005429,-0.035593,-0.017923,-0.027894,-0.025252,0.006043,0.005838,-0.006613,-0.008219,-0.014805,0.007998,-0.009189,-0.011561,-0.001560,-0.026659,-0.031864,-0.033613,-0.034267,-0.026883,-0.013904,-0.014142,-0.022947,-0.028918,-0.004837,-0.006816,-0.038291,-0.006461,-0.011090,-0.013402,-0.015653,-0.016667,-0.024875,-0.028022,-0.029814,-0.021428,0.000084,-0.003275,0.004118
2015-05-31,-0.001708,-0.003106,-0.002341,-0.009088,-0.008370,-0.003570,0.009634,0.009515,0.012322,0.002703,0.002921,0.001901,-0.006765,-0.008389,-0.003365,-0.001553,-0.002515,0.003150,-0.017926,-0.016466,-0.017906,-0.023519,-0.022135,-0.023426,-0.013337,-0.012292,-0.013623,-0.003430,-0.005684,-0.001736,-0.000218,-0.002249,0.001661,0.003645,0.005879,0.003251,-0.011756,-0.011915,-0.010995,-0.014324,-0.015784,-0.019351,-0.006576,-0.004589,-0.003676,-0.024372,-0.024253,-0.026524,-0.022648,-0.020224,-0.025797,-0.013432,-0.010474,-0.016628
2015-06-30,0.024348,0.024453,0.023730,0.031702,0.031702,0.031402,0.059817,0.059817,0.059756,0.019018,0.019139,0.018714,0.017287,0.017364,0.017097,0.038921,0.038921,0.039154,-0.001143,-0.001143,-0.001345,0.002697,0.002697,0.002514,0.040363,0.040363,0.039949,0.025717,0.025848,0.025536,0.020932,0.021188,0.020368,0.045916,0.045916,0.046855,-0.001193,-0.001092,-0.001993,0.008418,0.008463,0.009067,0.039781,0.039781,0.040669,0.009915,0.009915,0.010033,0.025160,0.025160,0.025360,0.045012,0.045012,0.045362
2015-07-31,-0.004141,-0.002124,-0.001877,0.003267,0.006713,0.006713,-0.010614,-0.008968,-0.008968,0.008865,0.009904,0.010163,0.028765,0.028765,0.029127,0.025712,0.032723,0.032723,-0.002636,-0.001238,-0.001238,0.032578,0.035404,0.035404,0.042921,0.050951,0.050951,-0.008487,-0.007586,-0.007356,0.001193,0.000333,0.000643,-0.019203,-0.017382,-0.017382,0.006595,0.006907,0.007119,0.003250,0.005156,0.005495,0.007408,0.012453,0.012453,-0.007557,-0.007557,-0.007557,-0.009152,-0.009152,-0.009152,0.042313,0.042313,0.042313
2015-08-31,-0.016430,-0.018752,-0.018619,-0.011857,-0.017261,-0.018219,-0.016527,-0.022278,-0.022689,-0.028687,-0.028281,-0.028469,-0.034821,-0.037769,-0.037769,-0.035579,-0.036417,-0.037573,-0.005121,-0.008295,-0.008244,-0.007278,-0.006955,-0.006781,0.008786,0.009466,0.008733,-0.013730,-0.015658,-0.016243,-0.017485,-0.017729,-0.018399,-0.046578,-0.047318,-0.049684,-0.022462,-0.020889,-0.021443,-0.036121,-0.036035,-0.037051,-0.045262,-0.045784,-0.048825,-0.013888,-0.014086,-0.014086,-0.030804,-0.031989,-0.031989,-0.015723,-0.020034,-0.020034
2015-09-30,-0.000002,0.000348,-0.010016,0.004753,0.005834,-0.005149,0.011712,0.013877,0.004118,-0.015920,-0.012772,-0.014005,-0.015598,-0.014641,-0.021204,-0.003994,-0.003994,-0.004929,0.008592,0.009341,0.000115,0.010009,0.004882,0.004878,0.012687,0.012687,0.012408,-0.004104,-0.001529,-0.004380,0.006719,0.012663,0.010131,-0.004372,0.005383,0.004569,-0.007628,-0.006542,-0.003843,-0.011166,-0.009863,-0.011790,-0.030787,-0.029901,-0.030359,-0.002016,0.001878,0.003464,-0.010755,-0.004319,-0.001939,-0.013817,-0.011475,-0.026463
2015-10-31,0.005286,0.005286,0.004589,-0.000239,-0.000836,-0.001222,-0.017140,-0.021347,-0.021762,0.012215,0.012712,0.009169,0.002617,0.002580,0.001555,-0.017496,-0.019630,-0.019630,0.016123,0.016041,0.014608,0.037525,0.036483,0.041912,0.041206,0.041206,0.041206,0.011007,0.010961,0.010139,0.013947,0.014725,0.008469,0.015212,0.016612,0.005889,0.021979,0.021943,0.021858,0.021586,0.021623,0.021257,-0.015142,-0.018330,-0.020700,0.029460,0.030332,0.025870,0.034703,0.037172,0.029821,0.061370,0.060373,0.055538
2015-11-30,0.018253,0.017637,0.017637,0.037101,0.038641,0.037533,0.022703,0.024196,0.029660,0.004689,0.008705,0.008768,-0.001982,0.002314,0.001958,0.002284,0.013702,0.022849,-0.004343,-0.004879,-0.006191,-0.026443,-0.027068,-0.029935,-0.046614,-0.046614,-0.046614,0.015862,0.017580,0.017017,0.024698,0.024698,0.024855,0.027992,0.025898,0.026180,0.007001,0.008707,0.008411,-0.006026,-0.002337,-0.001297,-0.031634,-0.024085,-0.019564,-0.012118,-0.011693,-0.012842,-0.018766,-0.020691,-0.026189,-0.032172,-0.035319,-0.036182
2015-12-31,-0.021280,-0.021967,-0.022986,-0.017687,-0.019748,-0.013908,-0.008927,-0.012948,-0.002951,-0.018561,-0.020532,-0.011810,-0.011298,-0.011528,-0.003557,-0.004965,-0.008958,0.018165,-0.013853,-0.018465,-0.022704,-0.031795,-0.032295,-0.035192,0.004874,0.005755,0.005755,-0.030065,-0.031950,-0.027651,-0.016352,-0.016492,-0.016492,-0.019976,-0.018072,-0.021507,-0.019437,-0.017189,-0.012922,-0.030231,-0.028606,-0.019941,-0.017601,-0.013099,-0.004388,-0.031720,-0.032273,-0.032483,-0.025435,-0.027920,-0.029328,-0.010329,-0.012463,-0.024748
2016-01-31,-0.005631,-0.005114,-0.002162,-0.013143,-0.013196,-0.011818,-0.016042,-0.017768,-0.013772,-0.033561,-0.034584,-0.032956,-0.033876,-0.033468,-0.033401,-0.040748,-0.037442,-0.041741,0.047683,0.045523,0.046763,0.028393,0.027354,0.029200,0.060084,0.058154,0.060448,-0.005384,-0.005632,-0.008667,-0.014301,-0.016045,-0.016934,-0.035107,-0.035460,-0.039521,-0.003543,-0.003644,-0.003718,-0.037568,-0.035900,-0.036446,-0.015911,-0.005859,-0.007040,0.033596,0.033688,0.022355,0.040201,0.037312,0.032484,0.071812,0.069514,0.077158
2016-02-29,-0.024540,-0.019777,-0.015578,-0.021578,-0.023205,-0.019466,-0.019453,-0.025015,-0.025600,0.010364,0.012940,0.012541,0.002252,0.002137,0.005731,-0.000083,0.005000,0.010787,0.015070,0.012616,0.015226,0.035135,0.028456,0.029051,0.025925,0.017321,0.018623,-0.002026,-0.001423,0.003139,0.000478,-0.000660,0.007072,0.010104,0.003686,0.017215,0.015222,0.015591,0.015139,0.013863,0.014011,0.018619,0.038759,0.045161,0.053733,0.003166,0.000369,0.003638,0.012373,0.006696,0.014219,0.004108,-0.008256,-0.006777
2016-03-31,-0.002506,0.003399,0.003809,0.007379,0.007944,0.007475,-0.000408,-0.004886,-0.001124,0.003197,0.011562,0.011795,0.008593,0.012448,0.012600,0.026801,0.027744,0.032178,-0.014809,-0.019364,-0.019928,-0.020291,-0.016738,-0.017912,0.019900,-0.013646,-0.010920,0.000966,0.014801,0.015523,-0.007914,0.014884,0.014528,-0.030563,-0.001656,0.000971,-0.002451,0.009627,0.009945,-0.009698,0.024119,0.024254,-0.023177,0.019281,0.023868,-0.007482,-0.003388,-0.003911,-0.026257,0.003684,0.002627,-0.006802,-0.015128,-0.015530
2016-04-30,0.001259,0.000525,0.010260,-0.004313,-0.002813,0.005705,0.018387,0.017208,0.022675,-0.025510,-0.023364,-0.006584,-0.025792,-0.028920,0.006905,-0.028921,-0.027739,-0.008202,0.014367,0.013192,-0.001113,-0.000919,0.000623,-0.006585,-0.006340,-0.012697,0.007167,-0.033585,-0.033158,-0.011075,-0.034587,-0.032413,-0.030092,-0.036648,-0.032780,-0.006010,-0.038207,-0.039915,-0.012163,-0.030024,-0.027568,0.011444,-0.036189,-0.029235,-0.031718,-0.021881,-0.023762,-0.014082,-0.020660,-0.021260,-0.009090,0.022608,0.020843,0.024696
2016-05-31,-0.020022,-0.021233,-0.022602,-0.003322,-0.003489,-0.002962,-0.010870,-0.010940,-0.008661,0.031774,0.028652,0.016937,0.015819,0.009750,-0.003731,0.017984,0.017984,0.017429,-0.027145,-0.027737,-0.022797,-0.041858,-0.042659,-0.042161,-0.011107,-0.012000,-0.017527,-0.003563,-0.005268,-0.011271,-0.015147,-0.017844,-0.018488,-0.009847,-0.010943,-0.039880,0.025682,0.022566,0.010610,0.010629,0.005802,-0.012018,0.033809,0.030954,-0.000194,-0.036710,-0.037061,-0.041155,-0.030062,-0.031318,-0.049241,-0.070726,-0.072804,-0.087304
2016-06-30,-0.032202,-0.032076,-0.032651,-0.028436,-0.028436,-0.028882,-0.022173,-0.022173,-0.023119,0.005537,0.005674,0.004473,-0.017078,-0.016827,-0.016961,-0.050756,-0.050756,-0.050756,0.008331,0.008331,0.008496,0.012557,0.012557,0.013127,-0.005584,-0.005584,-0.005090,0.014249,0.014370,0.012984,0.006810,0.006874,0.005344,0.003356,0.003356,0.002493,0.010274,0.010478,0.009457,0.017968,0.018177,0.015292,-0.010087,-0.010087,-0.010238,0.014573,0.014573,0.014817,0.009631,0.009631,0.009911,0.034075,0.034075,0.034161
2016-07-31,-0.036850,-0.038010,-0.037920,-0.039096,-0.040623,-0.040623,-0.017827,-0.015669,-0.015669,0.025431,0.025431,0.025690,0.018770,0.018770,0.019127,0.048360,0.048360,0.048360,-0.012391,-0.013829,-0.013829,-0.020591,-0.022200,-0.022200,0.000282,-0.003486,-0.003486,-0.010486,-0.010348,-0.010123,-0.035808,-0.033268,-0.032853,-0.042505,-0.037064,-0.037064,0.022816,0.025362,0.025591,-0.007042,-0.003056,-0.002660,0.011516,0.016912,0.016912,-0.055709,-0.055709,-0.055709,-0.019581,-0.019581,-0.019581,-0.013400,-0.009503,-0.009503
2016-08-31,0.024910,0.026570,0.026175,0.050378,0.051137,0.050094,0.043771,0.043385,0.043374,0.019718,0.019526,0.019526,0.017846,0.017846,0.017846,0.043418,0.040187,0.040187,0.000856,0.003939,0.003679,-0.005734,-0.005388,-0.006153,0.004779,0.005027,0.003905,0.003655,0.004153,0.004493,0.015588,0.015294,0.015446,0.016670,0.015649,0.016092,-0.000955,-0.003537,-0.003224,0.011627,0.009038,0.010037,0.036527,0.034535,0.034608,0.003906,0.003153,0.003153,0.016963,0.015304,0.015304,-0.004981,-0.005257,-0.004468
2016-09-30,-0.004349,-0.002749,-0.002708,0.003782,0.005696,0.000015,-0.024711,-0.025327,-0.025812,0.015646,0.015544,0.015920,0.016102,0.015354,0.015354,0.040711,0.040403,0.055906,0.000629,0.002062,-0.007559,-0.016937,-0.017075,-0.017844,-0.018409,-0.018409,-0.017767,-0.008848,-0.008619,-0.006817,-0.012222,-0.011569,-0.011761,-0.016538,-0.014601,-0.015388,0.005763,0.004542,0.008160,0.027961,0.025377,0.031861,0.023361,0.021310,0.020759,-0.014707,-0.014905,-0.014367,-0.009892,-0.009633,-0.009113,-0.013472,-0.013472,-0.012993
2016-10-31,0.033143,0.030628,0.031949,0.047576,0.041834,0.044212,0.051677,0.045478,0.050263,0.021986,0.022085,0.025069,0.012134,0.012821,0.015239,0.014115,0.014518,0.020705,-0.007286,-0.008281,-0.005329,-0.012432,-0.014993,-0.014493,0.043645,0.033649,0.033649,0.021927,0.021927,0.021832,0.014223,0.014483,0.015919,0.025648,0.026033,0.028509,0.005975,0.006413,0.007922,0.007282,0.007120,0.005706,0.018137,0.020022,0.015448,-0.006035,-0.006010,-0.003649,0.000467,0.002491,0.004748,-0.049581,-0.049581,-0.049581
2016-11-30,0.015459,0.019048,0.015552,0.042048,0.055328,0.047690,0.085355,0.096336,0.082101,-0.016038,-0.009455,-0.009582,-0.008831,-0.008831,-0.009386,0.013559,0.012636,0.006494,0.004910,0.006849,0.002609,0.013995,0.016345,0.010944,-0.015730,-0.015560,-0.022380,-0.049947,-0.049947,-0.049947,-0.031550,-0.031550,-0.031650,-0.017209,-0.010940,-0.011197,-0.012164,-0.008608,-0.008963,-0.030053,-0.030211,-0.031887,-0.013553,-0.017929,-0.024539,-0.056520,-0.054210,-0.054194,-0.031909,-0.029561,-0.024268,-0.047307,-0.043972,-0.043972
2016-12-31,-0.005373,-0.004368,-0.004713,0.018858,0.016690,0.023198,0.025183,0.015777,0.026335,-0.012051,-0.015266,-0.003931,0.001677,0.001677,0.001677,-0.000947,-0.007292,-0.010831,-0.016742,-0.020594,-0.020685,-0.018400,-0.024741,-0.023735,-0.000149,-0.010164,-0.014062,-0.006910,-0.008062,-0.008062,-0.011054,-0.017276,-0.017276,-0.001464,-0.008433,-0.009935,-0.009979,-0.012377,-0.006476,-0.018372,-0.015180,-0.016384,-0.012329,-0.012849,-0.010561,-0.018178,-0.024321,-0.021027,-0.027051,-0.034702,-0.028093,-0.012785,-0.026340,-0.030772
2017-01-31,0.004656,0.004843,0.000839,-0.014901,-0.014531,-0.011491,-0.043425,-0.043103,-0.040630,0.026611,0.029316,0.014837,0.032431,0.032431,0.032431,0.034287,0.034254,0.035466,0.010822,0.011007,0.005389,-0.002398,-0.001833,0.000759,0.022832,0.023568,0.028437,0.016020,0.014375,0.016555,-0.002939,-0.003544,-0.000653,-0.004563,-0.005499,-0.002413,0.010761,0.013735,0.006493,0.019706,0.020221,0.023797,0.013631,0.014790,0.017168,-0.012267,-0.010287,0.000473,-0.005555,-0.004008,-0.000085,0.007881,0.010062,0.013232
2017-02-28,0.005945,0.004960,0.004793,0.022564,0.021493,0.021562,0.025270,0.025270,0.025106,0.012679,0.011741,0.010897,0.031072,0.028932,0.028932,0.019071,0.016078,0.016225,0.000281,-0.000491,-0.001143,-0.003527,-0.004918,-0.005632,0.027512,0.016965,0.016978,0.014023,0.011474,0.011673,0.009309,0.010265,0.010061,0.032885,0.030320,0.030068,0.014034,0.013107,0.011730,0.017007,0.014821,0.014562,0.040657,0.036427,0.037471,0.028730,0.025138,0.023785,0.022493,0.018404,0.017718,0.044361,0.037633,0.037433
2017-03-31,-0.011358,-0.031126,-0.028914,-0.025468,-0.037719,-0.030999,-0.045236,-0.046429,-0.046429,-0.005809,-0.005317,-0.001541,-0.008141,-0.012712,-0.009506,0.006691,0.004823,0.010827,-0.016130,-0.035089,-0.032739,-0.028243,-0.049284,-0.044983,-0.048769,-0.068200,-0.052613,-0.008559,-0.008329,-0.006498,-0.002879,-0.013572,-0.017286,-0.003648,-0.028242,-0.028719,-0.018253,-0.013729,-0.009695,0.012077,-0.005291,-0.002070,-0.008877,-0.020877,-0.015718,-0.029298,-0.034207,-0.027084,-0.036656,-0.053659,-0.048545,-0.026841,-0.052679,-0.043295
2017-04-30,0.008169,0.003714,-0.011004,-0.004683,-0.000091,-0.019736,-0.017943,-0.013460,-0.021663,0.016875,0.014772,0.016284,0.004341,0.011013,0.015570,0.010881,0.015272,0.009388,-0.005843,-0.009152,-0.009665,-0.024940,-0.023969,-0.011096,-0.024203,-0.018732,-0.011020,0.024200,0.027140,0.009373,0.020413,0.026644,0.007242,0.015166,0.021685,0.007596,0.001133,0.006063,0.020884,0.016271,0.016188,0.022738,0.010073,0.007330,-0.006639,-0.010277,-0.010826,-0.014984,-0.008458,-0.009915,-0.013052,0.019109,0.023493,0.009819
2017-05-31,-0.007481,-0.005512,-0.006664,-0.001748,-0.000310,0.006357,-0.009204,-0.007566,0.006131,0.003657,0.002189,0.006485,-0.000837,0.001144,0.010862,0.013912,0.013370,0.019723,-0.004841,-0.002627,0.014752,-0.014842,-0.013348,-0.010129,-0.036401,-0.036347,-0.031129,0.006471,0.005516,0.009558,-0.009501,-0.007537,-0.008673,0.017492,0.020309,0.024710,0.003265,0.003973,-0.000996,0.006416,0.008353,0.012582,-0.034733,-0.030916,-0.023730,-0.026666,-0.029046,-0.029975,-0.043792,-0.046893,-0.017235,-0.002720,-0.002720,-0.004417
2017-06-30,0.004501,0.004501,0.003934,0.012378,0.012378,0.012918,0.032389,0.032389,0.031664,0.004201,0.004700,0.002919,-0.000005,-0.000005,-0.000798,0.019335,0.019335,0.020305,0.007569,0.007569,0.006316,0.017549,0.017549,0.016889,0.025366,0.025366,0.025247,-0.011859,-0.011448,-0.012956,-0.006856,-0.006856,-0.006373,0.002420,0.002420,0.002671,-0.000879,-0.000879,-0.000995,-0.018711,-0.018711,-0.019595,0.029738,0.029738,0.027865,0.016215,0.016766,0.014992,0.018296,0.019149,0.014850,0.030787,0.030787,0.030787
2017-07-31,0.005498,0.005799,0.005799,0.010610,0.011002,0.011002,0.037016,0.037016,0.037016,0.005752,0.010565,0.010879,0.016878,0.020966,0.020966,0.011192,0.018254,0.018254,-0.009751,-0.009751,-0.009751,-0.012356,-0.012356,-0.012356,-0.016708,-0.016708,-0.016708,0.012962,0.012962,0.013261,0.018957,0.018957,0.018957,0.025451,0.025451,0.025451,-0.001506,-0.001506,-0.001506,-0.002752,-0.002752,-0.002752,0.012875,0.012025,0.012025,-0.002323,-0.002831,-0.002274,0.006816,0.005446,0.006476,0.013134,0.008400,0.008400
2017-08-31,-0.026113,-0.023642,-0.023118,-0.038233,-0.033167,-0.032355,-0.062083,-0.053853,-0.053853,-0.010589,-0.009096,-0.005718,-0.016191,-0.023330,-0.020136,-0.000731,-0.013223,-0.009614,-0.016569,-0.007060,-0.007060,-0.031987,-0.032856,-0.032856,-0.028073,-0.028073,-0.028073,-0.012871,-0.012871,-0.012871,-0.015329,-0.015329,-0.015329,-0.012706,-0.012706,-0.012706,-0.011415,-0.010469,-0.010469,0.000284,-0.008053,-0.008053,-0.008097,-0.007854,-0.008596,-0.005656,-0.011277,-0.011281,-0.007056,-0.016594,-0.015976,0.005438,-0.013733,-0.012635
2017-09-30,0.004526,0.006263,0.008477,0.011220,0.010930,0.014547,0.008293,0.000444,0.007657,-0.027620,-0.027983,-0.027711,-0.005555,-0.004890,-0.007769,-0.011394,-0.010338,-0.016446,-0.000388,-0.005514,-0.000100,-0.010537,-0.011262,-0.008724,-0.007756,-0.007756,-0.007756,0.005932,0.011315,0.011315,0.003019,0.004669,0.004669,-0.002693,-0.002693,-0.002693,-0.018407,-0.020619,-0.020943,-0.027407,-0.022766,-0.025043,0.014745,0.014745,0.015326,-0.000886,-0.000893,-0.003290,-0.010707,-0.005966,-0.010966,-0.011790,0.000493,-0.012278
2017-10-31,0.005137,0.005333,0.008318,0.008952,0.009386,0.009705,0.022611,0.022509,0.013267,0.048566,0.049011,0.048864,0.033205,0.034950,0.034626,0.013718,0.016201,0.015656,-0.001682,-0.002230,-0.005250,-0.020950,-0.024548,-0.025015,-0.032689,-0.042573,-0.042573,0.017354,0.017157,0.024897,0.007674,0.007281,0.012074,-0.005571,-0.002539,-0.002539,0.015194,0.017825,0.015117,0.014303,0.016178,0.021190,0.011853,0.013805,0.013805,0.006084,0.006052,0.003018,-0.035209,-0.038971,-0.034214,-0.036946,-0.043722,-0.033928
2017-11-30,0.032940,0.032193,0.031123,0.045687,0.044362,0.042965,0.046658,0.048376,0.051116,0.014423,0.014271,0.014304,0.036876,0.033168,0.032828,0.053800,0.046329,0.044825,0.003292,0.002557,0.000881,0.025100,0.031478,0.031049,0.024526,0.033345,0.031403,0.025727,0.025522,0.024164,0.042648,0.041973,0.041721,0.059917,0.057301,0.055513,0.014600,0.018029,0.018702,0.033881,0.030895,0.028906,0.048093,0.050282,0.048702,0.023357,0.023321,0.024252,0.030652,0.031103,0.033905,0.038070,0.038787,0.040196
2017-12-31,0.017175,0.014709,0.013516,0.016044,0.013076,0.010969,0.011360,0.008060,0.007067,-0.009117,-0.006514,-0.007344,0.012130,0.014268,0.010222,0.034523,0.023054,0.012787,0.015367,0.014883,0.015789,0.013723,0.008374,0.009153,0.020629,0.008681,0.007190,0.010217,0.007780,0.006743,0.014494,0.010935,0.009428,0.011776,0.005903,0.002598,0.015062,0.014352,0.012665,0.006762,0.005694,0.000974,0.009827,0.008044,0.004035,0.018401,0.015244,0.013887,0.005586,0.002406,0.005532,0.009872,0.004316,0.004437
2018-01-31,-0.007585,-0.004654,-0.001010,-0.013334,-0.011250,-0.004289,0.019900,0.019693,0.025429,0.025360,0.027749,0.034848,0.018713,0.021285,0.032352,0.076568,0.077143,0.074152,-0.010695,-0.012089,-0.008692,-0.014139,-0.013944,-0.006723,0.002983,0.007726,0.011108,0.018268,0.017004,0.024366,0.030517,0.030068,0.037393,0.011813,0.013730,0.021191,0.012456,0.014466,0.020676,0.017457,0.021914,0.018981,0.033615,0.033427,0.031377,-0.008722,-0.009763,-0.000177,-0.023662,-0.023711,-0.014727,-0.015321,-0.017638,-0.001767
2018-02-28,-0.007943,-0.000726,-0.008567,0.003734,0.010137,0.002651,0.011022,0.011565,0.004918,0.037528,0.035899,0.028829,0.031141,0.031682,0.025884,0.044868,0.044868,0.041717,-0.016541,-0.016862,-0.017785,-0.026887,-0.027432,-0.028760,-0.033596,-0.034231,-0.035925,0.008002,0.014791,0.013184,0.012905,0.018793,0.011633,0.041634,0.043375,0.026522,0.013894,0.020748,0.013025,0.017584,0.021637,0.014056,0.042065,0.042065,0.041124,-0.001070,-0.001417,-0.002652,-0.009600,-0.009966,-0.009308,-0.013223,-0.013223,-0.013488
2018-03-31,0.004114,0.002503,0.004862,-0.006261,-0.007073,-0.005765,-0.000295,-0.000845,-0.001460,-0.009783,-0.010135,-0.010673,-0.020037,-0.021883,-0.022482,-0.032112,-0.058608,-0.058608,0.016859,0.007476,0.007869,0.008750,0.004344,0.004981,-0.019666,-0.030228,-0.029414,0.008844,0.002017,0.005241,0.012502,-0.008036,-0.006703,0.002942,-0.008410,-0.010205,-0.010479,-0.015713,-0.013252,-0.018591,-0.032064,-0.030172,0.010585,-0.026819,-0.026819,0.004315,-0.007084,-0.006665,-0.000951,-0.016917,-0.016147,0.003207,-0.033990,-0.033990
2018-04-30,0.009201,0.010068,0.019091,0.006617,-0.000097,0.016523,0.017853,0.005476,0.016674,0.010424,0.005121,0.012878,-0.003698,-0.014741,0.002925,-0.016737,-0.024936,0.008303,0.021491,0.011439,-0.009670,0.031507,0.014912,-0.007609,0.041134,0.033115,-0.002531,0.004889,0.003830,-0.002794,-0.029567,-0.031389,0.001220,-0.002737,-0.014967,-0.016951,-0.007782,-0.007679,-0.023366,-0.003262,-0.008949,-0.010665,-0.022220,-0.032624,-0.006824,0.019134,0.011068,-0.002130,0.024690,0.017686,-0.012337,0.035791,0.031120,0.025573
2018-05-31,0.012842,0.007180,-0.006384,0.003259,0.000249,-0.014068,0.025902,0.023021,0.014840,0.018878,0.014057,0.014451,0.014719,0.013255,0.013731,-0.007821,-0.006406,0.006864,-0.003473,-0.005388,-0.008133,-0.002805,-0.004932,-0.005433,-0.023579,-0.024146,-0.030708,0.013632,0.014788,0.014751,0.017187,0.019046,0.018214,0.036509,0.035450,0.040343,0.000692,0.001569,0.005612,-0.000017,-0.000663,0.005903,-0.001774,-0.003649,0.021364,-0.006010,-0.005628,-0.001951,-0.016320,-0.014540,-0.012719,-0.003176,-0.004012,-0.010831
2018-06-30,-0.010649,-0.010576,-0.011695,0.010584,0.010584,0.009249,0.027345,0.027345,0.025022,0.000315,0.000330,-0.000597,0.015668,0.015668,0.015231,0.013536,0.013536,0.014272,0.007513,0.007513,0.006936,-0.013026,-0.013026,-0.014298,0.004863,0.004863,0.003870,0.002088,0.002088,0.002256,0.000601,0.000601,0.000863,0.020670,0.020670,0.019096,0.000637,0.000637,0.001120,0.011672,0.011672,0.010884,-0.012501,-0.012501,-0.012952,0.006463,0.006463,0.007201,0.002175,0.002175,0.003023,-0.003455,-0.003455,-0.004508
2018-07-31,-0.002363,-0.000979,-0.000598,0.004391,0.005909,0.005909,0.004879,0.004879,0.004879,-0.008724,-0.007142,-0.006781,-0.006552,-0.005214,-0.005214,-0.010258,-0.010258,-0.010258,-0.001470,-0.000209,-0.000209,-0.006405,-0.004402,-0.004402,-0.025480,-0.025480,-0.025480,-0.001058,0.000083,0.000083,0.008314,0.009557,0.009557,-0.012618,-0.012618,-0.012618,0.014373,0.015527,0.015527,0.014645,0.015879,0.015879,-0.015962,-0.014994,-0.014994,-0.002233,-0.002233,-0.002233,0.012986,0.012986,0.012986,-0.003267,-0.003267,-0.003267
2018-08-31,0.016595,0.018896,0.020697,0.036903,0.038435,0.039212,0.058394,0.058959,0.058959,0.022359,0.022499,0.024842,0.029164,0.028813,0.027364,0.033530,0.033530,0.033530,0.024334,0.026044,0.025943,0.021742,0.023247,0.022920,0.015378,0.018240,0.018240,-0.003153,-0.002454,-0.001821,-0.007741,-0.007611,-0.005939,0.027242,0.030338,0.030338,0.010135,0.010038,0.010870,0.016987,0.017272,0.019101,-0.017214,-0.016971,-0.013440,0.018206,0.018206,0.018206,0.027426,0.027426,0.027426,0.017605,0.017605,0.017605
2018-09-30,-0.003472,-0.001131,0.002346,-0.019283,-0.014978,-0.010921,-0.010043,-0.013427,-0.005797,0.008085,0.017878,0.017233,0.022704,0.037259,0.037081,0.061301,0.073984,0.073984,-0.002867,-0.010516,-0.006563,-0.021994,-0.023510,-0.021275,-0.016916,-0.020340,-0.014781,0.006652,0.007227,0.007415,0.014966,0.015566,0.015406,0.017120,0.013958,0.020666,0.019359,0.029231,0.029021,0.020930,0.036231,0.035632,0.035353,0.035353,0.034756,-0.005106,-0.004295,-0.004295,0.005422,0.005422,0.005422,-0.003555,-0.003244,-0.003244
2018-10-31,-0.013187,-0.012440,-0.013620,0.002731,0.003234,0.002827,0.026732,0.026732,0.025887,-0.031582,-0.030457,-0.032475,-0.044781,-0.043131,-0.047571,-0.048985,-0.047194,-0.046795,0.022043,0.023812,0.024606,0.045041,0.045197,0.054927,0.085851,0.085823,0.084924,-0.011535,-0.011158,-0.010881,0.001653,0.000476,0.006256,0.004921,0.004921,0.004331,-0.013583,-0.012879,-0.014653,-0.024736,-0.022923,-0.028955,-0.017968,-0.017968,-0.017968,0.019069,0.019719,0.020383,0.015668,0.017172,0.017172,0.063725,0.064184,0.081668
2018-11-30,0.006745,0.005968,0.005453,0.016961,0.016195,0.017008,0.003305,0.010356,0.010356,0.025255,0.026219,0.021459,0.048512,0.051019,0.044779,0.031522,0.041558,0.034464,0.007606,0.003952,0.008605,0.002348,-0.001684,-0.000584,0.040877,0.042425,0.036072,0.025366,0.022978,0.023295,0.004448,0.001687,0.000828,0.008800,0.008061,0.008061,0.023754,0.024970,0.020114,0.040056,0.040056,0.033859,0.031591,0.029869,0.029869,0.002048,0.000728,-0.000024,0.016986,0.014343,0.014504,0.003523,-0.001206,0.002130
2018-12-31,-0.010889,-0.011106,-0.013955,-0.020371,-0.019299,-0.020858,-0.037850,-0.042064,-0.032129,0.020680,0.025345,0.026203,0.024133,0.026515,0.032323,0.024543,0.036749,0.051308,-0.002108,-0.006480,-0.003657,-0.007480,-0.015402,-0.007688,-0.016195,-0.022253,-0.011390,0.000800,0.001383,-0.003498,0.011285,0.011409,0.003120,-0.021107,-0.026570,-0.026992,0.011772,0.011435,0.012651,0.019193,0.024497,0.024497,0.033385,0.045647,0.036385,-0.001604,-0.004979,-0.007350,-0.007125,-0.015440,-0.014189,0.005562,-0.013498,-0.008956
2019-01-31,0.025320,0.025320,0.025368,0.006260,0.005212,-0.007552,0.011126,0.000964,-0.005588,0.025164,0.024820,0.019017,0.024732,0.024163,0.015110,-0.023311,-0.024560,-0.042586,-0.001208,-0.004381,0.006158,-0.007930,-0.007990,0.003655,-0.015478,-0.015797,0.007635,0.037473,0.036893,0.038064,0.031293,0.031678,0.025760,0.004933,0.005900,0.001962,0.018660,0.017276,0.019770,0.029270,0.028268,0.024299,0.006909,0.003428,-0.004391,0.035459,0.031800,0.030953,0.039259,0.033931,0.046585,0.020320,0.006714,0.026106
2019-02-28,-0.004246,-0.002348,-0.002348,-0.022023,-0.016611,-0.014847,-0.007438,-0.006358,0.000941,0.008765,0.007330,0.005881,0.008078,0.008005,0.005282,0.047952,0.054201,0.054078,-0.020642,-0.018182,-0.016637,-0.025275,-0.025538,-0.025371,-0.045815,-0.048009,-0.047449,-0.013828,-0.015056,-0.015039,0.000660,-0.000217,-0.002623,-0.008341,-0.008341,-0.008270,0.007899,0.006603,0.008166,0.015754,0.011910,0.012230,0.032875,0.031187,0.039305,-0.020874,-0.019615,-0.017782,-0.035963,-0.035925,-0.034284,-0.028834,-0.032957,-0.025047
2019-03-31,0.004809,-0.000123,0.001373,-0.012332,-0.007708,-0.006801,-0.022108,-0.001678,0.000670,0.013629,0.002599,0.003071,0.012311,0.010289,0.012037,0.027888,0.035996,0.043963,-0.001534,0.013456,0.013496,0.002478,0.005877,0.007176,0.004761,0.042603,0.040383,0.009785,0.009587,0.010525,0.022467,-0.001087,-0.001258,0.027483,0.015549,0.015549,0.021734,0.016144,0.016036,0.028052,-0.000469,-0.000461,0.038171,-0.019582,-0.021447,-0.003663,0.006683,0.006735,0.002271,0.012115,0.012726,0.005099,0.014085,0.014781
2019-04-30,0.013334,0.013440,0.031047,0.000876,-0.002049,0.012476,0.026174,0.024043,0.019093,0.002867,0.001277,0.001612,0.012184,0.007908,-0.017422,-0.018056,-0.020484,-0.038762,0.016532,0.013385,0.016574,0.001702,-0.001322,0.017086,0.008090,-0.008822,0.019111,0.029083,0.025344,0.016356,0.016964,0.016104,0.015325,-0.001921,-0.000262,0.015837,-0.007588,-0.012546,-0.028448,0.006375,0.004274,-0.025053,0.002070,0.002421,-0.004313,0.012336,0.009466,0.013033,0.031791,0.029609,0.031694,-0.000407,-0.004797,0.047896
2019-05-31,-0.006460,-0.009444,-0.004982,0.007818,0.008279,0.012276,-0.012181,-0.011278,-0.008182,-0.017927,-0.018635,-0.015692,-0.010952,-0.011248,-0.008624,-0.011830,-0.013509,-0.003770,0.012933,0.013212,0.015806,0.027190,0.027262,0.034711,0.026055,0.027972,0.037408,-0.010983,-0.006689,-0.007217,-0.004020,-0.002550,0.002298,0.020662,0.024425,0.034875,-0.019952,-0.020281,-0.018648,-0.032299,-0.031499,-0.022865,-0.016125,-0.017981,0.000509,0.028087,0.028598,0.033081,0.038734,0.038982,0.045108,0.034668,0.036606,0.048430
2019-06-30,0.012149,0.012440,0.010736,0.007455,0.007455,0.007000,0.044224,0.044224,0.043282,0.018556,0.018556,0.016449,0.008041,0.008041,0.007746,0.020203,0.020203,0.022948,-0.006598,-0.006598,-0.008456,-0.023604,-0.023604,-0.023441,-0.015285,-0.015285,-0.009758,-0.002704,-0.002720,-0.001648,-0.016287,-0.016287,-0.013621,-0.013554,-0.013554,-0.007688,0.000351,0.000351,-0.000171,0.003874,0.003874,0.006351,0.011793,0.011793,0.015065,-0.017551,-0.017551,-0.017245,-0.031687,-0.031687,-0.031740,-0.046478,-0.046478,-0.041102
2019-07-31,-0.006488,-0.007167,-0.006999,-0.016619,-0.015704,-0.015704,0.005710,0.005710,0.005710,0.007709,0.005127,0.005127,0.021135,0.019736,0.019736,0.012351,0.009748,0.009748,-0.000199,0.002551,0.002551,-0.023548,-0.020737,-0.020737,-0.030141,-0.030141,-0.030141,-0.002976,-0.003966,-0.004118,-0.017384,-0.018903,-0.018903,-0.017237,-0.017237,-0.017237,0.000799,-0.001604,-0.001604,0.013033,0.009072,0.009072,0.042290,0.031724,0.031724,0.009316,0.008261,0.008261,-0.012543,-0.012543,-0.012543,-0.010016,-0.010016,-0.010016
2019-08-31,-0.012684,-0.015266,-0.016673,-0.013163,-0.015849,-0.015710,-0.027892,-0.027892,-0.027892,-0.012550,-0.013404,-0.017303,-0.013080,-0.015971,-0.020175,-0.039587,-0.040668,-0.049215,0.006969,0.005142,0.010429,-0.003359,-0.004608,0.000717,-0.014636,-0.016531,-0.016531,-0.011377,-0.012955,-0.014740,0.007638,0.006878,0.003074,0.053970,0.053407,0.053407,-0.022294,-0.023203,-0.026507,-0.015667,-0.018538,-0.024870,-0.018169,-0.025226,-0.041381,-0.020404,-0.020960,-0.024648,-0.021587,-0.021587,-0.021587,-0.040233,-0.040233,-0.040233
2019-09-30,0.004809,0.005764,0.000615,0.019462,0.016909,0.013340,0.002139,-0.003087,-0.003087,0.003182,0.006482,0.006357,0.004629,0.009940,0.006164,0.001051,-0.005537,-0.006043,0.024983,0.025990,0.021118,0.021165,0.016821,0.009370,0.026522,0.025929,0.012140,0.004939,0.005502,0.002606,-0.000856,-0.004562,-0.004694,-0.031375,-0.036864,-0.044695,-0.002456,0.000595,0.000380,0.005835,0.010381,0.006790,-0.019322,-0.017225,-0.025331,0.019103,0.018154,0.015052,0.022226,0.022993,0.022993,0.027311,0.028611,0.028611
2019-10-31,0.003558,0.005111,0.001314,0.008412,0.010581,0.003280,0.009389,0.008248,-0.002112,0.002416,0.001797,0.006224,-0.007961,-0.008413,-0.004944,-0.013733,-0.014978,-0.027263,-0.009567,-0.007498,-0.012567,-0.002765,-0.002542,-0.014444,-0.021036,-0.021036,-0.018520,-0.019928,-0.018779,-0.022071,-0.023131,-0.023527,-0.029676,-0.008999,-0.009530,-0.021370,-0.015146,-0.016003,-0.011611,-0.014773,-0.015209,-0.012125,-0.017261,-0.021176,-0.028778,-0.036340,-0.036073,-0.036620,-0.032566,-0.032706,-0.032764,-0.029352,-0.030103,-0.025820
2019-11-30,0.005100,0.007531,0.008893,0.017070,0.019888,0.020914,0.003310,0.003310,0.001790,0.009827,0.009333,0.011075,-0.004163,-0.004163,-0.003530,-0.013793,-0.013793,-0.015898,0.012082,0.018256,0.019716,0.015165,0.026003,0.023846,0.024359,0.037358,0.037358,0.011404,0.013379,0.015588,-0.004773,-0.003468,-0.003031,-0.011345,-0.008914,-0.010345,0.020290,0.019975,0.021910,0.003581,0.003581,0.004238,-0.040368,-0.044405,-0.050306,0.009777,0.013767,0.014015,0.024920,0.030337,0.030966,-0.001982,0.008701,0.010590
2019-12-31,0.014567,0.015404,0.012865,0.023543,0.020940,0.013806,0.032688,0.026330,0.026330,0.012419,0.013064,0.011483,0.021800,0.022034,0.022034,0.026201,0.026201,0.026201,0.001581,-0.000769,0.006424,0.006225,-0.002040,0.003399,-0.009837,-0.026481,-0.027632,0.005473,0.004386,0.007439,0.009936,0.012921,0.018337,0.028227,0.030406,0.030794,-0.003392,-0.001786,-0.003504,0.005889,0.006722,0.006722,0.018217,0.016967,0.016807,-0.013446,-0.018392,-0.013187,-0.029229,-0.031697,-0.028612,-0.027639,-0.026690,-0.027065
2020-01-31,0.007183,0.004373,0.001699,-0.003759,-0.007740,-0.012508,0.000363,-0.001823,-0.008097,0.002697,0.002116,0.002577,0.023417,0.017280,0.017264,0.031531,0.022355,0.022355,0.004233,0.004215,0.005580,0.009697,0.013609,0.009544,-0.022652,-0.015982,-0.025183,0.001276,0.000175,-0.000268,0.005068,0.004303,0.007051,-0.010063,-0.009285,-0.004165,-0.015387,-0.019447,-0.021980,0.012511,0.005557,0.005390,0.049247,0.039385,0.043869,-0.027340,-0.029384,-0.025699,-0.049799,-0.049506,-0.049302,-0.021121,-0.026341,-0.027913
2020-02-29,-0.001320,0.001601,0.003504,0.000371,-0.002276,0.001600,0.003088,-0.000131,0.010363,0.017349,0.015542,0.015200,0.009378,0.005900,0.009358,-0.043342,-0.038030,-0.029901,-0.006215,-0.011179,-0.013211,0.005739,0.008753,0.004017,0.006973,0.017685,0.012208,-0.005999,-0.006348,-0.006649,-0.009628,-0.004535,-0.004297,0.019635,0.019635,0.019701,0.002026,0.002927,0.006274,0.004200,0.006446,0.011374,0.000978,0.004837,0.011648,-0.030958,-0.031915,-0.033586,-0.034847,-0.031027,-0.031443,-0.026593,-0.015248,-0.012048
2020-03-31,-0.049131,-0.019255,-0.026488,-0.089995,-0.036033,-0.040756,-0.127650,-0.039618,-0.037010,0.058306,0.048157,0.032989,0.056716,0.067088,0.044658,0.048368,-0.007946,0.004301,-0.038229,-0.010209,-0.025489,-0.070718,-0.010461,0.001032,-0.028474,-0.034779,-0.017166,-0.049720,-0.027748,-0.025355,-0.055625,-0.031560,-0.024556,0.014158,0.021237,0.021237,0.019478,0.044079,0.042913,0.018418,0.011078,0.013031,0.021130,0.015905,0.018793,-0.068298,-0.063279,-0.060396,-0.011982,-0.067499,-0.062484,-0.003621,-0.063505,-0.053463
2020-04-30,0.021009,0.030999,0.054370,0.009721,0.026177,0.061255,0.048755,0.045618,0.075714,-0.019453,-0.024572,0.014609,-0.006257,-0.010370,0.026969,-0.016941,-0.024394,0.050167,0.008029,0.021685,0.059765,0.017264,0.032756,0.044061,0.011262,0.006459,0.037124,0.008319,0.020197,0.033082,0.006191,0.012346,0.033363,-0.016112,-0.007820,0.025125,-0.017964,-0.026463,-0.019253,-0.037365,-0.047972,-0.008822,0.009356,0.014848,-0.008353,-0.013031,0.003152,0.012305,-0.035630,-0.033735,0.010582,-0.009867,-0.003510,0.017016
2020-05-31,0.021569,0.018413,0.021910,0.027143,0.024053,0.029209,0.026419,0.027386,0.025992,0.047213,0.045513,0.040471,0.068572,0.067547,0.067254,0.050706,0.048115,0.031451,-0.019888,-0.019548,-0.011572,0.003110,-0.000001,0.007476,-0.002000,-0.002000,-0.001384,0.008546,0.009212,0.014548,0.036326,0.035746,0.035019,0.037614,0.036434,0.036295,0.041435,0.041653,0.034155,0.072125,0.071016,0.066549,0.072242,0.069854,0.066850,-0.034209,-0.035877,-0.029105,-0.026966,-0.030521,-0.031738,0.009445,0.002939,-0.001735
2020-06-30,-0.001501,-0.001501,-0.001445,0.004754,0.004754,0.004817,0.036106,0.036106,0.033045,0.002396,0.002396,0.001179,0.001205,0.001205,-0.000695,0.027236,0.027236,0.022995,-0.018855,-0.018855,-0.019416,-0.018799,-0.018799,-0.018704,-0.010753,-0.010753,-0.010753,0.022944,0.022944,0.021896,0.016391,0.016391,0.015492,0.030371,0.030371,0.029006,0.004975,0.004975,0.003768,-0.002409,-0.002409,-0.004711,0.025851,0.025851,0.022635,-0.009344,-0.009344,-0.010126,-0.033237,-0.033237,-0.033785,-0.034291,-0.034291,-0.036026
2020-07-31,0.019064,0.021160,0.021160,-0.006193,-0.004119,-0.004119,-0.029000,-0.025931,-0.025931,0.031973,0.033421,0.033421,0.032820,0.032571,0.032571,0.082106,0.078673,0.078673,0.021372,0.021372,0.021372,0.015908,0.021473,0.021473,0.053245,0.066281,0.066281,0.016723,0.018090,0.018090,0.035283,0.037815,0.037815,0.034332,0.040077,0.040077,0.002132,0.003573,0.003573,0.005784,0.005891,0.005891,0.063111,0.059299,0.059299,0.001011,0.005116,0.005116,0.009250,0.014673,0.014673,0.111846,0.124875,0.124875
2020-08-31,-0.033200,-0.030823,-0.027815,-0.050708,-0.046039,-0.042350,-0.011391,-0.012266,-0.012588,0.003556,0.005892,0.008445,0.006437,0.011338,0.013594,-0.013235,-0.013409,-0.007231,-0.036158,-0.034521,-0.034521,-0.028868,-0.029193,-0.027363,0.018717,0.018321,0.024032,-0.009902,-0.016308,-0.015275,-0.010180,-0.006407,-0.004875,-0.058600,-0.049218,-0.048345,-0.003477,-0.001076,0.001551,-0.008877,-0.003935,-0.001902,-0.004496,0.005129,0.009513,-0.060485,-0.058076,-0.052809,-0.071141,-0.071324,-0.068977,0.034259,0.032916,0.038708
2020-09-30,-0.010470,-0.010516,-0.006824,0.000696,0.000339,0.006233,0.016014,0.016014,0.015197,0.009949,0.012531,0.016400,0.001870,0.001947,0.010587,-0.002244,0.000124,0.003578,0.006400,0.006986,0.011759,0.008573,0.005998,0.006003,0.017143,0.016762,0.017032,0.003225,0.002415,-0.001996,0.006486,0.009128,0.014768,0.019006,0.025605,0.035014,-0.017757,-0.015357,-0.011029,-0.005258,-0.004691,0.004383,-0.000487,-0.002954,0.009440,0.004202,0.004493,0.009112,0.008937,0.011687,0.011884,0.007704,0.009671,0.010141
2020-10-31,0.013777,0.016134,0.015196,0.009792,0.012432,0.011224,0.017556,0.017556,0.017556,-0.002071,-0.001328,0.001699,-0.001536,0.000251,0.001574,-0.020259,-0.023705,-0.020091,0.018462,0.020286,0.020398,0.016268,0.016496,0.014777,0.001379,-0.000061,-0.004427,0.022462,0.024147,0.023939,0.020266,0.022081,0.023951,0.021412,0.025179,0.028595,-0.029063,-0.029153,-0.027850,-0.021022,-0.019042,-0.016633,-0.036562,-0.025135,-0.022200,0.021368,0.022682,0.020919,0.035674,0.034017,0.034164,0.007360,0.005302,0.002968
2020-11-30,0.003760,0.009271,0.007034,0.019122,0.029379,0.027833,0.064499,0.068989,0.068989,-0.029992,-0.033212,-0.033497,-0.027725,-0.020174,-0.020264,-0.049000,-0.044361,-0.031665,0.022646,0.024048,0.021996,0.039436,0.040581,0.040583,0.048188,0.048188,0.046884,0.014204,0.014882,0.013054,0.004001,0.007738,0.005667,-0.019649,-0.015515,-0.019310,-0.001054,-0.004051,-0.004267,-0.015689,-0.017903,-0.018278,-0.005511,0.000136,-0.018648,0.023245,0.024612,0.022138,0.027439,0.027907,0.027415,0.007308,0.007308,0.005722
2020-12-31,0.002318,0.004297,0.005415,0.006910,0.010330,0.012780,0.057528,0.035605,0.033509,-0.002727,0.000237,-0.004152,-0.000087,0.003757,0.006069,-0.025374,-0.024546,-0.021443,0.008114,0.007245,0.001652,-0.017452,-0.020480,-0.021892,-0.011629,-0.032800,-0.032800,0.006577,0.005541,0.000897,0.009911,0.008915,0.004594,0.022864,0.020446,0.017324,0.003590,0.002133,-0.001949,-0.016219,-0.017172,-0.024005,0.006705,0.005175,-0.007498,0.000813,0.005631,0.003588,-0.013163,-0.004385,-0.007306,-0.014631,-0.014631,-0.014631
2021-01-31,-0.000915,-0.002625,-0.003263,-0.017335,-0.016496,-0.012414,-0.022673,-0.021070,-0.004542,-0.003321,-0.004429,-0.009805,0.010121,0.015563,0.004806,0.029544,0.029544,0.029101,0.019949,0.021247,0.026086,0.025323,0.027613,0.031585,0.000546,0.014741,0.025612,-0.009204,-0.010610,-0.009233,-0.024487,-0.026037,-0.017896,-0.007151,-0.006427,0.008374,-0.010258,-0.011448,-0.012142,-0.009742,-0.016482,-0.020329,0.021122,0.021122,0.023791,-0.005246,-0.010605,-0.008938,-0.012019,-0.013754,-0.013778,-0.017636,-0.017636,-0.017636
2021-02-28,0.034109,0.030769,0.031583,0.049234,0.045352,0.051237,0.101202,0.101202,0.097901,-0.009231,-0.011689,-0.010646,-0.033428,-0.035116,-0.024748,-0.072368,-0.072368,-0.072368,-0.003021,-0.005079,0.001436,-0.010387,-0.013856,-0.003152,0.017553,0.029529,0.041615,0.048737,0.049157,0.048900,0.065613,0.069376,0.060776,0.065571,0.065571,0.063909,0.041433,0.041015,0.036420,0.021110,0.019957,0.012414,-0.039631,-0.039631,-0.039631,0.030178,0.029328,0.031810,0.024507,0.017675,0.018702,-0.015773,-0.019603,-0.019603
2021-03-31,0.021167,0.010626,0.001923,0.015884,0.011075,0.003826,-0.005315,-0.026337,-0.026337,0.000719,0.001386,-0.004121,-0.009236,-0.014690,-0.012095,-0.004596,-0.025779,-0.025779,0.005420,0.007222,-0.001243,0.034420,0.005817,-0.003131,0.018662,0.011471,0.023999,-0.004540,0.000179,-0.000707,0.005471,-0.006190,-0.005735,-0.009378,-0.002255,-0.002255,0.000397,-0.009185,-0.008757,0.016665,0.000797,0.005060,0.011486,-0.003621,-0.003621,0.021874,0.026853,0.024213,0.024715,0.035113,0.031905,0.018586,0.019419,0.024539
2021-04-30,0.025427,0.024142,0.016774,0.020657,0.019966,0.015617,0.004871,0.008811,0.018749,0.033512,0.032506,0.015915,0.032427,0.035644,0.008648,0.033946,0.031184,0.031877,0.033316,0.027974,0.022163,0.025648,0.026547,0.022672,0.020766,0.026636,0.024730,0.023925,0.022282,0.023646,0.015030,0.015151,0.033474,0.012759,0.013634,0.023589,0.023230,0.022511,0.008694,-0.002232,0.002177,0.002859,0.005300,0.007443,0.002840,0.020121,0.013149,0.004821,0.030227,0.027234,-0.002483,0.030624,0.020098,0.023813
2021-05-31,-0.002541,-0.001231,-0.005329,0.000003,0.000592,-0.007684,-0.011089,-0.014783,-0.019900,-0.013952,-0.015960,-0.016545,-0.036744,-0.039713,-0.037485,-0.043039,-0.044616,-0.028598,-0.009033,-0.009187,-0.007193,0.000060,0.001612,0.000672,0.000643,0.000643,0.004069,0.004411,0.002534,0.001656,0.001765,-0.000355,-0.005550,-0.007544,-0.010953,-0.014183,-0.011840,-0.014083,-0.009721,-0.025313,-0.027884,-0.025790,-0.045068,-0.044903,-0.047891,0.023660,0.022983,0.023760,0.006566,0.007394,0.006877,-0.013282,-0.011374,-0.016882
2021-06-30,0.010505,0.010505,0.010268,0.003121,0.003121,0.002961,0.009488,0.009488,0.009414,-0.004983,-0.004983,-0.006167,0.002963,0.002963,0.001767,-0.012124,-0.012124,-0.010245,0.013690,0.013690,0.014150,-0.003599,-0.003599,-0.004694,-0.022073,-0.022073,-0.022073,0.006647,0.006647,0.006343,-0.001937,-0.001937,-0.002615,0.010654,0.010654,0.008056,0.006269,0.006269,0.005572,-0.009612,-0.009612,-0.011106,-0.034296,-0.034296,-0.034767,-0.002156,-0.002156,-0.001676,-0.010190,-0.010190,-0.009768,-0.022100,-0.022100,-0.023138
2021-07-31,0.012840,0.011761,0.011761,0.017095,0.017095,0.017095,0.025701,0.034396,0.034396,0.027763,0.029990,0.029990,0.036070,0.035445,0.035445,0.017054,0.017054,0.017054,0.008190,0.008190,0.008190,0.013905,0.013905,0.013905,0.003165,0.003165,0.003165,0.026064,0.029853,0.029853,0.021085,0.025026,0.025026,0.019816,0.027416,0.027416,0.020422,0.025850,0.025850,0.016272,0.016272,0.016272,0.007478,0.007478,0.007478,0.010874,0.010874,0.010874,0.011013,0.011013,0.011013,0.018640,0.018640,0.018640
2021-08-31,0.004806,0.005967,0.005953,0.001016,-0.001503,-0.001503,-0.020244,-0.024492,-0.023539,0.019714,0.020688,0.020682,0.022241,0.024622,0.026170,0.028474,0.033070,0.033070,0.010514,0.008891,0.008891,0.010986,0.003963,0.003963,0.033375,0.026327,0.026327,0.023131,0.022109,0.020853,0.015573,0.014974,0.013967,-0.010944,-0.005877,-0.006303,0.000012,0.000338,-0.000275,0.003395,0.003743,0.003743,0.014257,0.016149,0.016149,0.017515,0.013264,0.013264,0.012062,0.009829,0.009829,0.035496,0.030431,0.030431
2021-09-30,-0.019778,-0.019516,-0.022420,-0.012499,-0.012842,-0.019788,-0.011241,-0.012664,-0.024678,-0.023981,-0.023942,-0.025563,-0.017353,-0.017142,-0.021490,-0.050134,-0.049667,-0.060983,-0.007004,-0.006908,-0.012509,0.002233,0.003486,-0.007655,0.012748,0.016471,0.003426,-0.027628,-0.027045,-0.030581,-0.045652,-0.041418,-0.048409,-0.027398,-0.028970,-0.030978,-0.011237,-0.010817,-0.011636,-0.011328,-0.011018,-0.013134,-0.043057,-0.042541,-0.050340,-0.009254,-0.008539,-0.016832,-0.001619,-0.001858,-0.010743,0.020789,0.019078,0.006657
2021-10-31,0.028609,0.030706,0.029270,0.026356,0.030349,0.027971,0.018051,0.026525,0.022584,0.015923,0.012793,0.013200,0.032012,0.030203,0.031215,0.012575,0.012575,0.014068,0.013732,0.014049,0.018818,-0.001540,-0.001387,-0.004022,0.028961,0.027308,0.018792,0.030102,0.028417,0.031473,0.020895,0.014759,0.013902,0.034301,0.026271,0.032083,0.007443,0.004306,0.007467,0.014061,0.006847,0.007013,0.026284,0.021586,0.021578,0.014860,0.011240,0.015197,0.005926,0.008193,0.013245,0.002034,0.002404,-0.002699
2021-11-30,-0.023214,-0.024626,-0.021676,-0.034319,-0.034622,-0.029377,-0.038476,-0.022816,-0.014818,-0.014059,-0.021199,-0.024603,-0.035816,-0.034994,-0.034503,-0.001411,-0.001411,-0.001411,0.011243,0.019880,0.018682,-0.020612,-0.014821,-0.014256,-0.070155,-0.070155,-0.068668,0.005896,0.004088,0.002453,-0.016863,-0.007806,-0.011448,0.004679,-0.001404,-0.010198,0.001310,-0.004539,-0.008500,-0.032092,-0.032814,-0.038473,-0.039665,-0.030306,-0.032833,-0.004715,0.000416,-0.004273,-0.023560,-0.017846,-0.018787,-0.030370,-0.021479,-0.018854
2021-12-31,-0.014096,-0.014962,-0.016706,-0.000147,0.001851,0.003223,-0.014727,-0.000857,0.004485,0.001829,0.001730,0.000021,0.003737,0.001594,0.001594,-0.021809,-0.022961,-0.022961,-0.037572,-0.038525,-0.037339,-0.027841,-0.030139,-0.031601,-0.061484,-0.065107,-0.065107,-0.015392,-0.014495,-0.010143,-0.020017,-0.017335,-0.013839,,0.020938,0.013307,-0.010677,-0.009311,-0.007588,-0.000505,-0.001119,0.003483,0.006598,0.004532,0.006799,-0.000348,0.001627,0.000925,-0.013672,-0.016577,-0.017077,-0.066435,-0.069239,-0.071418
2022-01-31,0.007267,0.012868,0.016100,0.035874,0.042979,0.040662,0.031823,0.033095,0.040028,-0.046361,-0.038757,-0.038092,-0.060052,-0.060912,-0.049769,-0.082631,-0.083550,-0.074329,0.020278,0.022880,0.014815,0.041919,0.048751,0.044832,0.015850,0.033440,0.023922,-0.043294,-0.033852,-0.035244,-0.012517,0.003406,0.002543,,,0.010913,-0.044833,-0.040478,-0.043915,-0.026679,-0.022945,-0.026196,-0.027123,-0.028248,-0.019796,-0.002684,0.001044,0.000449,0.014777,0.026899,0.023787,-0.030666,-0.003180,-0.008622
2022-02-28,-0.004423,-0.025227,-0.023896,0.015513,0.000524,0.002002,-0.009244,0.003252,0.004645,0.006022,-0.003413,-0.004771,-0.004887,-0.005588,-0.005636,-0.014851,-0.014851,-0.014367,0.012761,0.001366,0.000061,0.002216,-0.016537,-0.017285,-0.013191,-0.013540,-0.015170,-0.023171,-0.042508,-0.044617,-0.009591,-0.013161,-0.015662,-0.007493,,,0.000988,0.000178,-0.001729,0.006358,0.012588,0.010879,0.004548,0.018983,0.018877,0.003900,-0.003114,-0.003500,-0.005624,0.000759,-0.003132,-0.021738,-0.021624,-0.026542
2022-03-31,0.004941,0.011876,0.021597,0.013737,0.004187,0.013300,-0.017567,0.000294,0.012017,0.004619,-0.004882,-0.000066,-0.000099,-0.011233,-0.011882,0.016327,-0.029610,-0.029610,-0.028158,-0.013978,-0.011935,-0.034887,-0.051585,-0.040483,-0.054432,-0.051405,-0.049271,0.015060,0.008769,0.010071,0.038242,0.017509,0.018634,0.072305,0.022611,,0.013759,-0.013556,-0.018603,0.029765,0.003246,-0.001577,0.017540,0.026693,0.019112,-0.032857,-0.031186,-0.025619,-0.030439,-0.028245,-0.022260,-0.010547,-0.043324,-0.039117
2022-04-30,-0.000456,-0.014034,-0.023447,-0.002657,-0.012527,-0.018797,-0.049417,-0.029974,-0.031117,-0.052578,-0.057867,-0.030239,-0.056755,-0.065013,-0.025392,-0.055256,-0.083130,-0.040214,-0.003912,-0.009266,-0.026672,-0.011018,-0.030801,-0.001769,-0.021812,-0.011226,-0.009048,-0.021481,-0.034527,-0.028841,-0.008821,-0.029078,-0.064649,0.009323,-0.041484,-0.110543,-0.032676,-0.038113,0.002284,-0.046431,-0.056471,-0.003378,-0.050372,-0.082272,-0.028659,-0.014552,-0.020028,-0.018142,-0.018739,-0.031470,-0.020111,0.014306,-0.014696,-0.033449
2022-05-31,-0.024324,-0.022595,-0.012999,-0.023848,-0.020485,-0.002807,-0.012647,-0.009943,0.029741,-0.046060,-0.044920,-0.040320,-0.063319,-0.060596,-0.065882,-0.093953,-0.089337,-0.099711,-0.008955,-0.007778,-0.010176,-0.007712,-0.004836,-0.009899,-0.012510,-0.009947,-0.022220,-0.035062,-0.032440,-0.018266,-0.034581,-0.032845,-0.023612,-0.023367,-0.021081,0.004117,-0.045226,-0.043264,-0.047632,-0.059652,-0.060756,-0.058861,-0.099256,-0.097160,-0.105342,0.008092,0.008233,0.001801,0.017071,0.018514,0.006535,-0.007215,-0.001061,-0.005840
2022-06-30,-0.005686,-0.005686,-0.005188,-0.026867,-0.026867,-0.032625,-0.072303,-0.072303,-0.082773,-0.001488,-0.001488,-0.005005,0.008646,0.008646,0.001280,0.050558,0.050558,0.048558,-0.014546,-0.014546,-0.019004,-0.004602,-0.004602,-0.004792,0.026629,0.026629,0.026320,-0.002744,-0.002744,-0.002210,0.007490,0.007490,0.001410,0.028140,0.028140,0.017250,-0.025602,-0.025602,-0.025403,-0.002156,-0.002156,-0.008210,0.058803,0.058803,0.057127,-0.014558,-0.014558,-0.015784,-0.009426,-0.009426,-0.011526,0.038045,0.038045,0.035833
2022-07-31,0.015827,0.018492,0.018492,0.026236,0.027080,0.027080,0.056631,0.056631,0.056631,0.043229,0.043229,0.043229,0.031017,0.027647,0.027647,0.002629,0.002629,0.002629,0.011190,0.011190,0.011190,0.032315,0.032315,0.032315,0.015095,0.015095,0.015095,0.028254,0.029883,0.029883,0.022761,0.022761,0.022761,0.040459,0.040459,0.040459,0.053936,0.051778,0.051778,0.033863,0.033863,0.033863,0.024314,0.024314,0.024314,0.023412,0.023412,0.023412,0.004291,0.004291,0.004291,-0.002459,0.001211,0.001211
2022-08-31,-0.001138,0.003599,0.004000,-0.005268,-0.000643,-0.001070,0.012306,0.022400,0.022400,-0.021338,-0.017833,-0.017833,-0.006540,0.000299,-0.000808,-0.018338,-0.011504,-0.011504,0.000683,0.006122,0.006122,0.013679,0.019494,0.019494,0.036582,0.044409,0.044409,0.011597,0.013147,0.013453,0.014930,0.018909,0.018909,0.020377,0.020377,0.020377,-0.018336,-0.018191,-0.017662,-0.040887,-0.034242,-0.034242,-0.033944,-0.023325,-0.023325,0.015105,0.015105,0.015105,0.014853,0.019471,0.019471,0.000821,0.006686,0.007345
2022-09-30,-0.004169,-0.003498,0.010288,0.016882,0.016301,0.029260,0.024236,0.023557,0.049815,-0.007395,-0.005636,0.002645,-0.002308,-0.002259,0.012873,0.074733,0.071988,0.073596,-0.017489,-0.021466,-0.007842,-0.015310,-0.015337,0.006260,-0.024868,-0.024827,0.002624,0.004390,0.003841,0.010846,0.034047,0.037405,0.049952,0.096002,0.104224,0.104224,-0.009546,-0.009565,-0.009996,-0.017784,-0.015433,0.000749,0.019862,0.027858,0.039998,-0.018430,-0.020298,-0.020298,-0.025557,-0.025455,-0.011374,0.007064,0.004341,0.028995
2022-10-31,-0.002219,-0.003078,-0.000890,-0.005290,-0.005290,-0.004791,-0.007728,-0.006046,-0.005729,-0.064877,-0.064944,-0.064920,-0.054936,-0.054936,-0.055036,-0.070621,-0.070621,-0.068640,0.012832,0.017427,0.016072,0.001406,0.004041,0.004001,0.073189,0.073189,0.073427,-0.050748,-0.050782,-0.050433,-0.060496,-0.062209,-0.061924,-0.070687,-0.073637,-0.074959,-0.068571,-0.067049,-0.067445,-0.080288,-0.079498,-0.080232,-0.113425,-0.117052,-0.118832,0.005997,0.009039,0.008512,0.007241,0.008163,0.007897,-0.003191,-0.004505,0.001211
2022-11-30,0.013232,0.015761,0.015195,0.007904,0.012885,0.012885,0.034442,0.046451,0.045243,0.009394,0.009056,0.007348,-0.002267,0.000817,0.000817,0.014225,0.014793,0.014793,0.002771,0.002773,0.004602,-0.014850,-0.014516,-0.013394,-0.045848,-0.041896,-0.041896,0.024152,0.024159,0.023349,0.018611,0.018806,0.017779,0.033027,0.033027,0.032109,0.015341,0.015566,0.014201,-0.004791,-0.005655,-0.009150,-0.014582,-0.010617,-0.013608,0.013189,0.013865,0.014783,0.003020,0.012815,0.015810,-0.036327,-0.015933,-0.015035
2022-12-31,0.018900,0.021481,0.024107,-0.022776,-0.009059,-0.000606,-0.042611,-0.022907,-0.025973,-0.008995,-0.007688,-0.008840,-0.012022,-0.010761,-0.011235,-0.010717,-0.006121,-0.010969,0.020295,0.024807,0.026204,-0.010801,-0.002386,-0.001767,-0.016800,-0.001190,0.005505,0.026146,0.026732,0.026516,0.024915,0.020523,0.020284,0.024281,0.024281,0.024281,-0.006669,-0.006149,-0.002115,-0.000186,-0.000304,0.004671,-0.008355,-0.015101,-0.012139,0.021026,0.019647,0.022223,0.026203,0.031262,0.033391,0.002507,0.020219,0.029982
2023-01-31,-0.024468,-0.018159,-0.021817,-0.000362,0.006948,-0.020286,0.069332,0.065587,0.018481,0.011510,0.015159,0.012321,0.006583,0.009343,0.013298,-0.026332,-0.023412,-0.040883,-0.030088,-0.031720,-0.039085,-0.001798,-0.005039,-0.022252,-0.022584,-0.016648,-0.036788,-0.012667,-0.011427,-0.017352,-0.032765,-0.033594,-0.032480,-0.052458,-0.062495,-0.062495,-0.000919,-0.001327,-0.006834,-0.010125,-0.009463,-0.007506,-0.039105,-0.046306,-0.029210,-0.044446,-0.047887,-0.046252,-0.041735,-0.039780,-0.047941,-0.047315,-0.031197,-0.050815
2023-02-28,0.005035,0.006849,0.005328,0.014091,0.011266,0.008658,0.032386,0.014718,0.015889,0.026536,0.020470,0.019801,0.021876,0.018860,0.017307,0.037795,0.036620,0.033059,0.008517,0.005387,0.007234,-0.005963,-0.007853,-0.008545,-0.014713,-0.015133,-0.020805,0.015102,0.021033,0.020312,0.018585,0.028914,0.032414,-0.004837,0.006276,0.011345,0.025641,0.019482,0.019002,0.021366,0.010334,0.010604,0.022380,0.015369,0.017775,-0.014998,-0.017643,-0.015016,-0.018088,-0.017535,-0.017253,-0.066640,-0.059674,-0.059159
2023-03-31,-0.018779,-0.020103,-0.017766,-0.029767,-0.033723,-0.018461,-0.086773,-0.092484,-0.053047,0.002945,-0.012538,-0.005315,0.016971,-0.020408,-0.013131,0.018612,-0.016158,-0.014653,-0.028192,-0.041824,-0.038289,-0.027304,-0.056822,-0.057683,-0.015285,-0.089740,-0.090425,-0.035489,-0.025562,-0.031201,-0.050927,-0.032710,-0.039919,-0.044431,-0.020797,-0.027409,0.006992,-0.014210,-0.007587,0.026125,-0.008654,0.001437,0.018352,0.004657,0.009482,-0.036894,-0.038146,-0.035458,-0.019627,-0.041020,-0.040736,-0.027672,-0.028305,-0.026557
2023-04-30,0.000630,0.002768,0.018522,0.008160,-0.002182,0.009572,0.028715,0.017038,0.026757,0.000561,-0.002597,-0.010617,-0.002092,-0.004817,0.000041,0.000433,-0.009446,-0.011396,0.004417,0.004213,0.006050,-0.010462,-0.012379,-0.002624,-0.023488,-0.020258,-0.024414,-0.002304,-0.003195,-0.006775,-0.006791,-0.015123,-0.015555,0.032670,0.029194,0.021881,0.000866,-0.004840,-0.016806,0.008890,0.005229,0.003386,-0.012166,-0.019792,-0.021643,0.007004,0.005637,0.019745,-0.017108,-0.013084,-0.001879,-0.021375,-0.018709,-0.038694
2023-05-31,0.044483,0.043237,0.028176,0.042230,0.039950,0.024218,0.022517,0.022517,0.015228,0.017466,0.017997,0.018431,0.060864,0.060845,0.062583,0.155167,0.149440,0.117699,-0.025974,-0.026095,-0.026161,-0.051051,-0.051051,-0.055272,-0.007646,-0.007646,-0.015812,0.040563,0.040563,0.041533,0.047672,0.045390,0.033944,0.024662,0.020586,-0.006863,0.048141,0.048696,0.046037,0.042854,0.042854,0.042543,0.045883,0.045883,0.049885,-0.049971,-0.050244,-0.047639,-0.033562,-0.033329,-0.034427,-0.056943,-0.056943,-0.071355
2023-06-30,0.015745,0.015745,0.016252,0.003880,0.003880,0.001700,0.003944,0.003944,0.003944,0.006115,0.006115,0.007140,0.003233,0.003233,0.003038,0.034379,0.034379,0.029182,-0.009234,-0.009234,-0.009010,-0.013044,-0.013044,-0.013044,-0.005505,-0.005505,-0.005505,0.015127,0.015127,0.015127,0.013770,0.013770,0.011736,-0.024323,-0.024323,-0.027980,0.008436,0.008436,0.009578,0.014641,0.014641,0.014641,0.001340,0.001340,0.001340,-0.005116,-0.005116,-0.004880,-0.008666,-0.008666,-0.004390,-0.020144,-0.020144,-0.020144
2023-07-31,0.022567,0.022567,0.022567,0.022749,0.022749,0.022749,0.043878,0.043878,0.043878,0.028180,0.028180,0.028180,0.038647,0.038647,0.038647,0.063229,0.063229,0.063229,0.003902,0.002515,0.002515,0.010709,0.008187,0.008187,0.038818,0.032952,0.032952,0.013886,0.013886,0.013886,0.025704,0.025704,0.025704,0.014408,0.014408,0.014408,0.009561,0.010955,0.010955,0.027255,0.027255,0.027255,0.001310,0.001310,0.001310,-0.013178,-0.013178,-0.013178,-0.003245,-0.003245,-0.003245,0.013299,0.017457,0.017457
2023-08-31,-0.043153,-0.042554,-0.042554,-0.026010,-0.026010,-0.026010,-0.044335,-0.044335,-0.044335,-0.044794,-0.045571,-0.045571,-0.066671,-0.066861,-0.066861,-0.053842,-0.053347,-0.053347,-0.024280,-0.023917,-0.021941,-0.039636,-0.039022,-0.035357,-0.050425,-0.049253,-0.039826,-0.034830,-0.035374,-0.035374,-0.030549,-0.030549,-0.030549,-0.028449,-0.028449,-0.028449,-0.030350,-0.030099,-0.028794,-0.046542,-0.045515,-0.045515,-0.030800,-0.030800,-0.030800,0.005263,0.005263,0.005263,-0.022525,-0.026631,-0.026631,-0.049267,-0.050501,-0.058558
2023-09-30,-0.003104,-0.003234,-0.001165,-0.012849,-0.010422,-0.010422,-0.017629,-0.012608,-0.012608,0.006121,0.004361,0.006770,0.020649,0.022206,0.025892,0.033998,0.033247,0.037413,0.005661,0.010386,0.010432,0.013627,0.013627,0.013661,0.006525,0.006525,0.006502,-0.005652,-0.005708,-0.005509,-0.011500,-0.013973,-0.013973,0.003232,-0.001677,-0.001677,0.006108,0.006126,0.006003,0.022429,0.019412,0.019095,0.007313,-0.000170,-0.000170,0.002492,0.002492,0.002492,0.001204,0.001910,0.005829,0.012080,0.012080,0.012192
2023-10-31,0.002251,0.003850,0.004118,0.007705,0.008792,0.012061,-0.016689,-0.018253,-0.013980,-0.006970,-0.006601,-0.008379,0.017236,0.017029,0.016985,0.030130,0.030130,0.030022,-0.001348,-0.000432,0.002154,0.012423,0.017773,0.017773,0.015036,0.015036,0.015036,0.012983,0.015099,0.015891,0.005180,0.007571,0.002256,0.024202,0.025348,0.014540,0.000032,0.001143,0.001867,0.007226,0.010008,0.005059,0.001383,0.003471,-0.004529,0.010157,0.011493,0.011493,0.026800,0.026584,0.025759,0.020172,0.020172,0.020172
2023-11-30,0.018658,0.018732,0.021547,0.025742,0.028015,0.022440,0.028208,0.035244,0.032832,0.022903,0.021211,0.022378,0.037810,0.035247,0.035940,0.052192,0.048434,0.048434,0.003770,0.004226,0.005656,0.006094,0.006268,0.010728,0.026730,0.025675,0.025675,0.019970,0.020048,0.023381,0.011064,0.011987,0.010519,-0.031894,-0.034247,-0.030903,0.020178,0.019623,0.017182,0.009716,0.007737,0.018439,0.018125,0.011176,0.013546,-0.009152,-0.008957,-0.003534,0.006514,0.007497,0.008220,0.021691,0.027673,0.027673
2023-12-31,0.006913,0.010264,0.006687,0.027481,0.020463,0.014726,0.039564,0.026279,0.026572,0.014630,0.013746,0.007527,0.028088,0.026072,0.018387,0.011108,0.011656,-0.000129,-0.011203,-0.016260,-0.013822,-0.009963,-0.021259,-0.016810,0.005274,-0.002455,0.007225,0.007306,0.008906,0.007510,0.009297,0.015295,0.010746,-0.028569,-0.029573,-0.034506,0.014000,0.010776,0.003964,0.005229,0.002882,-0.003469,0.004550,0.010350,0.007486,-0.010775,-0.013067,-0.011264,-0.010909,-0.016160,-0.020500,-0.014904,-0.021704,-0.023225
2024-01-31,0.011801,0.012713,0.015104,0.013360,0.016577,0.021192,0.013331,0.019124,0.030016,0.013668,0.011371,0.012723,0.020827,0.028924,0.033276,0.048807,0.070790,0.077730,-0.004005,-0.009778,-0.007252,-0.015731,-0.022703,-0.019946,-0.010191,-0.022822,-0.021341,0.008341,0.009774,0.006893,0.019692,0.018577,0.016059,0.025721,0.019001,0.017503,0.018636,0.022000,0.023223,0.018268,0.018923,0.019845,0.003370,0.004038,-0.000107,-0.014781,-0.015934,-0.011894,-0.016296,-0.018882,-0.018763,-0.039627,-0.039713,-0.040952
2024-02-29,0.022181,0.016163,0.017120,0.020676,0.011024,0.014587,0.001564,-0.005648,-0.003139,0.019857,0.011595,0.007498,0.032106,0.028212,0.030893,0.136043,0.116529,0.137487,-0.029049,-0.033907,-0.033179,-0.039876,-0.046018,-0.046368,-0.021886,-0.023530,-0.039462,0.017087,0.012666,0.018872,0.008538,-0.001504,-0.000854,-0.004365,-0.019656,-0.023317,0.030037,0.036199,0.043697,0.031476,0.034611,0.034054,0.005709,-0.000853,-0.000036,-0.033152,-0.036699,-0.029003,-0.032657,-0.032028,-0.025643,-0.033710,-0.034001,-0.033781
2024-03-31,-0.014063,-0.019938,-0.020252,-0.005786,0.006067,-0.001646,-0.024194,-0.016267,-0.013850,-0.027033,-0.020416,-0.020141,-0.044472,-0.035157,-0.046657,-0.027185,-0.025657,-0.031113,0.004316,0.003184,-0.006416,-0.011660,-0.013223,-0.018902,0.000851,-0.001827,-0.014049,-0.018676,-0.014088,-0.016543,-0.008085,-0.002404,-0.012113,-0.034395,0.000666,-0.020317,-0.019872,-0.019888,-0.019582,-0.040151,-0.039217,-0.053406,-0.031969,-0.013834,-0.060659,0.011629,0.006295,0.004065,0.012364,0.009786,0.005430,0.006704,0.001838,-0.004108
2024-04-30,0.009206,0.010967,-0.010275,0.003647,0.006164,-0.002373,0.015286,0.022558,-0.003758,-0.001404,-0.008704,-0.001141,-0.010720,-0.007370,0.002157,-0.024421,-0.019124,-0.000005,0.032132,0.035776,0.027089,0.061336,0.057628,0.025403,0.089654,0.092227,0.047770,0.015972,0.012729,-0.001459,0.021102,0.023180,0.003607,0.022638,0.023315,0.044832,-0.000639,-0.003173,-0.010171,0.000881,-0.000315,-0.014880,-0.027298,-0.030805,-0.020060,0.048545,0.051375,0.034223,0.056931,0.057166,0.035430,0.070804,0.070337,0.042229
2024-05-31,-0.002292,-0.002386,-0.012046,0.001997,0.001997,-0.011154,0.021117,0.021117,0.022615,0.002435,0.002672,-0.012940,0.026209,0.026209,0.018735,0.029203,0.029203,0.023921,-0.004218,-0.004237,-0.010221,-0.004383,-0.004383,-0.017020,0.014460,0.013882,-0.001236,0.015204,0.015021,0.010374,0.004419,0.004288,-0.003753,-0.011693,-0.011726,-0.017883,0.002150,0.002197,-0.003601,0.002931,0.002683,-0.003856,-0.045021,-0.045021,-0.043385,0.019456,0.019149,0.015659,0.013511,0.013608,0.007741,0.023075,0.023075,0.007891
2024-06-30,-0.005643,-0.005643,-0.005088,0.000598,0.000598,0.000598,0.002996,0.002996,0.002996,-0.006423,-0.006423,-0.006201,-0.009123,-0.009123,-0.009123,-0.044957,-0.044957,-0.044957,0.007042,0.007042,0.007241,-0.003334,-0.003334,-0.003334,-0.048237,-0.048237,-0.046005,-0.008945,-0.008945,-0.009462,0.002296,0.002296,0.003135,0.000883,0.000883,0.002345,-0.015758,-0.015758,-0.016434,-0.020955,-0.020955,-0.020825,-0.051599,-0.051599,-0.051599,0.000498,0.000498,0.000106,-0.009162,-0.009162,-0.007950,-0.024762,-0.024762,-0.024762
2024-07-31,0.003290,0.001341,0.001341,-0.001822,-0.001822,-0.001822,-0.021014,-0.021014,-0.021014,0.001205,0.001718,0.001718,0.002522,0.002522,0.002522,0.013181,0.013181,0.013181,0.005952,0.004109,0.004109,0.038329,0.038329,0.038329,0.053479,0.053479,0.053479,-0.003538,-0.003538,-0.003538,0.002034,0.002034,0.002034,-0.014403,-0.014403,-0.014403,-0.001296,-0.001485,-0.001485,0.004934,0.004934,0.004934,0.038603,0.038603,0.038603,0.018954,0.017035,0.017035,0.028420,0.024832,0.024832,0.020240,0.013704,0.013704
2024-08-31,0.016925,0.015003,0.014819,0.027461,0.020916,0.020916,0.032344,0.021490,0.021490,0.030915,0.031281,0.032611,0.047967,0.046011,0.046011,0.048291,0.048598,0.048598,0.017834,0.012768,0.012291,0.017987,0.011132,0.011132,-0.003500,-0.009568,-0.009568,0.014405,0.013486,0.013486,0.022937,0.016075,0.016075,0.041622,0.033199,0.033199,-0.001988,-0.002445,-0.000250,0.018414,0.015855,0.015855,-0.019307,-0.019307,-0.019307,0.004792,0.000069,-0.000583,-0.018334,-0.022329,-0.022976,-0.005994,-0.012493,-0.013075
2024-09-30,0.003577,0.004395,0.002157,0.008060,0.010187,0.004246,-0.001806,0.004180,-0.009269,0.035039,0.032120,0.032706,0.020490,0.015658,0.017289,0.034992,0.033974,0.033161,-0.019845,-0.021536,-0.027322,-0.008834,-0.008116,-0.017076,-0.012316,-0.011106,-0.023126,0.005540,0.005609,0.003078,0.017495,0.014410,0.009092,0.010907,0.008744,0.003981,0.010615,0.010566,0.012580,0.018589,0.014086,0.009780,-0.002647,-0.007906,-0.007906,-0.022912,-0.022184,-0.022442,-0.016052,-0.018018,-0.020344,-0.025144,-0.024569,-0.036453
2024-10-31,0.002187,0.004345,0.001882,-0.008172,-0.007493,-0.011157,-0.029109,-0.028726,-0.033459,-0.016148,-0.014042,-0.013393,-0.003888,-0.002673,-0.002408,0.020904,0.020904,0.021857,0.003055,0.005556,-0.002994,-0.016252,-0.011042,-0.012432,-0.036763,-0.036763,-0.037367,-0.018961,-0.015809,-0.016095,-0.012131,-0.008140,-0.009009,0.005980,0.006591,0.001478,-0.035980,-0.033629,-0.034097,-0.037645,-0.032757,-0.032112,-0.028376,-0.026457,-0.023122,-0.012362,-0.010007,-0.013611,-0.026946,-0.024979,-0.027590,-0.046135,-0.046135,-0.047035
2024-11-30,0.017951,0.018461,0.019074,0.024122,0.024555,0.024975,-0.019295,-0.014889,-0.014515,0.007708,0.004884,0.005636,0.019686,0.020719,0.020352,0.011389,0.011389,0.011389,0.001030,0.002723,0.000916,0.011370,0.013048,0.010645,-0.026965,-0.027960,-0.027960,0.012226,0.014161,0.013857,0.001663,0.002699,0.002206,-0.018767,-0.019216,-0.020051,-0.003731,-0.007183,-0.006325,-0.002842,-0.000198,-0.000179,-0.020889,-0.019036,-0.018307,-0.004823,-0.003723,-0.003005,-0.031300,-0.024188,-0.023400,-0.048915,-0.036698,-0.036698
2024-12-31,0.022449,0.025269,0.023037,0.019767,0.018408,0.018341,0.002156,0.003832,0.006134,0.044956,0.044257,0.040753,0.045708,0.048909,0.047339,0.042132,0.042132,0.042132,0.032848,0.031663,0.030941,0.046931,0.043246,0.042835,0.070130,0.062525,0.066642,0.023990,0.021992,0.018596,0.034473,0.034299,0.030413,0.056542,0.056209,0.046397,0.019110,0.019591,0.014070,0.020401,0.023958,0.023508,0.012370,0.008121,0.011307,0.037109,0.031155,0.030837,0.018734,0.019053,0.015629,-0.001872,-0.006326,-0.006333
2025-01-31,0.009929,0.005257,0.004001,0.018519,0.009803,0.014426,0.024076,0.002766,0.000317,0.032715,0.027755,0.028363,0.046317,0.040200,0.034573,0.058809,0.039650,0.039650,-0.000637,-0.005560,-0.007172,0.024470,0.014324,0.011301,0.003335,-0.019423,-0.023495,0.020576,0.018782,0.027888,0.042791,0.040586,0.045254,0.043708,0.023342,0.021537,0.017767,0.014034,0.016672,0.045148,0.040983,0.039676,0.051521,0.046993,0.060008,-0.004719,-0.007209,-0.003403,-0.009662,-0.009214,-0.013737,-0.005240,-0.003540,0.002480
2025-02-28,-0.044177,-0.023420,-0.026537,-0.048259,-0.027432,-0.025747,0.016566,0.012299,0.015074,-0.026094,-0.016502,-0.016752,-0.039319,-0.005121,-0.000374,-0.042705,0.005229,0.024085,-0.018408,-0.010458,-0.014262,-0.028789,-0.028775,-0.034893,-0.043092,-0.048876,-0.041015,-0.023207,-0.014900,-0.021506,-0.032442,-0.027430,-0.035675,-0.038134,-0.034078,-0.041839,-0.027696,-0.005589,-0.004603,-0.035788,-0.002298,-0.009057,-0.058241,0.003174,-0.005831,-0.016950,-0.021335,-0.025530,-0.019657,-0.012986,-0.028547,-0.043977,-0.039705,-0.044950
2025-03-31,0.007558,-0.001007,-0.007220,-0.017766,-0.004148,-0.004559,-0.016805,-0.008732,-0.015105,-0.004081,-0.009727,-0.007146,-0.017459,-0.021518,-0.020113,-0.020471,-0.004280,0.016575,0.018380,0.007114,0.002652,0.006360,0.018270,0.006775,0.013203,0.030209,0.015694,0.012815,-0.001549,-0.000072,0.006471,-0.008976,-0.016449,0.005912,0.003782,0.007119,0.008814,0.017466,0.022404,0.026798,0.021784,0.027551,0.020628,0.068036,0.068294,-0.000438,0.005693,0.007659,0.001427,0.027262,0.035125,0.024801,0.054952,0.054434
2025-04-30,0.028228,0.031159,0.003965,0.039436,0.047106,0.020823,0.038553,0.050442,-0.007840,0.027632,0.029229,0.044630,0.018231,0.028399,0.035637,0.059967,0.055776,0.099396,0.029261,0.038112,0.012922,0.065342,0.069294,0.034111,0.049237,0.051680,0.019971,0.010831,0.013947,0.017296,0.013488,0.021815,0.019332,0.002014,0.009913,-0.057927,0.012141,0.016886,0.017670,0.012155,0.017608,0.056659,0.065047,0.061825,-0.003615,0.035887,0.039501,0.011601,0.057542,0.050767,0.001208,0.088193,0.087022,-0.035220
2025-05-31,-0.017325,-0.017605,-0.017140,-0.004660,-0.005364,-0.007409,-0.008953,-0.010203,-0.020004,-0.004184,-0.004184,-0.003794,-0.018118,-0.018118,-0.007446,0.025466,0.025466,0.038428,-0.036866,-0.036851,-0.042669,-0.027525,-0.027556,-0.020154,-0.037727,-0.038697,-0.045684,-0.017266,-0.016922,-0.016862,-0.031073,-0.031101,-0.024893,-0.035371,-0.035371,-0.021427,-0.025390,-0.025029,-0.026396,-0.013221,-0.013221,-0.013393,0.026000,0.026000,0.038104,-0.008209,-0.008209,-0.011433,0.009039,0.008738,0.004099,-0.029148,-0.029213,-0.030586
2025-06-30,-0.022757,-0.022757,-0.022920,-0.001533,-0.001533,-0.001966,0.030224,0.030224,0.029359,0.001327,0.001327,0.001327,0.024632,0.024632,0.024632,0.023714,0.023714,0.023714,-0.014429,-0.014429,-0.014227,-0.006897,-0.006897,-0.006895,0.021026,0.021026,0.019563,0.009917,0.009917,0.010167,0.011006,0.011006,0.010176,0.004769,0.004769,0.004769,-0.018020,-0.018020,-0.018381,0.021999,0.021999,0.021999,0.016750,0.016750,0.016750,-0.006680,-0.006680,-0.006680,-0.010026,-0.010026,-0.010974,0.006534,0.006534,0.006539
2025-07-31,0.007802,0.003004,0.003004,-0.005762,-0.005762,-0.005762,0.025860,0.025860,0.025860,-0.012801,-0.013767,-0.013767,-0.003241,-0.004119,-0.004119,0.022883,0.022883,0.022883,0.024608,0.018512,0.018512,0.004380,0.004380,0.004380,-0.015227,-0.015227,-0.015227,0.003190,0.007814,0.007814,0.020931,0.020931,0.020931,0.018894,0.018894,0.018894,-0.020728,-0.022364,-0.022364,-0.009459,-0.001944,-0.001944,-0.001423,-0.000361,-0.000361,0.026175,0.020630,0.020630,0.024416,0.015755,0.015755,0.033671,0.033671,0.033671
2025-08-31,0.017156,0.020326,0.023845,0.015682,0.018319,0.018319,-0.010387,-0.012713,-0.012713,0.017608,0.019840,0.020106,0.035127,0.037604,0.039183,-0.000488,-0.001564,-0.001564,0.032728,0.032986,0.036536,0.029985,0.022341,0.022341,0.036043,0.034302,0.034302,0.014643,0.012969,0.009723,0.026712,0.024212,0.024212,-0.007358,-0.010769,-0.010769,0.024376,0.025866,0.026397,0.035212,0.030438,0.025302,0.015426,0.014911,0.016173,-0.007507,-0.004056,0.000265,-0.000295,0.000807,0.007778,0.008205,0.008205,0.008205
2025-09-30,-0.004307,-0.011010,-0.010504,-0.008228,-0.006835,-0.011092,0.003570,0.010575,-0.003018,0.034324,0.034385,0.033129,0.054213,0.071139,0.064926,0.113431,0.117417,0.107663,-0.006605,-0.015179,-0.022002,-0.021079,-0.018312,-0.025174,0.002806,0.005858,0.002221,-0.004912,-0.004067,-0.005156,0.000138,0.003936,-0.002227,-0.018153,-0.036613,-0.048599,0.022639,0.021341,0.019036,0.049490,0.049813,0.038894,0.076444,0.105176,0.103413,0.012475,0.001480,0.001873,0.011128,0.015735,0.015601,0.016494,0.024854,0.024854
2025-10-31,-0.013341,-0.016050,-0.017457,-0.010526,-0.012350,-0.007465,0.057593,0.050092,0.063021,0.025640,0.023596,0.023543,0.045552,0.044629,0.049032,0.103143,0.103143,0.100217,0.017554,0.015776,0.020031,-0.014296,-0.015944,-0.010956,0.011913,0.011913,0.011350,-0.021282,-0.021282,-0.021361,-0.000177,-0.002176,0.001925,-0.021006,-0.026388,-0.021343,-0.006582,-0.009574,-0.010269,0.056990,0.056990,0.059293,0.035243,0.041978,0.051713,0.012946,0.011006,0.007891,-0.027668,-0.027389,-0.026039,-0.024475,-0.023222,-0.021725
2025-11-30,-0.012352,-0.013871,-0.014407,-0.012083,-0.012738,-0.012666,-0.029074,-0.031770,-0.030388,-0.024872,-0.025455,-0.026507,-0.016422,-0.017058,-0.018054,-0.043088,-0.043088,-0.043088,-0.032333,-0.033301,-0.030182,-0.032606,-0.033719,-0.033938,-0.046580,-0.044226,-0.044226,-0.006576,-0.005097,-0.005097,-0.001938,-0.004423,-0.005272,-0.005970,-0.009241,-0.009594,-0.011614,-0.011528,-0.015089,-0.024877,-0.023553,-0.023553,-0.027795,-0.027795,-0.026080,-0.043731,-0.044049,-0.045067,-0.058337,-0.057147,-0.056382,-0.057213,-0.053774,-0.051992
2025-12-31,-0.002930,-0.003997,-0.001525,0.009522,0.010116,0.019308,0.023032,0.023252,0.023303,-0.009946,-0.008668,-0.008539,-0.015030,-0.011031,-0.007200,-0.002811,-0.005305,-0.005305,-0.015544,-0.020588,-0.017604,-0.020463,-0.020463,-0.019693,-0.042515,-0.046040,-0.044908,-0.023221,-0.024121,-0.018374,-0.026988,-0.028677,-0.036404,0.003792,-0.001382,-0.020105,-0.010768,-0.011046,-0.019171,-0.002987,0.000495,0.001311,0.013939,0.013939,0.013939,-0.016606,-0.022116,-0.022687,-0.020904,-0.022932,-0.020844,-0.062647,-0.066804,-0.059812
2026-01-31,-0.020012,-0.021053,-0.025132,-0.046824,-0.041808,-0.035792,-0.031116,-0.022089,-0.014828,-0.039889,-0.035829,-0.039919,-0.009083,-0.009051,-0.023539,-0.024916,-0.018421,-0.037204,-0.061520,-0.060584,-0.054737,-0.086211,-0.093987,-0.093987,-0.140688,-0.140688,-0.135443,0.011634,0.001088,-0.008094,0.028180,0.016794,0.006436,0.046986,0.059280,0.061278,-0.003326,0.004316,-0.004803,0.020989,0.023261,0.018850,-0.027228,-0.014988,-0.014988,-0.081272,-0.079749,-0.073737,-0.101551,-0.105614,-0.098635,-0.122701,-0.122701,-0.116087
2026-02-28,-0.043889,-0.043117,-0.039146,-0.038773,-0.036329,-0.033686,-0.055812,-0.055603,-0.046861,-0.051338,-0.047153,-0.042713,-0.043811,-0.029587,-0.029558,-0.062318,-0.054620,-0.038980,-0.044457,-0.042675,-0.040907,-0.047681,-0.038217,-0.045841,-0.109137,-0.066053,-0.066053,0.006338,-0.000106,-0.005224,-0.024768,-0.015751,-0.017334,-0.033735,-0.038250,-0.022781,-0.020962,-0.020914,-0.012728,-0.039451,-0.023256,-0.018292,-0.090006,-0.089623,-0.074807,-0.077670,-0.079594,-0.078025,-0.058242,-0.069701,-0.073579,-0.067797,-0.057182,-0.057182
2026-03-31,0.012617,0.019692,0.021937,0.016404,0.023176,0.023146,0.032648,0.031728,0.042633,-0.003357,-0.009786,-0.010954,-0.012539,-0.023433,-0.021441,0.006308,0.028115,0.027821,0.012868,0.030809,0.035458,0.016051,0.016989,0.026555,0.004524,0.005287,0.029211,0.000270,0.006586,0.006296,0.004168,0.014849,0.018594,0.020226,0.019243,0.024738,-0.009424,-0.023807,-0.025342,0.003427,-0.006904,-0.004170,0.024723,0.006794,0.006740,0.018675,0.027121,0.027982,0.024585,0.020972,0.022919,0.001740,0.019289,0.027770
2026-04-30,-0.052535,-0.047101,-0.036173,-0.072008,-0.059135,-0.035087,-0.011365,-0.000071,0.048135,-0.005535,-0.008609,0.025263,-0.025546,-0.032004,0.021425,-0.007192,-0.011506,0.017624,-0.020131,-0.025682,0.018456,0.010460,-0.003671,-0.005342,0.011897,-0.004529,0.069817,-0.081277,-0.071697,-0.023035,-0.047260,-0.043161,0.009122,-0.067667,-0.062742,0.034762,-0.013020,-0.015678,0.027938,0.024750,0.011064,0.049134,-0.017564,-0.023378,0.031142,0.020358,0.014128,0.029825,-0.002062,-0.001588,0.035352,-0.092791,-0.080073,-0.016193
2026-05-31,-0.030225,-0.029952,-0.026138,-0.030251,-0.029717,-0.018465,0.023527,0.025162,0.036654,0.048604,0.048715,0.046883,0.026719,0.026938,0.027230,0.050445,0.050445,0.053309,-0.007609,-0.004564,0.007961,0.010916,0.012281,0.019215,-0.026602,-0.025880,-0.015081,-0.084685,-0.085658,-0.079672,-0.037853,-0.040699,-0.040245,-0.023870,-0.023870,-0.011875,0.005905,0.004009,0.003960,0.028082,0.028507,0.035671,0.055799,0.055799,0.059508,0.036655,0.038192,0.039836,-0.009783,-0.007281,-0.002328,-0.076388,-0.075481,-0.058587
2026-06-30,-0.002104,-0.002104,-0.001683,0.004611,0.004611,0.005627,0.023719,0.023719,0.025444,-0.026794,-0.026794,-0.026995,-0.008683,-0.008683,-0.009061,-0.001765,-0.001765,-0.001765,0.014484,0.014484,0.019845,0.022907,0.022907,0.024408,-0.026319,-0.026319,-0.025404,0.030233,0.030233,0.027008,-0.000948,-0.000948,-0.007454,0.025713,0.025713,0.025713,-0.021786,-0.021786,-0.026001,0.015685,0.015685,0.015837,-0.043914,-0.043914,-0.043914,-0.052927,-0.052927,-0.051804,-0.035293,-0.035293,-0.032682,-0.026499,-0.026499,-0.024284
2026-07-31,0.025863,0.027992,0.027992,0.053558,0.053558,0.053558,0.038248,0.038248,0.038248,-0.013243,-0.010722,-0.010722,0.002155,0.006050,0.006050,-0.037153,-0.037153,-0.037153,0.006959,0.006959,0.006959,-0.030685,-0.030685,-0.030685,-0.010468,-0.010468,-0.010468,-0.014117,-0.008576,-0.008576,-0.014095,-0.014095,-0.014095,-0.044019,-0.044019,-0.044019,-0.012491,-0.006401,-0.006401,-0.063031,-0.051018,-0.051018,-0.058550,-0.045933,-0.045933,0.044459,0.040485,0.040485,0.007294,0.001823,0.001823,0.062311,0.062311,0.062311
2026-08-31,-0.023678,-0.027063,-0.025997,-0.026297,-0.027397,-0.027397,-0.018304,-0.018304,-0.018304,0.010474,0.005456,0.005686,0.003852,-0.002163,-0.000437,0.008838,0.008838,0.008838,0.010777,0.012714,0.012714,0.004726,0.005401,0.005401,-0.021104,-0.021104,-0.021104,-0.014968,-0.021051,-0.020675,-0.018365,-0.018099,-0.018099,-0.029035,-0.026841,-0.026841,0.004501,-0.002552,-0.002856,0.003317,-0.001558,-0.001562,0.026319,0.026387,0.027085,-0.013662,-0.010613,-0.009062,-0.032098,-0.029078,-0.025248,-0.031861,-0.035811,-0.035811
2026-09-30,0.007879,0.008767,0.008901,-0.003138,-0.001862,0.000326,0.012044,0.015866,0.015866,0.002068,0.002896,0.003060,-0.007601,-0.007779,-0.009677,-0.024016,-0.024016,-0.024016,-0.023470,-0.021620,-0.016788,-0.008427,-0.006676,-0.006835,-0.030936,-0.030936,-0.030936,-0.015715,-0.014478,-0.013692,-0.031566,-0.029014,-0.028171,-0.019698,-0.015831,-0.014582,-0.002008,-0.001556,-0.001011,0.016857,0.016846,0.021405,-0.003670,-0.003670,-0.000470,-0.006914,-0.006058,-0.005681,-0.029143,-0.026788,-0.025487,-0.053409,-0.048495,-0.038907
